{
  "nav": 10120.807965003232,
  "peak_nav": 10120.807965003232,
  "invested": 1.0,
  "risk_on": true,
  "cash_dollars": -1.819529365863044e-12,
  "invested_dollars": 10120.807965003234,
  "shares": {
    "SNDK": 0.3139555752712143,
    "WDC": 0.9099381565525025,
    "MU": 0.5139995006657817,
    "STX": 0.5595247854846864,
    "LITE": 0.5957794073923524,
    "CIEN": 1.2208572543935132,
    "INTC": 4.732110132216721,
    "DELL": 1.2346925808164406,
    "ECHO": 5.265945417388412,
    "FIX": 0.2813635086654761,
    "VRT": 1.6387553333366143,
    "GNRC": 2.314368524597285,
    "NUE": 2.1397984799791843,
    "CAT": 0.560694198037672,
    "GEV": 0.4625475958682259,
    "STLD": 2.1368661779347455,
    "MRNA": 8.364079790098161,
    "JBHT": 1.7015651039492337,
    "APA": 13.950265379230482,
    "PWR": 0.780664877145492
  },
  "entry_prices": {
    "SNDK": 1590.9894244384764,
    "WDC": 548.9384046630859,
    "MU": 971.7908273315429,
    "STX": 892.7218471069335,
    "LITE": 838.3975575561523,
    "CIEN": 409.1387409973144,
    "INTC": 105.55544694519041,
    "DELL": 404.55414389038083,
    "ECHO": 94.8547621383667,
    "FIX": 1775.2835197753905,
    "VRT": 304.80449999999996,
    "GNRC": 215.8256106109619,
    "NUE": 233.43319694519042,
    "CAT": 890.8599406738281,
    "GEV": 1079.8888686523437,
    "STLD": 233.75352427673337,
    "MRNA": 59.719659847259514,
    "JBHT": 293.5532697753906,
    "APA": 35.80577045822143,
    "PWR": 639.8392122192382
  },
  "target_weights": {
    "SNDK": 0.05,
    "WDC": 0.05,
    "MU": 0.05,
    "STX": 0.05,
    "LITE": 0.05,
    "CIEN": 0.05,
    "INTC": 0.05,
    "DELL": 0.05,
    "ECHO": 0.05,
    "FIX": 0.05,
    "VRT": 0.05,
    "GNRC": 0.05,
    "NUE": 0.05,
    "CAT": 0.05,
    "GEV": 0.05,
    "STLD": 0.05,
    "MRNA": 0.05,
    "JBHT": 0.05,
    "APA": 0.05,
    "PWR": 0.05
  },
  "last_prices": {
    "SNDK": 1684.4599609375,
    "WDC": 572.72998046875,
    "MU": 1001.9849853515625,
    "STX": 932.4400024414062,
    "LITE": 845.6199951171875,
    "CIEN": 408.8299865722656,
    "INTC": 101.87999725341797,
    "DELL": 445.57000732421875,
    "ECHO": 91.12999725341797,
    "FIX": 1853.3851318359375,
    "VRT": 305.5,
    "GNRC": 210.16000366210938,
    "NUE": 242.02000427246094,
    "CAT": 907.1799926757812,
    "GEV": 1022.505126953125,
    "STLD": 240.97999572753906,
    "MRNA": 57.2599983215332,
    "JBHT": 289.6549987792969,
    "APA": 36.869998931884766,
    "PWR": 650.1375122070312
  },
  "last_date": "2026-07-23",
  "last_selection_asof": "2026-06-01",
  "trading_cost": 10.000000000000002,
  "last_rebalance_date": "2026-07-21"
}