{
  "invested": 0.38922033835265724,
  "cooldown": 0,
  "consec_vix_fall": 0,
  "consec_rvol_fall": 0,
  "invested_dollars": 3890.688458808699,
  "cash_dollars": 6105.419337807775,
  "nav": 9996.107796616474,
  "last_date": "2026-06-12",
  "trading_cost": 3.8922033835265726,
  "entry_prices": {
    "GE": 335.6352877807617,
    "GS": 1063.8127499999998,
    "GOOGL": 360.039672668457,
    "AVGO": 382.4520773315429,
    "IBM": 272.51223022460937,
    "JPM": 321.0407212219238,
    "JNJ": 241.11086511230465
  },
  "shares": {
    "GE": 1.6560017888695013,
    "GS": 0.5224722461473331,
    "GOOGL": 1.5437538670481241,
    "AVGO": 1.4532870127172672,
    "IBM": 2.039587861853249,
    "JPM": 1.7312839158134654,
    "JNJ": 2.3052160536763235
  },
  "last_prices": {
    "GE": 335.29998779296875,
    "GS": 1062.75,
    "GOOGL": 359.67999267578125,
    "AVGO": 382.07000732421875,
    "IBM": 272.239990234375,
    "JPM": 320.7200012207031,
    "JNJ": 240.8699951171875
  }
}
