{
  "invested": 0.38922033835265724,
  "cooldown": 0,
  "consec_vix_fall": 1,
  "consec_rvol_fall": 0,
  "invested_dollars": 3904.970609599082,
  "cash_dollars": 6127.831443157323,
  "nav": 10032.802052756404,
  "last_date": "2026-06-15",
  "trading_cost": 3.913751601726055,
  "entry_prices": {
    "GE": 335.6352877807617,
    "GS": 1063.8127499999998,
    "GOOGL": 360.039672668457,
    "AVGO": 382.4520773315429,
    "IBM": 272.51223022460937,
    "JPM": 321.0407212219238,
    "JNJ": 241.11086511230465
  },
  "shares": {
    "GE": 1.6560017888695013,
    "GS": 0.5224722461473331,
    "GOOGL": 1.5437538670481241,
    "AVGO": 1.4532870127172672,
    "IBM": 2.039587861853249,
    "JPM": 1.7312839158134654,
    "JNJ": 2.3052160536763235
  },
  "last_prices": {
    "GE": 344.32989501953125,
    "GS": 1078.5799560546875,
    "GOOGL": 371.68499755859375,
    "AVGO": 394.0799865722656,
    "IBM": 266.9150085449219,
    "JPM": 320.1449890136719,
    "JNJ": 236.24000549316406
  }
}