{
  "invested": 0.3768883747881339,
  "cooldown": 0,
  "consec_vix_fall": 0,
  "consec_rvol_fall": 0,
  "invested_dollars": 3830.6028048887556,
  "cash_dollars": 6333.156708898613,
  "nav": 10163.759513787369,
  "last_date": "2026-07-08",
  "trading_cost": 4.607827411844943,
  "entry_prices": {
    "GE": 337.21713717320745,
    "GS": 1062.6363957098986,
    "GOOGL": 360.37627224666124,
    "AVGO": 381.9468967372518,
    "IBM": 274.255258454792,
    "JPM": 321.9445237133571,
    "JNJ": 242.46156364982184
  },
  "shares": {
    "GE": 1.5675363263092195,
    "GS": 0.4945611960258918,
    "GOOGL": 1.46128481366572,
    "AVGO": 1.3756507995941822,
    "IBM": 1.9306308034467121,
    "JPM": 1.63879679806695,
    "JNJ": 2.1820688409978395
  },
  "last_prices": {
    "GE": 356.0299987792969,
    "GS": 1029.6400146484375,
    "GOOGL": 361.9200134277344,
    "AVGO": 388.69000244140625,
    "IBM": 302.04998779296875,
    "JPM": 330.6199951171875,
    "JNJ": 263.3999938964844
  },
  "per_stock_v2": true
}