{
  "invested": 0.37259557453840325,
  "cooldown": 0,
  "consec_vix_fall": 2,
  "consec_rvol_fall": 0,
  "invested_dollars": 3759.499549306646,
  "cash_dollars": 6330.527832162309,
  "nav": 10090.027381468955,
  "last_date": "2026-06-29",
  "trading_cost": 4.204204791651556,
  "entry_prices": {
    "GE": 335.6352877807617,
    "GS": 1063.8127499999998,
    "GOOGL": 360.039672668457,
    "AVGO": 382.4520773315429,
    "IBM": 272.51223022460937,
    "JPM": 321.0407212219238,
    "JNJ": 241.11086511230465
  },
  "shares": {
    "GE": 1.6560017888695013,
    "GS": 0.5224722461473331,
    "GOOGL": 1.5437538670481241,
    "AVGO": 1.4532870127172672,
    "IBM": 2.039587861853249,
    "JPM": 1.7312839158134654,
    "JNJ": 2.3052160536763235
  },
  "last_prices": {
    "GE": 373.30499267578125,
    "GS": 1022.5250244140625,
    "GOOGL": 352.989990234375,
    "AVGO": 375.57000732421875,
    "IBM": 276.3599853515625,
    "JPM": 330.614990234375,
    "JNJ": 256.3299865722656
  }
}