{
  "invested": 0.35900233959612515,
  "cooldown": 0,
  "consec_vix_fall": 3,
  "consec_rvol_fall": 0,
  "invested_dollars": 3623.8444476140658,
  "cash_dollars": 6470.363995960041,
  "nav": 10094.208443574107,
  "last_date": "2026-06-30",
  "trading_cost": 4.343190514254359,
  "entry_prices": {
    "GE": 335.6352877807617,
    "GS": 1063.8127499999998,
    "GOOGL": 360.039672668457,
    "AVGO": 382.4520773315429,
    "IBM": 272.51223022460937,
    "JPM": 321.0407212219238,
    "JNJ": 241.11086511230465
  },
  "shares": {
    "GE": 1.5102065485775233,
    "GS": 0.47647352369127743,
    "GOOGL": 1.407840990920375,
    "AVGO": 1.3253388844866993,
    "IBM": 1.8600215084747929,
    "JPM": 1.5788607987515118,
    "JNJ": 2.1022636591018578
  },
  "last_prices": {
    "GE": 373.7300109863281,
    "GS": 1011.3699951171875,
    "GOOGL": 357.3699951171875,
    "AVGO": 377.75,
    "IBM": 281.2099914550781,
    "JPM": 327.3299865722656,
    "JNJ": 253.97000122070312
  },
  "per_stock_v2": true
}