{
  "invested": 0.38922033835265724,
  "cooldown": 0,
  "consec_vix_fall": 0,
  "consec_rvol_fall": 0,
  "invested_dollars": 38.92203383526572,
  "cash_dollars": 61.07796616473428,
  "nav": 100.0,
  "last_date": "2026-06-12"
}