{
  "invested": 0.34205383423621777,
  "cooldown": 0,
  "consec_vix_fall": 0,
  "consec_rvol_fall": 0,
  "invested_dollars": 3419.368334107021,
  "cash_dollars": 6577.211127550617,
  "nav": 9996.579461657639,
  "trading_cost": 3.420538342362178,
  "last_date": "2026-07-02",
  "entry_prices": {
    "GE": 377.8975090026855,
    "GS": 1022.0209999999998,
    "GOOGL": 360.26991366577147,
    "AVGO": 360.8104622192382,
    "IBM": 289.8095090026855,
    "JPM": 334.8044712219238,
    "JNJ": 263.3030485534668
  },
  "shares": {
    "GE": 1.2926287656033368,
    "GS": 0.47795611889258377,
    "GOOGL": 1.3558756145257513,
    "AVGO": 1.3538443081229248,
    "IBM": 1.6855250618508546,
    "JPM": 1.4590043818827303,
    "JNJ": 1.8552052217789852
  },
  "last_prices": {
    "GE": 377.8975090026855,
    "GS": 1022.0209999999998,
    "GOOGL": 360.26991366577147,
    "AVGO": 360.8104622192382,
    "IBM": 289.8095090026855,
    "JPM": 334.8044712219238,
    "JNJ": 263.3030485534668
  },
  "per_stock_v2": true,
  "trim_date": null
}