{
  "invested": 0.3811693400728794,
  "cooldown": 0,
  "consec_vix_fall": 0,
  "consec_rvol_fall": 0,
  "invested_dollars": 3822.086005117957,
  "cash_dollars": 6205.179053470376,
  "nav": 10027.265058588333,
  "trading_cost": 3.868572827563741,
  "last_date": "2026-07-08",
  "entry_prices": {
    "GE": 376.255821755812,
    "GS": 1023.6878247301161,
    "GOOGL": 360.77264314224243,
    "AVGO": 362.6514425219205,
    "IBM": 291.38001028056806,
    "JPM": 334.9054489200724,
    "JNJ": 263.5584915188096
  },
  "shares": {
    "GE": 1.432276096641215,
    "GS": 0.5295914361102217,
    "GOOGL": 1.502355729951225,
    "AVGO": 1.500104974217528,
    "IBM": 1.867618391775369,
    "JPM": 1.6166258686731727,
    "JNJ": 2.0556297091824094
  },
  "last_prices": {
    "GE": 356.0299987792969,
    "GS": 1029.6400146484375,
    "GOOGL": 361.9200134277344,
    "AVGO": 388.69000244140625,
    "IBM": 302.04998779296875,
    "JPM": 330.6199951171875,
    "JNJ": 263.3999938964844
  },
  "per_stock_v2": true,
  "trim_date": null
}