{
  "invested": 0.5390353701006732,
  "cooldown": 0,
  "consec_vix_fall": 2,
  "consec_rvol_fall": 0,
  "invested_dollars": 5352.205424774925,
  "cash_dollars": 4577.023196670302,
  "nav": 9929.228621445227,
  "last_date": "2026-07-21",
  "trading_cost": 6.4003287079256515,
  "entry_prices": {
    "GE": 342.1033317410372,
    "GS": 1069.8184636315536,
    "GOOGL": 359.20748054626256,
    "AVGO": 382.72063448148464,
    "IBM": 262.50326570693704,
    "JPM": 328.05270333939245,
    "JNJ": 246.0932374876838
  },
  "shares": {
    "GE": 2.3119226328586833,
    "GS": 0.7294167307229406,
    "GOOGL": 2.155214764126639,
    "AVGO": 2.0289151613986616,
    "IBM": 2.847442177427481,
    "JPM": 2.4170230345015518,
    "JNJ": 3.218282253041367
  },
  "last_prices": {
    "GE": 340.70001220703125,
    "GS": 1085.56005859375,
    "GOOGL": 347.1499938964844,
    "AVGO": 386.5,
    "IBM": 210.5,
    "JPM": 345.2300109863281,
    "JNJ": 250.61000061035156
  },
  "per_stock_v2": true
}