{
  "invested": 0.5390353701006732,
  "cooldown": 0,
  "consec_vix_fall": 1,
  "consec_rvol_fall": 7,
  "invested_dollars": 5345.096510295747,
  "cash_dollars": 4570.943895916313,
  "nav": 9916.04040621206,
  "last_date": "2026-07-20",
  "trading_cost": 6.394923487807631,
  "entry_prices": {
    "GE": 342.1033317410372,
    "GS": 1069.8184636315536,
    "GOOGL": 359.20748054626256,
    "AVGO": 382.72063448148464,
    "IBM": 262.50326570693704,
    "JPM": 328.05270333939245,
    "JNJ": 246.0932374876838
  },
  "shares": {
    "GE": 2.3142587141117494,
    "GS": 0.7301537695520504,
    "GOOGL": 2.157392499979582,
    "AVGO": 2.0309652778710903,
    "IBM": 2.8503193741793695,
    "JPM": 2.419465314411302,
    "JNJ": 3.2215341649918585
  },
  "last_prices": {
    "GE": 345.2250061035156,
    "GS": 1060.3199462890625,
    "GOOGL": 357.82000732421875,
    "AVGO": 379.42999267578125,
    "IBM": 210.8000030517578,
    "JPM": 339.42999267578125,
    "JNJ": 250.5968017578125
  },
  "per_stock_v2": true
}