{
  "invested": 0.581063536694564,
  "cooldown": 0,
  "consec_vix_fall": 0,
  "consec_rvol_fall": 0,
  "invested_dollars": 5688.370091258801,
  "cash_dollars": 4101.213546388888,
  "nav": 9789.58363764769,
  "trading_cost": 6.0418993701563455,
  "last_date": "2026-07-23",
  "entry_prices": {
    "GE": 366.541424409495,
    "GS": 1047.5822235335743,
    "GOOGL": 358.09253318821544,
    "AVGO": 371.569504461261,
    "IBM": 269.08048403142783,
    "JPM": 337.5250387940315,
    "JNJ": 259.67776774651554
  },
  "shares": {
    "GE": 2.2507381086133496,
    "GS": 0.8322219647760674,
    "GOOGL": 2.360864153234481,
    "AVGO": 2.357327222251069,
    "IBM": 2.934853061203452,
    "JPM": 2.5404329923020006,
    "JNJ": 3.230301849276488
  },
  "last_prices": {
    "GE": 349.3500061035156,
    "GS": 1077.1624755859375,
    "GOOGL": 320.8500061035156,
    "AVGO": 391.42999267578125,
    "IBM": 206.77000427246094,
    "JPM": 348.19000244140625,
    "JNJ": 258.19000244140625
  },
  "per_stock_v2": true,
  "trim_date": null
}