{
  "invested": 0.5803851410106913,
  "cooldown": 0,
  "consec_vix_fall": 0,
  "consec_rvol_fall": 0,
  "invested_dollars": 5752.722866911444,
  "cash_dollars": 4159.182970122162,
  "nav": 9911.905837033606,
  "last_date": "2026-07-23",
  "trading_cost": 6.819292675385561,
  "entry_prices": {
    "GE": 342.0641674489797,
    "GS": 1071.780788738028,
    "GOOGL": 357.8949458119465,
    "AVGO": 383.71719804737165,
    "IBM": 258.41146504694524,
    "JPM": 329.50747162333835,
    "JNJ": 246.79265758286107
  },
  "shares": {
    "GE": 2.491850434567917,
    "GS": 0.7861843521924506,
    "GOOGL": 2.3229466117279136,
    "AVGO": 2.1868176100604506,
    "IBM": 3.069047348896901,
    "JPM": 2.6051303851098666,
    "JNJ": 3.468748442021735
  },
  "last_prices": {
    "GE": 348.6400146484375,
    "GS": 1074.0,
    "GOOGL": 320.79998779296875,
    "AVGO": 391.0299987792969,
    "IBM": 207.0800018310547,
    "JPM": 348.010009765625,
    "JNJ": 258.635009765625
  },
  "per_stock_v2": true
}