{
  "invested": 0.38922033835265724,
  "cooldown": 0,
  "consec_vix_fall": 0,
  "consec_rvol_fall": 0,
  "invested_dollars": 3892.2033835265724,
  "cash_dollars": 6107.796616473428,
  "nav": 10000.0,
  "last_date": "2026-06-12",
  "entry_prices": {
    "GE": 335.29998779296875,
    "GS": 1062.75,
    "GOOGL": 359.67999267578125,
    "AVGO": 382.07000732421875,
    "IBM": 272.239990234375,
    "JPM": 320.7200012207031,
    "JNJ": 240.8699951171875
  },
  "shares": {
    "GE": 1.6587775568935767,
    "GS": 0.5235789850960009,
    "GOOGL": 1.546164431865755,
    "AVGO": 1.4554975918213297,
    "IBM": 2.0432751108950813,
    "JPM": 1.7333339160341533,
    "JNJ": 2.309524245538134
  },
  "last_prices": {
    "GE": 335.29998779296875,
    "GS": 1062.75,
    "GOOGL": 359.67999267578125,
    "AVGO": 382.07000732421875,
    "IBM": 272.239990234375,
    "JPM": 320.7200012207031,
    "JNJ": 240.8699951171875
  }
}
