{
  "invested": 0.5401660295737942,
  "cooldown": 0,
  "consec_vix_fall": 2,
  "consec_rvol_fall": 0,
  "invested_dollars": 5297.878278665153,
  "cash_dollars": 4509.99187349033,
  "nav": 9807.870152155483,
  "trading_cost": 5.632011636937295,
  "last_date": "2026-07-21",
  "entry_prices": {
    "GE": 368.4577307999736,
    "GS": 1043.7754032720604,
    "GOOGL": 359.40983220448567,
    "AVGO": 369.6503866912459,
    "IBM": 273.94516504383745,
    "JPM": 336.7034162608981,
    "JNJ": 259.9786079907577
  },
  "shares": {
    "GE": 2.0900102150190594,
    "GS": 0.7727920013834061,
    "GOOGL": 2.1922720274071787,
    "AVGO": 2.1889876728850512,
    "IBM": 2.7252717026567654,
    "JPM": 2.359017641441078,
    "JNJ": 2.999622140286346
  },
  "last_prices": {
    "GE": 340.70001220703125,
    "GS": 1085.56005859375,
    "GOOGL": 347.1499938964844,
    "AVGO": 386.5,
    "IBM": 210.5,
    "JPM": 345.2300109863281,
    "JNJ": 250.61000061035156
  },
  "per_stock_v2": true,
  "trim_date": null
}