{
  "invested": 0.47538753129468614,
  "cooldown": 0,
  "consec_vix_fall": 2,
  "consec_rvol_fall": 4,
  "invested_dollars": 4783.693838475712,
  "cash_dollars": 5279.030830485719,
  "nav": 10062.724668961431,
  "last_date": "2026-07-15",
  "trading_cost": 5.684963321237311,
  "entry_prices": {
    "GE": 341.44048202360904,
    "GS": 1069.031939926754,
    "GOOGL": 360.0943705625669,
    "AVGO": 383.88463703055214,
    "IBM": 269.84161169918247,
    "JPM": 326.02846088515275,
    "JNJ": 245.33517895300156
  },
  "shares": {
    "GE": 2.0076923331771273,
    "GS": 0.6334313947836537,
    "GOOGL": 1.8716059511631988,
    "AVGO": 1.7619263535519512,
    "IBM": 2.47274184158903,
    "JPM": 2.0989623729237907,
    "JNJ": 2.7947823658102977
  },
  "last_prices": {
    "GE": 358.4750061035156,
    "GS": 1134.47998046875,
    "GOOGL": 367.2099914550781,
    "AVGO": 390.19000244140625,
    "IBM": 215.60499572753906,
    "JPM": 348.0799865722656,
    "JNJ": 252.9250030517578
  },
  "per_stock_v2": true
}