date,n_sectors_winning,n_sectors_declining,n_long_candidates,n_short_candidates,n_long_used,n_short_used,long_frac,short_frac,gross,state,turnover_long,turnover_short,longs,shorts
2004-01-02,6,3,0,0,0,0,0.0,0.0,0.0,flat,0.0,0.0,,
2004-01-09,6,3,0,0,0,0,0.0,0.0,0.0,flat,0.0,0.0,,
2004-01-16,5,4,0,0,0,0,0.0,0.0,0.0,flat,0.0,0.0,,
2004-01-23,4,5,0,0,0,0,0.0,0.0,0.0,flat,0.0,0.0,,
2004-01-30,4,5,0,0,0,0,0.0,0.0,0.0,flat,0.0,0.0,,
2004-02-06,4,5,0,0,0,0,0.0,0.0,0.0,flat,0.0,0.0,,
2004-02-13,4,5,0,0,0,0,0.0,0.0,0.0,flat,0.0,0.0,,
2004-02-20,3,6,0,0,0,0,0.0,0.0,0.0,flat,0.0,0.0,,
2004-02-27,2,7,0,0,0,0,0.0,0.0,0.0,flat,0.0,0.0,,
2004-03-05,2,7,0,0,0,0,0.0,0.0,0.0,flat,0.0,0.0,,
2004-03-12,3,6,0,0,0,0,0.0,0.0,0.0,flat,0.0,0.0,,
2004-03-19,5,4,0,0,0,0,0.0,0.0,0.0,flat,0.0,0.0,,
2004-03-26,5,4,0,0,0,0,0.0,0.0,0.0,flat,0.0,0.0,,
2004-04-02,5,4,0,0,0,0,0.0,0.0,0.0,flat,0.0,0.0,,
2004-04-09,5,4,0,0,0,0,0.0,0.0,0.0,flat,0.0,0.0,,
2004-04-16,5,4,0,0,0,0,0.0,0.0,0.0,flat,0.0,0.0,,
2004-04-23,5,4,0,0,0,0,0.0,0.0,0.0,flat,0.0,0.0,,
2004-04-30,5,4,0,0,0,0,0.0,0.0,0.0,flat,0.0,0.0,,
2004-05-07,5,4,0,0,0,0,0.0,0.0,0.0,flat,0.0,0.0,,
2004-05-14,4,5,0,0,0,0,0.0,0.0,0.0,flat,0.0,0.0,,
2004-05-21,4,5,0,0,0,0,0.0,0.0,0.0,flat,0.0,0.0,,
2004-05-28,4,5,0,0,0,0,0.0,0.0,0.0,flat,0.0,0.0,,
2004-06-04,4,5,0,0,0,0,0.0,0.0,0.0,flat,0.0,0.0,,
2004-06-11,4,5,0,0,0,0,0.0,0.0,0.0,flat,0.0,0.0,,
2004-06-18,4,5,0,0,0,0,0.0,0.0,0.0,flat,0.0,0.0,,
2004-06-25,4,5,0,0,0,0,0.0,0.0,0.0,flat,0.0,0.0,,
2004-07-02,4,5,0,0,0,0,0.0,0.0,0.0,flat,0.0,0.0,,
2004-07-09,3,6,0,0,0,0,0.0,0.0,0.0,flat,0.0,0.0,,
2004-07-16,3,6,0,0,0,0,0.0,0.0,0.0,flat,0.0,0.0,,
2004-07-23,4,5,0,0,0,0,0.0,0.0,0.0,flat,0.0,0.0,,
2004-07-30,3,6,0,0,0,0,0.0,0.0,0.0,flat,0.0,0.0,,
2004-08-06,2,7,0,0,0,0,0.0,0.0,0.0,flat,0.0,0.0,,
2004-08-13,3,6,0,0,0,0,0.0,0.0,0.0,flat,0.0,0.0,,
2004-08-20,3,6,0,0,0,0,0.0,0.0,0.0,flat,0.0,0.0,,
2004-08-27,4,5,0,0,0,0,0.0,0.0,0.0,flat,0.0,0.0,,
2004-09-03,4,5,0,0,0,0,0.0,0.0,0.0,flat,0.0,0.0,,
2004-09-10,4,5,0,0,0,0,0.0,0.0,0.0,flat,0.0,0.0,,
2004-09-17,4,5,0,0,0,0,0.0,0.0,0.0,flat,0.0,0.0,,
2004-09-24,3,6,0,0,0,0,0.0,0.0,0.0,flat,0.0,0.0,,
2004-10-01,3,6,0,0,0,0,0.0,0.0,0.0,flat,0.0,0.0,,
2004-10-08,4,5,0,0,0,0,0.0,0.0,0.0,flat,0.0,0.0,,
2004-10-15,5,4,0,0,0,0,0.0,0.0,0.0,flat,0.0,0.0,,
2004-10-22,5,4,0,0,0,0,0.0,0.0,0.0,flat,0.0,0.0,,
2004-10-29,5,4,0,0,0,0,0.0,0.0,0.0,flat,0.0,0.0,,
2004-11-05,4,5,0,0,0,0,0.0,0.0,0.0,flat,0.0,0.0,,
2004-11-12,4,5,0,0,0,0,0.0,0.0,0.0,flat,0.0,0.0,,
2004-11-19,3,6,0,0,0,0,0.0,0.0,0.0,flat,0.0,0.0,,
2004-11-26,3,6,0,0,0,0,0.0,0.0,0.0,flat,0.0,0.0,,
2004-12-03,3,6,0,0,0,0,0.0,0.0,0.0,flat,0.0,0.0,,
2004-12-10,3,6,0,0,0,0,0.0,0.0,0.0,flat,0.0,0.0,,
2004-12-17,3,6,0,0,0,0,0.0,0.0,0.0,flat,0.0,0.0,,
2004-12-24,3,6,0,0,0,0,0.0,0.0,0.0,flat,0.0,0.0,,
2004-12-31,3,6,0,0,0,0,0.0,0.0,0.0,flat,0.0,0.0,,
2005-01-07,3,6,0,0,0,0,0.0,0.0,0.0,flat,0.0,0.0,,
2005-01-14,4,5,0,0,0,0,0.0,0.0,0.0,flat,0.0,0.0,,
2005-01-21,4,5,0,0,0,0,0.0,0.0,0.0,flat,0.0,0.0,,
2005-01-28,4,5,0,0,0,0,0.0,0.0,0.0,flat,0.0,0.0,,
2005-02-04,4,5,0,0,0,0,0.0,0.0,0.0,flat,0.0,0.0,,
2005-02-11,5,4,0,0,0,0,0.0,0.0,0.0,flat,0.0,0.0,,
2005-02-18,5,4,0,0,0,0,0.0,0.0,0.0,flat,0.0,0.0,,
2005-02-25,3,6,0,0,0,0,0.0,0.0,0.0,flat,0.0,0.0,,
2005-03-04,3,6,0,0,0,0,0.0,0.0,0.0,flat,0.0,0.0,,
2005-03-11,4,5,0,0,0,0,0.0,0.0,0.0,flat,0.0,0.0,,
2005-03-18,5,4,0,0,0,0,0.0,0.0,0.0,flat,0.0,0.0,,
2005-03-25,4,5,0,0,0,0,0.0,0.0,0.0,flat,0.0,0.0,,
2005-04-01,4,5,0,0,0,0,0.0,0.0,0.0,flat,0.0,0.0,,
2005-04-08,4,5,0,0,0,0,0.0,0.0,0.0,flat,0.0,0.0,,
2005-04-15,4,5,0,0,0,0,0.0,0.0,0.0,flat,0.0,0.0,,
2005-04-22,4,5,0,0,0,0,0.0,0.0,0.0,flat,0.0,0.0,,
2005-04-29,4,5,0,0,0,0,0.0,0.0,0.0,flat,0.0,0.0,,
2005-05-06,4,5,0,0,0,0,0.0,0.0,0.0,flat,0.0,0.0,,
2005-05-13,3,6,0,0,0,0,0.0,0.0,0.0,flat,0.0,0.0,,
2005-05-20,3,6,0,0,0,0,0.0,0.0,0.0,flat,0.0,0.0,,
2005-05-27,3,6,0,0,0,0,0.0,0.0,0.0,flat,0.0,0.0,,
2005-06-03,3,6,0,0,0,0,0.0,0.0,0.0,flat,0.0,0.0,,
2005-06-10,4,5,0,0,0,0,0.0,0.0,0.0,flat,0.0,0.0,,
2005-06-17,4,5,0,0,0,0,0.0,0.0,0.0,flat,0.0,0.0,,
2005-06-24,4,5,0,0,0,0,0.0,0.0,0.0,flat,0.0,0.0,,
2005-07-01,4,5,0,0,0,0,0.0,0.0,0.0,flat,0.0,0.0,,
2005-07-08,4,5,0,0,0,0,0.0,0.0,0.0,flat,0.0,0.0,,
2005-07-15,4,5,0,0,0,0,0.0,0.0,0.0,flat,0.0,0.0,,
2005-07-22,5,4,0,0,0,0,0.0,0.0,0.0,flat,0.0,0.0,,
2005-07-29,4,5,0,0,0,0,0.0,0.0,0.0,flat,0.0,0.0,,
2005-08-05,3,6,0,0,0,0,0.0,0.0,0.0,flat,0.0,0.0,,
2005-08-12,4,5,0,0,0,0,0.0,0.0,0.0,flat,0.0,0.0,,
2005-08-19,4,5,0,0,0,0,0.0,0.0,0.0,flat,0.0,0.0,,
2005-08-26,4,5,0,0,0,0,0.0,0.0,0.0,flat,0.0,0.0,,
2005-09-02,4,5,0,0,0,0,0.0,0.0,0.0,flat,0.0,0.0,,
2005-09-09,4,5,0,0,0,0,0.0,0.0,0.0,flat,0.0,0.0,,
2005-09-16,4,5,0,0,0,0,0.0,0.0,0.0,flat,0.0,0.0,,
2005-09-23,4,5,0,0,0,0,0.0,0.0,0.0,flat,0.0,0.0,,
2005-09-30,4,5,0,0,0,0,0.0,0.0,0.0,flat,0.0,0.0,,
2005-10-07,5,4,0,0,0,0,0.0,0.0,0.0,flat,0.0,0.0,,
2005-10-14,4,5,0,0,0,0,0.0,0.0,0.0,flat,0.0,0.0,,
2005-10-21,6,3,0,0,0,0,0.0,0.0,0.0,flat,0.0,0.0,,
2005-10-28,6,3,0,0,0,0,0.0,0.0,0.0,flat,0.0,0.0,,
2005-11-04,5,4,0,0,0,0,0.0,0.0,0.0,flat,0.0,0.0,,
2005-11-11,4,5,0,0,0,0,0.0,0.0,0.0,flat,0.0,0.0,,
2005-11-18,4,5,0,0,0,0,0.0,0.0,0.0,flat,0.0,0.0,,
2005-11-25,4,5,0,0,0,0,0.0,0.0,0.0,flat,0.0,0.0,,
2005-12-02,4,5,0,0,0,0,0.0,0.0,0.0,flat,0.0,0.0,,
2005-12-09,4,5,0,0,0,0,0.0,0.0,0.0,flat,0.0,0.0,,
2005-12-16,5,4,0,0,0,0,0.0,0.0,0.0,flat,0.0,0.0,,
2005-12-23,6,3,0,0,0,0,0.0,0.0,0.0,flat,0.0,0.0,,
2005-12-30,6,3,0,0,0,0,0.0,0.0,0.0,flat,0.0,0.0,,
2006-01-06,6,3,0,0,0,0,0.0,0.0,0.0,flat,0.0,0.0,,
2006-01-13,5,4,0,0,0,0,0.0,0.0,0.0,flat,0.0,0.0,,
2006-01-20,5,4,0,0,0,0,0.0,0.0,0.0,flat,0.0,0.0,,
2006-01-27,5,4,0,0,0,0,0.0,0.0,0.0,flat,0.0,0.0,,
2006-02-03,5,4,0,0,0,0,0.0,0.0,0.0,flat,0.0,0.0,,
2006-02-10,5,4,0,0,0,0,0.0,0.0,0.0,flat,0.0,0.0,,
2006-02-17,6,3,0,0,0,0,0.0,0.0,0.0,flat,0.0,0.0,,
2006-02-24,5,4,0,0,0,0,0.0,0.0,0.0,flat,0.0,0.0,,
2006-03-03,4,5,0,0,0,0,0.0,0.0,0.0,flat,0.0,0.0,,
2006-03-10,5,4,0,0,0,0,0.0,0.0,0.0,flat,0.0,0.0,,
2006-03-17,5,4,0,0,0,0,0.0,0.0,0.0,flat,0.0,0.0,,
2006-03-24,5,4,0,0,0,0,0.0,0.0,0.0,flat,0.0,0.0,,
2006-03-31,6,3,0,0,0,0,0.0,0.0,0.0,flat,0.0,0.0,,
2006-04-07,4,5,0,0,0,0,0.0,0.0,0.0,flat,0.0,0.0,,
2006-04-14,4,5,0,0,0,0,0.0,0.0,0.0,flat,0.0,0.0,,
2006-04-21,4,5,0,0,0,0,0.0,0.0,0.0,flat,0.0,0.0,,
2006-04-28,4,5,0,0,0,0,0.0,0.0,0.0,flat,0.0,0.0,,
2006-05-05,4,5,0,0,0,0,0.0,0.0,0.0,flat,0.0,0.0,,
2006-05-12,4,5,0,0,0,0,0.0,0.0,0.0,flat,0.0,0.0,,
2006-05-19,5,4,0,0,0,0,0.0,0.0,0.0,flat,0.0,0.0,,
2006-05-26,5,4,0,0,0,0,0.0,0.0,0.0,flat,0.0,0.0,,
2006-06-02,5,4,0,0,0,0,0.0,0.0,0.0,flat,0.0,0.0,,
2006-06-09,5,4,0,0,0,0,0.0,0.0,0.0,flat,0.0,0.0,,
2006-06-16,6,3,0,0,0,0,0.0,0.0,0.0,flat,0.0,0.0,,
2006-06-23,6,3,0,0,0,0,0.0,0.0,0.0,flat,0.0,0.0,,
2006-06-30,5,4,0,0,0,0,0.0,0.0,0.0,flat,0.0,0.0,,
2006-07-07,4,5,0,0,0,0,0.0,0.0,0.0,flat,0.0,0.0,,
2006-07-14,5,4,0,0,0,0,0.0,0.0,0.0,flat,0.0,0.0,,
2006-07-21,5,4,0,0,0,0,0.0,0.0,0.0,flat,0.0,0.0,,
2006-07-28,5,4,0,0,0,0,0.0,0.0,0.0,flat,0.0,0.0,,
2006-08-04,5,4,0,0,0,0,0.0,0.0,0.0,flat,0.0,0.0,,
2006-08-11,4,5,0,0,0,0,0.0,0.0,0.0,flat,0.0,0.0,,
2006-08-18,4,5,0,0,0,0,0.0,0.0,0.0,flat,0.0,0.0,,
2006-08-25,4,5,0,0,0,0,0.0,0.0,0.0,flat,0.0,0.0,,
2006-09-01,5,4,0,0,0,0,0.0,0.0,0.0,flat,0.0,0.0,,
2006-09-08,5,4,0,0,0,0,0.0,0.0,0.0,flat,0.0,0.0,,
2006-09-15,5,4,0,0,0,0,0.0,0.0,0.0,flat,0.0,0.0,,
2006-09-22,5,4,0,0,0,0,0.0,0.0,0.0,flat,0.0,0.0,,
2006-09-29,4,5,0,0,0,0,0.0,0.0,0.0,flat,0.0,0.0,,
2006-10-06,4,5,0,0,0,0,0.0,0.0,0.0,flat,0.0,0.0,,
2006-10-13,3,6,0,0,0,0,0.0,0.0,0.0,flat,0.0,0.0,,
2006-10-20,4,5,0,0,0,0,0.0,0.0,0.0,flat,0.0,0.0,,
2006-10-27,3,6,0,0,0,0,0.0,0.0,0.0,flat,0.0,0.0,,
2006-11-03,3,6,0,0,0,0,0.0,0.0,0.0,flat,0.0,0.0,,
2006-11-10,3,6,0,0,0,0,0.0,0.0,0.0,flat,0.0,0.0,,
2006-11-17,3,6,0,0,0,0,0.0,0.0,0.0,flat,0.0,0.0,,
2006-11-24,2,7,0,0,0,0,0.0,0.0,0.0,flat,0.0,0.0,,
2006-12-01,2,7,0,0,0,0,0.0,0.0,0.0,flat,0.0,0.0,,
2006-12-08,2,7,0,0,0,0,0.0,0.0,0.0,flat,0.0,0.0,,
2006-12-15,3,6,0,0,0,0,0.0,0.0,0.0,flat,0.0,0.0,,
2006-12-22,3,6,0,0,0,0,0.0,0.0,0.0,flat,0.0,0.0,,
2006-12-29,6,3,0,0,0,0,0.0,0.0,0.0,flat,0.0,0.0,,
2007-01-05,5,4,0,0,0,0,0.0,0.0,0.0,flat,0.0,0.0,,
2007-01-12,5,4,0,0,0,0,0.0,0.0,0.0,flat,0.0,0.0,,
2007-01-19,4,5,0,0,0,0,0.0,0.0,0.0,flat,0.0,0.0,,
2007-01-26,4,5,0,0,0,0,0.0,0.0,0.0,flat,0.0,0.0,,
2007-02-02,4,5,0,0,0,0,0.0,0.0,0.0,flat,0.0,0.0,,
2007-02-09,4,5,0,0,0,0,0.0,0.0,0.0,flat,0.0,0.0,,
2007-02-16,4,5,0,0,0,0,0.0,0.0,0.0,flat,0.0,0.0,,
2007-02-23,5,4,0,0,0,0,0.0,0.0,0.0,flat,0.0,0.0,,
2007-03-02,3,6,0,0,0,0,0.0,0.0,0.0,flat,0.0,0.0,,
2007-03-09,4,5,0,0,0,0,0.0,0.0,0.0,flat,0.0,0.0,,
2007-03-16,4,5,0,0,0,0,0.0,0.0,0.0,flat,0.0,0.0,,
2007-03-23,3,6,0,0,0,0,0.0,0.0,0.0,flat,0.0,0.0,,
2007-03-30,4,5,0,0,0,0,0.0,0.0,0.0,flat,0.0,0.0,,
2007-04-06,5,4,0,0,0,0,0.0,0.0,0.0,flat,0.0,0.0,,
2007-04-13,5,4,0,0,0,0,0.0,0.0,0.0,flat,0.0,0.0,,
2007-04-20,6,3,0,0,0,0,0.0,0.0,0.0,flat,0.0,0.0,,
2007-04-27,6,3,0,0,0,0,0.0,0.0,0.0,flat,0.0,0.0,,
2007-05-04,6,3,0,0,0,0,0.0,0.0,0.0,flat,0.0,0.0,,
2007-05-11,6,3,0,0,0,0,0.0,0.0,0.0,flat,0.0,0.0,,
2007-05-18,6,3,0,0,0,0,0.0,0.0,0.0,flat,0.0,0.0,,
2007-05-25,6,3,0,0,0,0,0.0,0.0,0.0,flat,0.0,0.0,,
2007-06-01,6,3,0,0,0,0,0.0,0.0,0.0,flat,0.0,0.0,,
2007-06-08,4,5,0,0,0,0,0.0,0.0,0.0,flat,0.0,0.0,,
2007-06-15,4,5,0,0,0,0,0.0,0.0,0.0,flat,0.0,0.0,,
2007-06-22,4,5,0,0,0,0,0.0,0.0,0.0,flat,0.0,0.0,,
2007-06-29,3,6,0,0,0,0,0.0,0.0,0.0,flat,0.0,0.0,,
2007-07-06,3,6,0,0,0,0,0.0,0.0,0.0,flat,0.0,0.0,,
2007-07-13,3,6,18,24,18,24,0.5,0.5,1.0,mixed,1.0,1.0,"AAPL,CIEN,FFIV,HPQ,IBM,INTC,NVDA,TDY,TRMB,VRSN,SLB,AXON,CMI,GWW,IEX,MMM,PNR,TT","AJG,PFG,BDX,UNH,VTRS,DHI,EBAY,MAR,PHM,ROST,WSM,HSY,PG,D,DUK,EVRG,LNT,NI,PNW,WEC,XEL,DD,NUE,PKG"
2007-07-20,3,6,29,39,29,39,0.5,0.5,1.0,mixed,0.8965517241379308,0.9743589743589742,"AAPL,AMD,CIEN,FFIV,HPQ,IBM,INTC,INTU,JBL,MRVL,NVDA,TRMB,VRSN,WDC,HAL,SLB,AXON,CMI,CTAS,FIX,GWW,MAS,MMM,PAYX,PH,PNR,RSG,TT,UPS","BEN,HIG,MET,TRV,BDX,MTD,SYK,UNH,VTRS,DHI,EBAY,LEN,MAR,PHM,ROST,WSM,WYNN,DLTR,EL,HSY,KMB,KR,SJM,TAP,D,DUK,ES,EVRG,LNT,NI,NRG,PNW,WEC,ALB,DD,MLM,NUE,PKG,VMC"
2007-07-27,4,5,40,32,40,32,0.5,0.5,1.0,mixed,0.75,0.5641025641025642,"AAPL,AMD,CIEN,FFIV,FICO,HPQ,IBM,INTC,INTU,JBL,MRVL,NVDA,TRMB,VRSN,WDC,AFL,EG,FITB,IVZ,MS,NTRS,RJF,STT,TFC,TROW,WTW,HAL,SLB,AXON,CTAS,EXPD,FIX,J,MMM,NDSN,PAYX,PH,PNR,RSG,UPS","GILD,MTD,SYK,VTRS,DHI,EBAY,GPC,LEN,LOW,PHM,ROST,WSM,CLX,DLTR,EL,HSY,KMB,KR,SJM,TAP,D,DUK,ES,LNT,NI,NRG,PNW,ALB,DD,MLM,NUE,VMC"
2007-08-03,4,5,41,29,41,29,0.5,0.5,1.0,mixed,0.3414634146341464,0.375,"AAPL,AMD,CIEN,FFIV,FICO,HPQ,INTC,INTU,JBL,NVDA,TRMB,VRSN,WDC,AFL,BLK,CME,EG,FISV,FITB,GPN,IVZ,MS,NTRS,RJF,STT,TFC,TROW,HAL,SLB,AXON,CTAS,EME,EXPD,J,NDSN,PAYX,PH,ROK,RSG,RTX,UPS","GILD,MCK,MTD,REGN,VTRS,DHI,LEN,LOW,PHM,ROST,WSM,CLX,DLTR,HSY,KMB,KR,MKC,SJM,TAP,DUK,ES,LNT,NI,NRG,PNW,ALB,DD,MLM,NUE"
2007-08-10,4,5,29,27,29,27,0.5,0.5,1.0,mixed,0.6829268292682927,0.4137931034482758,"AMD,CIEN,FICO,HPQ,INTC,INTU,NVDA,TRMB,WDC,AFL,BAC,BLK,CME,GPN,IVZ,NTRS,RJF,STT,TFC,TROW,HAL,SLB,CTAS,J,PAYX,RSG,RTX,TXT,UPS","GILD,MTD,REGN,VTRS,AMZN,DHI,LEN,LOW,PHM,ROST,WSM,CLX,DLTR,GIS,HSY,KMB,KR,SJM,CMS,ES,FE,NI,NRG,PNW,ALB,MLM,NUE"
2007-08-17,5,4,35,22,35,22,0.5,0.5,1.0,mixed,0.6285714285714287,0.8148148148148149,"AMD,CIEN,FICO,HPQ,INTU,NVDA,TRMB,AXP,BAC,BLK,BRK-B,CME,ERIE,FDS,IVZ,NTRS,RJF,STT,TFC,TROW,WFC,HAL,SLB,AOS,CTAS,DOV,PAYX,RSG,RTX,TXT,UPS,WAB,COST,MNST,PG","GILD,MTD,REGN,WAT,AMZN,DHI,LEN,LOW,NVR,PHM,ROST,CMS,EIX,EVRG,FE,NI,NRG,PPL,ALB,CRH,MLM,NUE"
2007-08-24,5,4,40,21,40,21,0.5,0.5,1.0,mixed,0.5999999999999999,0.36363636363636354,"AMD,CIEN,FICO,HPQ,INTU,NVDA,STX,TRMB,AJG,AON,AXP,BAC,BLK,BNY,BRK-B,CME,ERIE,FDS,KEY,MTB,RJF,TFC,TROW,WFC,WMB,AOS,BA,CTAS,EXPD,LHX,LUV,PAYX,RSG,RTX,TXT,WAB,BG,COST,MNST,PG","BSX,GILD,MTD,REGN,WAT,AMZN,DHI,LEN,NVR,PHM,CMS,EIX,ETR,FE,NI,NRG,PPL,ALB,CRH,IP,NUE"
2007-08-31,5,4,47,16,47,16,0.5,0.5,1.0,mixed,0.5531914893617023,0.6666666666666667,"AMAT,AMD,CIEN,CSCO,HPQ,IBM,INTU,NVDA,ROP,STX,SWKS,WDC,AJG,AON,AXP,BAC,BLK,BNY,BRK-B,CB,CME,ERIE,FDS,KEY,MTB,NDAQ,RJF,TFC,TROW,WFC,WRB,COP,CVX,AOS,BA,EXPD,FAST,LHX,LUV,RTX,TXT,WAB,BG,COST,MNST,PG,TGT","BSX,GILD,MTD,REGN,UNH,AMZN,DHI,NVR,CMS,EIX,FE,NRG,PPL,CRH,IP,VMC"
2007-09-07,5,4,49,19,49,19,0.5,0.5,1.0,mixed,0.28571428571428575,0.5263157894736843,"AMAT,AMD,CSCO,FICO,HPQ,IBM,JBL,NVDA,ROP,STX,SWKS,WDC,AJG,AON,AXP,BAC,BLK,BNY,BRK-B,CB,CME,ERIE,HBAN,KEY,MTB,NDAQ,PNC,RJF,TFC,TROW,WFC,WRB,COP,CVX,AOS,AXON,BA,EXPD,FAST,LHX,LUV,ODFL,PAYX,RTX,TXT,BG,COST,MNST,PG","A,BSX,GILD,SYK,UHS,UNH,WST,AMZN,CCL,DHI,NVR,CMS,EIX,FE,NRG,PPL,CRH,IP,VMC"
2007-09-14,5,4,46,21,46,21,0.5,0.5,1.0,mixed,0.3265306122448981,0.38095238095238093,"AMAT,AMD,CSCO,FICO,HPQ,IBM,INTC,JBL,ROP,STX,SWKS,WDC,AJG,BAC,BLK,BNY,BRK-B,CB,CINF,CME,ERIE,KEY,MTB,NDAQ,PNC,RF,RJF,TFC,WFC,COP,CVX,AOS,AXON,BA,EXPD,FAST,LHX,MMM,ODFL,PAYX,RTX,TXT,ADM,BG,MNST,PG","A,BSX,GILD,SYK,UHS,UNH,WST,AMZN,CCL,DECK,CMS,EIX,FE,LNT,NRG,PPL,SRE,CRH,DD,IP,VMC"
2007-09-21,5,4,42,22,42,22,0.5,0.5,1.0,mixed,0.47826086956521724,0.4545454545454544,"AMAT,AMD,CSCO,HPQ,IBM,JBL,ORCL,ROP,SWKS,WDC,AJG,BAC,BLK,BRK-B,CINF,EG,ERIE,KEY,MTB,NDAQ,PNC,RF,TFC,TRV,WFC,CVX,AOS,DE,EXPD,FIX,GD,LHX,MMM,ODFL,PAYX,RTX,TXT,ADM,BG,MNST,PEP,PG","A,BSX,COR,GILD,UHS,UNH,WST,DECK,RL,ROST,CMS,EIX,ETR,FE,LNT,NRG,PPL,CRH,DD,FCX,IP,VMC"
2007-09-28,5,4,48,19,48,19,0.5,0.5,1.0,mixed,0.4583333333333332,0.4545454545454545,"AMAT,AMD,CSCO,IBM,JBL,MU,ORCL,ROP,SWKS,TYL,WDC,AFL,AJG,BAC,BRK-B,BRO,CINF,EG,ERIE,MET,NDAQ,PFG,PNC,TFC,TRV,WFC,CVX,AOS,DE,EXPD,FIX,GD,LHX,LMT,MMM,ODFL,PAYX,ROL,RSG,RTX,TXT,ADM,BG,CASY,CL,MNST,PEP,PG","A,BSX,STE,UHS,UNH,WST,DECK,RL,ROST,AES,CMS,EIX,FE,NRG,PPL,CRH,FCX,IP,VMC"
2007-10-05,7,2,55,10,55,10,0.5,0.5,1.0,mixed,0.8000000000000002,1.2631578947368418,"AMD,APH,CIEN,CSCO,JBL,MU,ORCL,ROP,SWKS,TDY,TYL,WDC,CINF,ERIE,GPN,IVZ,MET,NDAQ,PFG,PNC,TFC,USB,WFC,CVX,BDX,CVS,DVA,HSIC,HUM,ISRG,MDT,RMD,SYK,TECH,VTRS,WAT,CPRT,DE,DOV,EXPD,FIX,GD,LMT,NOC,ROL,RTX,TXT,ADM,BG,CASY,CL,MNST,PEP,PG,PCG","AZO,DECK,LEN,RL,ROST,CRH,FCX,IP,NUE,VMC"
2007-10-12,4,5,26,34,26,34,0.5,0.5,1.0,mixed,1.1272727272727274,1.4705882352941175,"CINF,GPN,MET,NDAQ,NTRS,PFG,TFC,USB,WFC,BDX,CVS,DVA,HUM,ISRG,MDT,SYK,TECH,TMO,VTRS,WAT,ADM,BG,CL,PEP,PG,PCG","ACN,ADBE,FFIV,IT,MRVL,MSFT,QCOM,TER,ZBRA,OKE,AXON,CMI,CSX,EFX,EME,HON,NSC,ODFL,PNR,PWR,SWK,AZO,DECK,DHI,GRMN,HD,NVR,RL,ROST,CRH,FCX,IP,NUE,VMC"
2007-10-19,4,5,22,33,22,33,0.5,0.5,1.0,mixed,0.5384615384615383,0.4705882352941177,"CINF,GPN,MET,NDAQ,PFG,WRB,BDX,DHR,DVA,HUM,PFE,SYK,TECH,TMO,VTRS,WAT,ADM,BG,CL,PEP,PG,PCG","ACN,ADI,FFIV,MRVL,TER,ZBRA,OKE,SLB,AXON,CMI,CSX,EME,ETN,HON,IEX,NSC,ODFL,PCAR,PNR,PWR,WAB,AZO,DECK,DHI,GRMN,HD,NVR,RL,ROST,CRH,FCX,IP,STLD"
2007-10-26,4,5,23,34,23,34,0.5,0.5,1.0,mixed,0.43478260869565216,0.3529411764705884,"CINF,GPN,MET,NDAQ,PFG,RF,RJF,BIIB,DHR,DVA,HUM,PFE,SYK,TMO,VTRS,WAT,ADM,BG,CL,PG,ETR,LNT,PCG","ACN,ADI,FFIV,FICO,INTC,LRCX,MRVL,MU,TER,OKE,SLB,AXON,BA,CMI,CSX,EME,ETN,HON,IEX,ODFL,PCAR,PNR,WAB,AZO,GRMN,HD,NVR,RL,ROST,TSCO,CRH,FCX,IP,STLD"
2007-11-02,4,5,23,34,23,34,0.5,0.5,1.0,mixed,0.2608695652173913,0.2941176470588235,"GPN,MET,MTB,NDAQ,PFG,RF,RJF,BIIB,DHR,DVA,GILD,HUM,PFE,SYK,TMO,VTRS,WAT,ADM,BG,CL,TAP,ETR,LNT","ACN,ADI,FFIV,FICO,INTC,KLAC,LRCX,MCHP,MRVL,MU,SLB,AXON,BA,CMI,CSX,DOV,ETN,HON,IEX,LUV,ODFL,PCAR,PNR,WAB,GRMN,HD,NVR,RL,ROST,TSCO,CRH,FCX,IP,PPG"
2007-11-09,4,5,30,39,30,39,0.5,0.5,1.0,mixed,0.6,0.3589743589743589,"ERIE,GPN,GS,MCO,MET,MTB,NDAQ,PFG,RF,RJF,BSX,DHR,DVA,GILD,HUM,IDXX,MTD,PFE,TMO,VTRS,WAT,ADM,BG,CL,CLX,TAP,ETR,LNT,NEE,SRE","ACN,ADI,AMAT,CIEN,FICO,IBM,INTC,KLAC,LRCX,MCHP,MRVL,MU,SLB,AXON,BA,CMI,CSX,DOV,ETN,HON,IEX,JBHT,LUV,ODFL,PAYX,PCAR,PNR,ROK,WAB,GRMN,HD,NVR,RL,TSCO,AVY,CRH,FCX,IP,PPG"
2007-11-16,4,5,30,44,30,44,0.5,0.5,1.0,mixed,0.33333333333333337,0.5909090909090909,"AIZ,BRK-B,ERIE,GPN,GS,MCO,MTB,NDAQ,PFG,RJF,BSX,DHR,GILD,HSIC,HUM,IDXX,INCY,MTD,TMO,VTRS,WAT,BG,CL,CLX,HRL,TAP,ETR,LNT,NEE,SRE","ACN,ADI,AMAT,CIEN,FFIV,HPQ,IBM,INTC,KLAC,LRCX,MCHP,MU,NVDA,TRMB,SLB,XOM,ADP,AXON,BA,CMI,DOV,ETN,FAST,HON,JBHT,LHX,LUV,MMM,ODFL,PAYX,PCAR,ROK,SNA,UPS,WAB,GRMN,NVR,RL,TPR,TSCO,AVY,IP,PPG,SHW"
2007-11-23,5,4,29,44,29,44,0.5,0.5,1.0,mixed,0.7333333333333333,0.36363636363636365,"AIZ,FISV,GPN,GS,HIG,JPM,MCO,PFG,PRU,TRV,BSX,GILD,HUM,INCY,MTD,VTRS,WAT,BG,CL,CLX,TAP,ETR,NEE,SRE,MOS,NEM,NUE,PKG,STLD","ACN,ADI,AMAT,CDNS,CIEN,FFIV,HPQ,IBM,INTC,JBL,KLAC,LRCX,MCHP,MU,NVDA,QCOM,TRMB,CVX,SLB,XOM,BA,CMI,DOV,ETN,FAST,FDX,FIX,HON,JBHT,LUV,MMM,ODFL,PAYX,PCAR,ROK,UPS,WAB,DECK,EBAY,GRMN,NVR,RL,TPR,TSCO"
2007-11-30,6,3,41,42,41,42,0.5,0.5,1.0,mixed,0.6829268292682926,0.40909090909090895,"AIZ,FISV,GS,HIG,JPM,MCO,PFG,PRU,TRV,WRB,BAX,BSX,GILD,HUM,INCY,MTD,VTRS,WAT,BBY,CCL,DECK,DHI,F,LEN,PHM,RCL,SBUX,TJX,WYNN,YUM,BG,CL,CLX,TAP,ETR,NEE,SRE,MOS,NEM,NUE,STLD","ACN,ADI,AMAT,CDNS,FFIV,HPQ,IBM,INTC,JBL,KLAC,LRCX,MCHP,MU,NVDA,QCOM,TER,TRMB,ZBRA,CVX,SLB,XOM,AOS,BA,CMI,DOV,EFX,ETN,FAST,FDX,FIX,HON,IEX,JBHT,LUV,MMM,PAYX,PCAR,ROK,SWK,UPS,WAB,WM"
2007-12-07,6,3,42,37,42,37,0.5,0.5,1.0,mixed,0.5714285714285715,0.4285714285714287,"AIZ,BNY,FISV,GS,HBAN,HIG,JPM,L,PRU,SCHW,USB,WRB,WTW,BAX,BDX,BSX,GILD,INCY,MTD,WAT,BBY,DECK,DHI,HAS,LEN,PHM,RCL,SBUX,TJX,YUM,CL,CLX,HRL,MO,PG,TAP,ETR,FE,NEE,SRE,NEM,STLD","ACN,ADI,AMAT,CDNS,IBM,INTC,JBL,KLAC,LRCX,MCHP,MU,NVDA,TER,TRMB,TXN,COP,CVX,SLB,XOM,AOS,BA,CMI,DOV,ETN,FAST,FDX,FIX,HON,LUV,MMM,NSC,PAYX,PCAR,SWK,UPS,URI,WM"
2007-12-14,6,3,49,34,49,34,0.5,0.5,1.0,mixed,0.44897959183673475,0.37837837837837834,"AIZ,BNY,CB,FDS,FISV,GL,GS,HBAN,HIG,JPM,L,PRU,SCHW,SPGI,USB,WRB,WTW,BAX,BDX,BSX,GILD,INCY,MCK,MTD,PFE,BBY,DECK,DHI,HAS,NKE,RCL,SBUX,TJX,YUM,CL,HRL,MDLZ,MO,PEP,PG,TAP,CNP,ETR,FE,NEE,SRE,NEM,STLD,VMC","ADI,AMAT,AMD,CDNS,IBM,JBL,KLAC,LRCX,MCHP,MU,NVDA,ROP,TER,TRMB,TXN,COP,CVX,SLB,AOS,BA,CMI,DOV,EME,ETN,FAST,FIX,HON,LUV,MMM,PAYX,RTX,SWK,URI,WM"
2007-12-21,6,3,46,30,46,30,0.5,0.5,1.0,mixed,0.44897959183673475,0.5294117647058822,"AIZ,ALL,BNY,CB,FISV,GL,GS,HBAN,HIG,JPM,L,PRU,SCHW,SPGI,STT,USB,WRB,WTW,BAX,BDX,CNC,GILD,INCY,MCK,MTD,AZO,BBY,DECK,HAS,NKE,RCL,ROST,TJX,ADM,CLX,EL,HRL,MDLZ,MO,PG,CNP,NEE,SRE,NEM,STLD,VMC","AMAT,AMD,CDNS,FFIV,GEN,IBM,JBL,LRCX,MU,NVDA,ROP,SWKS,TER,TRMB,TXN,BKR,COP,CVX,AOS,CMI,FAST,FIX,HON,J,MMM,PAYX,RTX,SWK,URI,WM"
2007-12-28,6,3,48,29,48,29,0.5,0.5,1.0,mixed,0.20833333333333337,0.26666666666666666,"AIZ,ALL,BNY,CB,CINF,FISV,GL,HBAN,HIG,JPM,L,PRU,SCHW,SPGI,STT,USB,WRB,WTW,BAX,CNC,GILD,INCY,MCK,MTD,UNH,AZO,BBY,DECK,HAS,NKE,RCL,ROST,TJX,ADM,CHD,EL,HRL,MDLZ,MO,PG,ATO,CNP,NEE,SRE,ECL,NEM,STLD,VMC","AMD,CDNS,CSCO,FFIV,GEN,IBM,JBL,MSI,MU,NVDA,ROP,SWKS,TER,TRMB,TXN,BKR,COP,CVX,VLO,AOS,CMI,FIX,HON,MMM,PAYX,RTX,SWK,URI,WM"
2008-01-04,6,3,49,23,49,23,0.5,0.5,1.0,mixed,0.326530612244898,0.689655172413793,"ALL,BNY,CB,CINF,FISV,FITB,GL,HBAN,HIG,JPM,L,NDAQ,PGR,PRU,SPGI,USB,WRB,WTW,CNC,ELV,INCY,MCK,MTD,UNH,AZO,BBY,CCL,DECK,HAS,NKE,ROST,TJX,ADM,CHD,EL,HRL,MDLZ,MO,PG,ATO,CNP,ES,NEE,AVY,ECL,NEM,PKG,STLD,VMC","AMD,CDNS,CIEN,CSCO,GEN,IBM,IT,MSI,NVDA,ON,ROP,SWKS,TRMB,TXN,BKR,COP,VLO,AOS,CMI,FIX,ITW,URI,WM"
2008-01-11,6,3,46,22,46,22,0.5,0.5,1.0,mixed,0.44897959183673475,0.4347826086956522,"ALL,CB,CINF,FITB,GPN,HIG,JPM,L,MRSH,NDAQ,PFG,PGR,PRU,SPGI,USB,WRB,WTW,ABT,CNC,ELV,HUM,INCY,MCK,RMD,UNH,AZO,BBY,CCL,MCD,ROST,ADM,CHD,EL,HRL,MO,PG,ATO,CNP,ES,NEE,AVY,ECL,MOS,NEM,STLD,VMC","ACN,AMD,CIEN,CSCO,GEN,IT,MSI,NVDA,ON,ROP,SWKS,TRMB,BKR,HAL,VLO,CMI,FIX,ITW,PH,URI,WAB,WM"
2008-01-18,6,3,40,26,40,26,0.5,0.5,1.0,mixed,0.47826086956521746,0.46153846153846145,"ALL,FITB,GPN,L,MRSH,NDAQ,PFG,PGR,PRU,SPGI,TRV,USB,WRB,ABT,CNC,ELV,HUM,MCK,PFE,RMD,UNH,WST,AZO,CCL,HD,ROST,ADM,CHD,EL,HRL,MO,ATO,CNP,ES,FE,AVY,ECL,NEM,STLD,VMC","ACN,ADBE,ADI,AMD,CIEN,CSCO,GEN,IT,KLAC,MSI,NVDA,ON,ROP,TRMB,BKR,HAL,VLO,BA,CMI,FAST,ITW,PH,TT,URI,WAB,WM"
2008-01-25,5,4,28,32,28,32,0.5,0.5,1.0,mixed,0.7499999999999998,0.5,"AIG,ALL,FITB,L,MRSH,PGR,TRV,WRB,ABT,CNC,ELV,MCK,RMD,UNH,WST,AZO,CCL,HD,ROST,ADM,CHD,HRL,MKC,MO,AES,ATO,CNP,FE","ACN,ADBE,ADI,AMD,CIEN,CSCO,GEN,KLAC,MSI,NVDA,ON,ROP,SWKS,TRMB,BKR,HAL,OXY,VLO,BA,CMI,IEX,ITW,PH,ROL,RSG,TT,TXT,URI,WAB,WM,ALB,IFF"
2008-02-01,5,4,25,34,25,34,0.5,0.5,1.0,mixed,0.5714285714285715,0.5294117647058824,"AIG,AIZ,ALL,FITB,KEY,L,MRSH,PGR,ABT,CNC,ELV,INCY,REGN,RMD,UNH,WST,AZO,ROST,ADM,CHD,CL,HRL,MO,AES,FE","ADBE,ADI,AMAT,CIEN,CSCO,LRCX,MSI,MU,NVDA,ON,ROP,TRMB,WDC,APA,BKR,HAL,OXY,VLO,AME,BA,CMI,EMR,GE,IEX,ITW,PH,ROL,RSG,TT,TXT,WAB,ALB,BALL,IFF"
2008-02-08,5,4,24,34,24,34,0.5,0.5,1.0,mixed,0.5599999999999999,0.5294117647058822,"AIG,AIZ,FITB,KEY,L,MRSH,PGR,RF,ABT,CAH,ELV,INCY,MDT,REGN,RMD,WST,LOW,RCL,ROST,ADM,HRL,WMT,AES,FE","AAPL,ADBE,CDNS,CIEN,FFIV,FICO,JBL,MSI,NVDA,ROP,TRMB,WDC,APA,HAL,OXY,VLO,ADP,BA,CMI,EMR,GE,ITW,PAYX,PH,ROL,RSG,TT,TXT,WAB,ALB,BALL,IFF,PKG,PPG"
2008-02-15,6,3,22,31,22,31,0.5,0.5,1.0,mixed,0.6666666666666666,0.47058823529411775,"KEY,MRSH,RF,ABT,BDX,CAH,MDT,RMD,WST,LOW,RCL,RL,ROST,ADM,GIS,HRL,WMT,AES,FE,AVY,ECL,PPG","AAPL,ADBE,APH,CDNS,CIEN,FICO,HPQ,JBL,MSI,NVDA,ROP,TRMB,WDC,APA,COP,HAL,OXY,VLO,ADP,BA,CMI,EMR,GWW,HUBB,ITW,PAYX,PH,ROL,TT,TXT,WAB"
2008-02-22,6,3,22,25,22,25,0.5,0.5,1.0,mixed,0.4545454545454546,0.5161290322580645,"JPM,KEY,MRSH,RF,USB,ABT,BDX,CAH,LH,MDT,ZBH,LOW,RCL,RL,GIS,HRL,WMT,AES,FE,AVY,NEM,PPG","AAPL,ADBE,APH,CIEN,FICO,JBL,MSI,TRMB,WDC,APA,OXY,VLO,ADP,CMI,DE,EMR,FIX,GWW,HUBB,ITW,PAYX,PH,ROL,TT,TXT"
2008-02-29,5,4,19,27,19,27,0.5,0.5,1.0,mixed,0.7272727272727273,0.5185185185185186,"JPM,KEY,RF,USB,WRB,BDX,CAH,LH,MDT,ZBH,LOW,RL,ATO,NI,PNW,AVY,NEM,PPG,STLD","AAPL,ADBE,APH,CIEN,FICO,MSI,WDC,APA,ADP,CMI,CPRT,DE,EMR,GWW,HUBB,ITW,LHX,PAYX,PH,ROL,TT,TXT,COST,MDLZ,PEP,PG,STZ"
2008-03-07,4,5,18,29,18,29,0.5,0.5,1.0,mixed,0.42105263157894723,0.5517241379310345,"FIS,JPM,KEY,MTB,RF,WRB,BAX,BDX,CAH,LH,MDT,ZBH,LOW,RL,AVY,NEM,PPG,STLD","AAPL,ADBE,ADSK,AMD,APH,FICO,MSI,ON,WDC,APA,ADP,CPRT,DE,EMR,GWW,HUBB,ITW,LHX,PAYX,PH,ROK,ROL,TXT,BF-B,CLX,PEP,STZ,AEE,AES"
2008-03-14,4,5,14,32,14,32,0.5,0.5,1.0,mixed,0.6666666666666665,0.375,"FIS,MTB,TFC,WFC,WRB,BAX,CAH,LH,MDT,ZBH,LOW,AVY,NEM,PPG","AAPL,ADSK,AMD,APH,FICO,MSI,ON,WDC,BKR,OXY,ADP,CPRT,DE,EMR,GWW,HUBB,LHX,PAYX,PH,ROK,ROL,TXT,URI,BF-B,CASY,CL,CLX,PEP,STZ,AEE,AES,ES"
2008-03-21,3,6,11,39,11,39,0.5,0.5,1.0,mixed,1.0,0.6153846153846154,"ALL,BAC,FIS,MTB,PGR,TFC,WFC,LOW,ROST,AVY,PPG","AAPL,ADSK,AMD,APH,CRM,FICO,TDY,WDC,BKR,OXY,A,ALGN,ELV,HUM,MRK,TECH,UNH,VRTX,WAT,CPRT,DE,EMR,GWW,HUBB,LHX,PH,ROK,ROL,TXT,BF-B,BG,CASY,CL,CLX,PEP,STZ,AEE,AES,ES"
2008-03-28,3,6,10,35,10,35,0.5,0.5,1.0,mixed,0.7272727272727273,0.5641025641025641,"BAC,FIS,MRSH,MTB,TFC,WFC,DHI,LOW,ROST,TPR","AAPL,ADSK,APH,CRM,TDY,VRSN,BKR,VLO,A,ALGN,CNC,ELV,HUM,INCY,MRK,UNH,WAT,CMI,CPRT,DE,EMR,ETN,LHX,ROK,ROL,BF-B,BG,CASY,CL,CLX,STZ,AEE,AES,ED,ES"
2008-04-04,4,5,26,31,26,31,0.5,0.5,1.0,mixed,1.3076923076923077,0.5714285714285714,"AJG,BAC,MRSH,MTB,TFC,WFC,AOS,CAT,CHRW,CSX,DOV,FAST,FDX,JBHT,LUV,MAS,NSC,ODFL,SNA,SWK,WM,DHI,HAS,LOW,ROST,TPR","AAPL,ADSK,APH,CRM,TDY,VRSN,BKR,VLO,A,ALGN,BMY,CI,CNC,ELV,HUM,INCY,MRK,UNH,WAT,ADM,BG,CASY,CL,CLX,KO,MO,STZ,AES,ED,ES,LNT"
2008-04-11,4,5,24,27,24,27,0.5,0.5,1.0,mixed,0.3846153846153845,0.3870967741935483,"AJG,MTB,WFC,AOS,CAT,CHRW,CSX,DOV,FAST,FDX,JBHT,LUV,MAS,NSC,ODFL,SNA,SWK,AZO,DHI,HAS,ROST,TPR,WSM,SHW","AAPL,ADSK,APH,CRM,ORCL,BKR,VLO,XOM,A,BMY,CI,CNC,ELV,HUM,INCY,MRK,UNH,ADM,BG,CASY,CLX,KO,MO,STZ,AES,ED,ES"
2008-04-18,4,5,17,26,17,26,0.5,0.5,1.0,mixed,0.7500000000000001,0.44444444444444453,"MET,MTB,CAT,CSX,DOV,FAST,FDX,LUV,MAS,ODFL,SNA,SWK,HAS,LEN,ROST,WSM,SHW","ADSK,ORCL,VLO,XOM,ABT,CI,CNC,ELV,HUM,INCY,MRK,UNH,ADM,BG,CASY,CHD,CLX,KO,MO,STZ,AES,CMS,ED,ES,FE,PNW"
2008-04-25,4,5,14,27,14,27,0.5,0.5,1.0,mixed,0.7058823529411764,0.14814814814814825,"FDS,MET,CAT,FAST,FDX,FIX,LII,LUV,MAS,SNA,HAS,LEN,ROST,SHW","ADSK,NVDA,ORCL,APA,VLO,XOM,ABT,CI,CNC,ELV,HUM,INCY,UNH,ADM,BG,CASY,CHD,CLX,KO,MO,STZ,AES,CMS,ED,ES,FE,PNW"
2008-05-02,4,5,11,26,11,26,0.5,0.5,1.0,mixed,0.8571428571428572,0.37037037037037057,"FDS,CAT,FAST,FDX,FIX,PWR,SNA,HAS,ROST,MLM,NUE","MSI,ORCL,APA,VLO,XOM,BDX,CI,CNC,ELV,HUM,INCY,MCK,UNH,ADM,BG,CASY,CL,CLX,MO,STZ,AES,CMS,ED,ES,FE,PNW"
2008-05-09,3,6,10,27,10,27,0.5,0.5,1.0,mixed,0.9090909090909091,0.814814814814815,"FDS,CAT,FAST,FDX,ITW,PH,PWR,UNP,WAB,ROST","FLEX,INTU,MSI,ORCL,COP,VLO,WMB,XOM,BDX,HUM,INCY,MCK,MTD,UNH,ADM,MO,AEE,AES,CMS,ED,FE,PEG,PNW,ECL,IP,NEM,PKG"
2008-05-16,3,6,16,27,16,27,0.5,0.5,1.0,mixed,1.0,0.2962962962962963,"COF,FDS,KEY,TROW,CAT,DOV,FAST,HUBB,ITW,NDSN,PH,PWR,UNP,WAB,WM,NKE","FLEX,INTU,MSI,ORCL,TXN,COP,WMB,XOM,AMGN,BAX,BDX,HUM,INCY,MCK,UNH,ADM,HRL,MO,CMS,ED,FE,PEG,PNW,ECL,IP,NEM,PKG"
2008-05-23,3,6,19,24,19,24,0.5,0.5,1.0,mixed,0.6315789473684212,0.6666666666666666,"FDS,TROW,AME,CAT,CMI,DOV,FAST,GWW,HUBB,ITW,NDSN,NSC,PCAR,PH,PWR,SNA,UNP,WAB,NKE","APH,FLEX,INTU,JBL,EOG,WMB,XOM,AMGN,BAX,BDX,HSIC,PFE,ADM,HRL,MO,ED,FE,PEG,PNW,ECL,IP,LIN,NEM,PKG"
2008-05-30,3,6,19,32,19,32,0.5,0.5,1.0,mixed,1.6842105263157892,0.8749999999999997,"AAPL,ADBE,APH,CTSH,FICO,GEN,GLW,MPWR,MSI,ON,BEN,FDS,MS,MTB,TROW,WTW,DECK,NKE,ROST","DVN,EOG,WMB,XOM,AMGN,BAX,BDX,HSIC,MRK,PFE,AOS,CTAS,DE,J,LII,MMM,NOC,UPS,ADM,CASY,HRL,KO,MO,ED,EVRG,FE,NI,PEG,PNW,IP,LIN,PKG"
2008-06-06,3,6,20,30,20,30,0.5,0.5,1.0,mixed,0.4,0.5,"AAPL,ADBE,APH,FICO,GEN,MPWR,MSI,ON,BEN,FDS,GS,L,MS,MTB,TROW,WTW,HAS,MAR,NKE,ROST","DVN,EOG,XOM,AMGN,BDX,ELV,MRK,PFE,CTAS,DE,GE,LII,MMM,NOC,UPS,CASY,HRL,KMB,KO,MO,PEP,ED,EVRG,PEG,PNW,AVY,IP,LIN,MOS,PKG"
2008-06-13,3,6,15,31,15,31,0.5,0.5,1.0,mixed,1.0,0.7096774193548386,"AAPL,ADBE,APH,COHR,FICO,GEN,MPWR,ON,TDY,VLO,F,HAS,MAR,ROST,SBUX","BAC,BLK,BNY,FITB,HBAN,RF,TFC,USB,WFC,BDX,CNC,MRK,PFE,CTAS,DE,GE,MAS,MMM,NOC,UPS,CASY,KO,MO,PEP,ED,EVRG,PNW,AVY,IP,LIN,MOS"
2008-06-20,4,5,18,26,18,26,0.5,0.5,1.0,mixed,0.8888888888888887,0.5806451612903226,"AAPL,ADBE,APH,GEN,MPWR,MRVL,TDY,F,HAS,MCD,ROST,SBUX,AEP,D,ES,ETR,LNT,WEC","BAC,BLK,BNY,CINF,FITB,MTB,RF,TFC,USB,WFC,BAX,BDX,MRK,PFE,CTAS,DE,GE,LII,MAS,MMM,NOC,UPS,KO,PEP,AVY,MOS"
2008-06-27,4,5,20,22,20,22,0.5,0.5,1.0,mixed,0.2999999999999998,0.6153846153846153,"AAPL,ADBE,APH,GEN,MPWR,MRVL,ON,PTC,TDY,DECK,HAS,MCD,ROST,SBUX,AEP,D,ES,ETR,LNT,WEC","BAC,BLK,CINF,FITB,MTB,RF,USB,BDX,MRK,PFE,UNH,DE,FDX,LII,MAS,UPS,HRL,KO,PEP,AVY,MOS,STLD"
2008-07-04,4,5,21,24,21,24,0.5,0.5,1.0,mixed,0.4761904761904763,0.5,"AAPL,ADBE,APH,MPWR,MRVL,ON,PTC,SWKS,HAL,OKE,AMZN,DECK,HAS,MCD,ROST,SBUX,AEP,D,ES,ETR,PPL","BAC,BNY,FITB,KEY,MTB,RF,USB,BDX,GILD,INCY,ISRG,MRK,PFE,DE,FDX,LII,MAS,UPS,HRL,KO,WMT,AVY,MOS,STLD"
2008-07-11,4,5,21,28,21,28,0.5,0.5,1.0,mixed,0.47619047619047616,0.4285714285714284,"AAPL,ADBE,MRVL,NVDA,ON,PTC,SNPS,SWKS,CVX,HAL,OKE,VLO,AMZN,DECK,MCD,SBUX,CMS,D,ES,ETR,PPL","AIG,BAC,BNY,FITB,KEY,MTB,RF,USB,BDX,GILD,HSIC,INCY,ISRG,LH,PFE,CHRW,CSX,DE,FDX,MAS,UPS,HRL,KO,WMT,AVY,CRH,MOS,STLD"
2008-07-18,3,6,15,38,15,38,0.5,0.5,1.0,mixed,0.7619047619047622,0.7894736842105262,"ADBE,ADSK,MRVL,NVDA,ON,PTC,SNPS,SWKS,VRSN,HAL,OKE,VLO,D,ES,PPL","ALL,BAC,BNY,CINF,FITB,KEY,MTB,RF,USB,BDX,GILD,HSIC,ISRG,PFE,RMD,CHRW,CSX,DE,FDX,MAS,UPS,BKNG,CCL,DHI,HAS,LEN,MAR,MGM,NKE,PHM,RCL,TSCO,WSM,KO,WMT,CRH,MOS,STLD"
2008-07-25,3,6,20,30,20,30,0.5,0.5,1.0,mixed,1.2,0.736842105263158,"ADBE,ADSK,CTSH,MRVL,PTC,SNPS,SWKS,A,ABT,AMGN,CNC,CRL,DGX,DHR,EW,MDT,MRK,UNH,D,PPL","BAC,FITB,JPM,KEY,MTB,RF,APA,DVN,HAL,CHRW,CSX,DE,FDX,MAS,BKNG,DHI,HAS,LEN,MAR,MGM,NKE,PHM,WSM,YUM,KO,WMT,CRH,DD,MOS,STLD"
2008-08-01,3,6,16,25,16,25,0.5,0.5,1.0,mixed,0.8,0.39999999999999997,"ACN,ADBE,CTSH,JBL,MRVL,PTC,QCOM,SNPS,SWKS,ABT,AMGN,DGX,MRK,UNH,PCG,PPL","FITB,KEY,MTB,RF,APA,CHRW,CSX,DE,FDX,BKNG,DHI,F,HAS,LEN,MAR,MGM,NKE,PHM,WSM,YUM,WMT,CRH,DD,MOS,STLD"
2008-08-08,3,6,13,24,13,24,0.5,0.5,1.0,mixed,0.625,0.3999999999999999,"ACN,ADBE,CTSH,JBL,PTC,QCOM,SNPS,AMGN,DGX,STE,UNH,CMS,PPL","FITB,KEY,MTB,APA,CSX,DE,EXPD,HON,ROK,BKNG,DHI,F,HAS,LEN,MAR,NKE,ROST,WSM,YUM,WMT,CRH,DD,MOS,STLD"
2008-08-15,3,6,13,27,13,27,0.5,0.5,1.0,mixed,0.6153846153846154,0.29629629629629634,"AAPL,ACN,JBL,MPWR,ORCL,PTC,QCOM,AMGN,DGX,STE,UNH,CMS,PNW","FITB,KEY,MTB,APA,CAT,CHRW,CSX,DE,EXPD,HON,NDSN,ROK,TXT,BKNG,DHI,F,HAS,LEN,NKE,ROST,WSM,YUM,WMT,CRH,DD,MOS,STLD"
2008-08-22,3,6,11,28,11,28,0.5,0.5,1.0,mixed,0.6153846153846152,0.3571428571428571,"ACN,CDNS,JBL,ORCL,PTC,QCOM,TYL,AMGN,STE,CMS,PNW","MTB,APA,CAT,CHRW,CSX,DE,EXPD,HON,NDSN,NSC,ROK,TXT,BKNG,F,HAS,LEN,NKE,RCL,ROST,WSM,YUM,BG,TAP,WMT,CRH,MOS,NUE,STLD"
2008-08-29,3,6,9,30,9,30,0.5,0.5,1.0,mixed,0.7272727272727273,0.5999999999999999,"ACN,CDNS,IT,JBL,NTAP,ORCL,TYL,AMGN,STE","FDS,MTB,APA,BA,CAT,CHRW,CSX,DE,DOV,EXPD,HON,NSC,PH,TXT,UPS,BKNG,F,HAS,LEN,NKE,ROST,WSM,YUM,ETR,EXC,NRG,CRH,FCX,NUE,STLD"
2008-09-05,4,5,20,25,20,25,0.5,0.5,1.0,mixed,1.3000000000000003,0.6666666666666667,"ADBE,CDNS,IBM,INTU,IT,JBL,KLAC,NTAP,ORCL,TYL,AMGN,DGX,PFE,GRMN,MCD,MGM,ORLY,RL,TJX,GIS","FDS,MTB,HAL,BA,CAT,CHRW,CSX,DE,DOV,EXPD,HON,NSC,PH,TXT,WAB,AES,D,ETR,EXC,NRG,CRH,FCX,MOS,NUE,STLD"
2008-09-12,4,5,21,31,21,31,0.5,0.5,1.0,mixed,0.5714285714285714,0.5806451612903225,"ADBE,CDNS,COHR,IBM,INTC,INTU,IT,KLAC,NTAP,TYL,CNC,DGX,DVA,PFE,GRMN,MGM,ORLY,RL,TJX,TSCO,MDLZ","AFL,CB,FDS,IVZ,RF,WTW,HAL,BA,CAT,CHRW,CMI,CSX,DOV,ETN,EXPD,HON,JBHT,NSC,PH,TXT,WAB,WM,AES,D,ETR,EXC,NRG,FCX,MOS,NUE,STLD"
2008-09-19,5,4,30,22,30,22,0.5,0.5,1.0,mixed,1.4666666666666668,1.3548387096774193,"BEN,BRO,FITB,PNC,PRU,RJF,TFC,WFC,CNC,DVA,AOS,AXON,CTAS,FIX,GE,GWW,JCI,LII,LMT,MAS,MMM,SWK,GRMN,MGM,ORLY,PHM,RL,TSCO,MDLZ,SJM","AAPL,AKAM,CRM,GLW,KLAC,MPWR,MU,TXN,VRSN,WDC,EQT,HAL,AES,D,ETR,EXC,NRG,PPL,FCX,MOS,NUE,STLD"
2008-09-26,5,4,39,20,39,20,0.5,0.5,1.0,mixed,0.6666666666666667,0.2727272727272726,"BEN,BRO,FIS,FITB,KEY,PNC,PRU,TFC,CNC,DVA,IDXX,REGN,AOS,AXON,BA,CTAS,EFX,FAST,FDX,FIX,GE,GWW,LII,LMT,MAS,PAYX,SWK,GRMN,MAR,MGM,ORLY,PHM,RL,TSCO,CLX,HSY,MDLZ,SJM,TSN","AKAM,CRM,CTSH,GLW,KLAC,MPWR,MU,TXN,VRSN,WDC,EQT,AES,ETR,EXC,NRG,PPL,FCX,MOS,NUE,STLD"
2008-10-03,5,4,42,24,42,24,0.5,0.5,1.0,mixed,0.42857142857142855,0.5833333333333334,"BRO,FITB,KEY,PNC,PRU,SCHW,TFC,CNC,DVA,HSIC,IDXX,REGN,RMD,AOS,BA,CTAS,EFX,FAST,FDX,FIX,GE,GWW,LII,LMT,LUV,MAS,PAYX,ROL,SWK,AMZN,LOW,LVS,MAR,MGM,ORLY,PHM,TSCO,CHD,CLX,HSY,MDLZ,SJM","ADBE,AKAM,CIEN,CRM,CTSH,KLAC,MPWR,QCOM,VRSN,WDC,EQT,WMB,AES,EIX,ETR,EXC,NEE,NRG,PPL,APD,FCX,MOS,NUE,STLD"
2008-10-10,5,4,47,25,47,25,0.5,0.5,1.0,mixed,0.29787234042553185,0.23999999999999988,"BRO,FITB,HBAN,JPM,KEY,PNC,SCHW,TFC,AMGN,CNC,DVA,HSIC,IDXX,REGN,RMD,AOS,BA,CTAS,EFX,FAST,FDX,FIX,GWW,LII,LMT,LUV,MAS,MMM,PAYX,ROL,RTX,SWK,UPS,AMZN,LOW,LVS,MAR,MGM,ORLY,PHM,TSCO,CHD,CLX,HSY,MDLZ,PG,SJM","ADBE,AKAM,CRM,CTSH,KLAC,MPWR,PTC,QCOM,STX,VRSN,WDC,EQT,WMB,AES,EIX,ETR,EXC,NEE,NRG,PEG,PPL,APD,FCX,MOS,STLD"
2008-10-17,4,5,30,38,30,38,0.5,0.5,1.0,mixed,0.9361702127659575,0.7894736842105263,"BAC,COF,FITB,HBAN,JPM,KEY,MTB,SCHW,TFC,USB,AMGN,CNC,DVA,HSIC,IDXX,REGN,RMD,LOW,LVS,MAR,MGM,ORLY,PHM,CHD,CLX,HSY,MDLZ,PG,SJM,SYY","ADBE,AKAM,CRM,CTSH,IBM,KLAC,MPWR,PTC,ROP,SNPS,VRSN,WDC,APA,EQT,WMB,AME,CSX,DE,ETN,HON,J,JBHT,PWR,UNP,WAB,WM,AES,EIX,ETR,EXC,NEE,NRG,PEG,PPL,APD,FCX,MOS,STLD"
2008-10-24,4,5,27,32,27,32,0.5,0.5,1.0,mixed,0.46666666666666656,0.5789473684210527,"COF,FITB,HBAN,JPM,KEY,MTB,SCHW,TFC,USB,ALGN,AMGN,CNC,HSIC,REGN,RMD,LOW,LVS,MAR,NVR,PHM,WSM,CHD,CLX,HSY,KMB,PG,SJM","ACN,ADBE,CRM,CTSH,GLW,IBM,KLAC,MPWR,ROP,SNPS,TER,WDC,BKR,EQT,AME,CHRW,DE,HON,J,JBHT,PWR,WAB,WM,EIX,EXC,NEE,NRG,PEG,PPL,APD,MOS,STLD"
2008-10-31,4,5,28,29,28,29,0.5,0.5,1.0,mixed,0.42857142857142855,0.375,"CME,COF,FITB,HBAN,JPM,KEY,MTB,NDAQ,TFC,USB,ALGN,DVA,HSIC,RMD,F,HD,LOW,LVS,MAR,NVR,ORLY,WSM,CHD,CLX,HSY,KMB,PG,SJM","ACN,ADBE,CRM,CTSH,GLW,IBM,KLAC,MPWR,TER,WDC,BKR,AME,CHRW,DE,HON,J,JBHT,LUV,NSC,URI,WAB,EIX,NEE,NRG,PEG,PPL,APD,MOS,STLD"
2008-11-07,4,5,27,29,27,29,0.5,0.5,1.0,mixed,0.3571428571428571,0.4827586206896552,"BRK-B,CINF,CME,COF,HBAN,JPM,KEY,MTB,NDAQ,TFC,USB,ALGN,DVA,PFE,F,HD,LOW,LVS,NKE,NVR,ORLY,WSM,CHD,CLX,HSY,KMB,PG","ACN,ADBE,APH,CRM,GLW,IBM,KLAC,MPWR,NTAP,TER,WDC,APA,BKR,ADP,DE,HON,J,JBHT,JCI,LUV,NSC,TT,UNP,URI,WAB,NRG,PEG,APD,MOS"
2008-11-14,4,5,29,24,29,24,0.5,0.5,1.0,mixed,0.41379310344827586,0.5517241379310345,"BRK-B,CB,CINF,CME,COF,ERIE,HBAN,JPM,MTB,NDAQ,RF,USB,WFC,WRB,DVA,PFE,F,GPC,HD,LOW,LVS,NKE,NVR,ORLY,CHD,CLX,HSY,KMB,PG","ADBE,APH,CRM,GEN,GLW,IBM,KLAC,MPWR,NTAP,TER,WDC,ZBRA,BKR,HAL,DE,J,JBHT,JCI,LUV,TT,URI,WAB,PEG,MOS"
2008-11-21,4,5,28,27,28,27,0.5,0.5,1.0,mixed,0.2758620689655172,0.5185185185185186,"BRK-B,CB,CINF,CME,ERIE,HBAN,JPM,MTB,NDAQ,RF,USB,WFC,WRB,ABT,DVA,F,GPC,HD,LVS,MCD,NKE,ORLY,CHD,CLX,HSY,KMB,KO,PG","AAPL,ADBE,APH,COHR,CRM,CTSH,GEN,GLW,IBM,KLAC,LRCX,MRVL,NTAP,TER,WDC,ZBRA,BKR,HAL,SLB,DE,JBHT,JCI,LUV,TT,URI,WAB,CNP"
2008-11-28,4,5,21,46,21,46,0.5,0.5,1.0,mixed,1.0714285714285714,0.9565217391304347,"ABT,BMY,DVA,F,GPC,HD,LVS,MCD,NKE,ORLY,TSCO,YUM,CHD,KMB,KO,MDLZ,PG,ATO,EVRG,SO,XEL","AAPL,ADBE,APH,CDNS,COHR,CRM,CTSH,FICO,GEN,GLW,IBM,INTC,KLAC,LRCX,MRVL,MSI,NTAP,QCOM,SWKS,TER,TYL,WDC,ZBRA,HIG,IVZ,MET,MS,NTRS,PFG,PRU,RJF,TROW,BKR,EQT,HAL,SLB,CMI,DE,FAST,JBHT,MAS,PCAR,TT,URI,WAB,FCX"
2008-12-05,3,6,15,50,15,50,0.5,0.5,1.0,mixed,1.1428571428571428,0.5199999999999999,"ABT,BMY,GILD,TECH,CHD,DLTR,KMB,KO,PG,ATO,DUK,ED,EVRG,PNW,XEL","ADBE,ADSK,AKAM,APH,CDNS,COHR,CRM,FICO,GLW,IBM,INTC,IT,KLAC,LRCX,MSI,NTAP,SWKS,TER,TYL,WDC,ZBRA,C,HIG,IVZ,MET,PFG,PRU,RJF,TROW,BKR,EQT,HAL,OXY,SLB,CAT,CMI,EME,FAST,JBHT,MAS,TT,URI,WAB,AMZN,BBY,DHI,DPZ,WYNN,FCX,STLD"
2008-12-12,3,6,15,51,15,51,0.5,0.5,1.0,mixed,0.6666666666666667,0.43137254901960775,"ABT,BMY,GILD,JNJ,TECH,CHD,DLTR,KR,DUK,ED,ES,EVRG,LNT,PCG,PNW","ADBE,ADSK,AMD,APH,CDNS,COHR,CRM,FICO,GLW,IBM,INTU,IT,KLAC,LRCX,MSI,NTAP,TER,TYL,WDC,ZBRA,C,IVZ,MET,PFG,PRU,RJF,TROW,BKR,HAL,SLB,ADP,CMI,FAST,FIX,HON,LMT,MAS,SWK,TT,URI,WAB,AMZN,BBY,CCL,DHI,DPZ,HAS,TJX,WYNN,FCX,MOS"
2008-12-19,4,5,17,27,17,27,0.5,0.5,1.0,mixed,0.8235294117647058,1.0588235294117645,"CIEN,HPQ,ORCL,SNPS,BMY,GILD,LH,TECH,DLTR,KR,MDLZ,SJM,ED,ES,LNT,PCG,PNW","C,IVZ,PRU,RJF,TROW,BKR,SLB,ADP,CMI,FAST,FIX,GWW,HON,LMT,MAS,SWK,TT,URI,AMZN,CCL,DHI,DPZ,TJX,TSCO,WYNN,APD,MOS"
2008-12-26,3,6,13,27,13,27,0.5,0.5,1.0,mixed,0.7058823529411766,0.8888888888888886,"CIEN,ORCL,SNPS,BMY,GILD,LH,TECH,ES,ETR,LNT,NRG,PCG,PNW","C,PRU,RJF,COP,SLB,ADP,FAST,GWW,JCI,LII,LUV,MAS,SWK,URI,CCL,DHI,DPZ,TJX,TSCO,EL,HRL,MDLZ,PEP,SJM,SYY,TGT,IP"
2009-01-02,2,7,10,40,10,40,0.5,0.5,1.0,mixed,0.7692307692307694,0.9,"AKAM,CIEN,ORCL,SNPS,ES,ETR,LNT,NEE,NRG,PCG","AIZ,C,RJF,COP,SLB,TPL,CI,CNC,DHR,HSIC,MDT,MTD,RVTY,STE,VTRS,WAT,ZBH,ADP,FAST,GE,GWW,JCI,LII,LUV,MAS,SWK,URI,CCL,TJX,TSCO,MDLZ,MKC,PEP,SJM,SYY,TGT,ECL,IP,PPG,SHW"
2009-01-09,3,6,10,40,10,40,0.5,0.5,1.0,mixed,0.2,0.5000000000000001,"AKAM,CIEN,ORCL,SNPS,WMB,ES,LNT,NEE,NRG,PCG","BRO,C,PNC,RJF,WFC,DHR,HSIC,MDT,RVTY,STE,WAT,WST,ZBH,ADP,BLDR,CPRT,CTAS,FAST,GE,GWW,JCI,LII,LUV,MAS,SWK,URI,CCL,PHM,SBUX,TJX,TSCO,MDLZ,MKC,MO,SJM,SYY,ECL,IP,PPG,SHW"
2009-01-16,4,5,15,30,15,30,0.5,0.5,1.0,mixed,1.2000000000000002,0.8999999999999999,"AKAM,CIEN,SNPS,DE,EMR,ETN,HON,LHX,MMM,ROL,RTX,TXT,ES,NEE,NRG","BRO,C,MTB,PNC,WFC,BAX,DHR,DVA,HSIC,ISRG,MDT,STE,WAT,ZBH,CCL,DECK,PHM,SBUX,TJX,TSCO,CLX,MDLZ,MKC,MO,SYY,AVY,DD,ECL,IP,SHW"
2009-01-23,4,5,10,29,10,29,0.5,0.5,1.0,mixed,0.8,0.5333333333333333,"AKAM,CIEN,DE,EMR,HON,LHX,RTX,NEE,NRG,PPL","BAC,BRO,C,FITB,MCO,MTB,PNC,WFC,AMGN,BAX,DHR,ISRG,MDT,REGN,STE,WAT,DECK,SBUX,TJX,TSCO,CLX,HSY,KMB,MDLZ,MO,AVY,DD,ECL,IP"
2009-01-30,4,5,18,28,18,28,0.5,0.5,1.0,mixed,1.0000000000000002,0.689655172413793,"AKAM,CRM,KLAC,ROP,BKR,OXY,CMI,DE,EMR,ETN,HON,LHX,RTX,TT,CNP,NEE,NRG,PPL","BAC,BRO,FITB,HBAN,MTB,PNC,TFC,WFC,A,BAX,ISRG,STE,GPC,HD,MCD,NKE,TJX,TSCO,CHD,CLX,HSY,KMB,MDLZ,PG,AVY,DD,ECL,IP"
2009-02-06,5,4,22,29,22,29,0.5,0.5,1.0,mixed,0.818181818181818,0.5517241379310345,"CRM,KLAC,LRCX,TER,BKR,OXY,CAT,CMI,DE,ETN,HON,LHX,PCAR,ROK,RSG,TT,CNP,NEE,NRG,NEM,NUE,STLD","ACGL,BAC,BRO,EG,FITB,HBAN,MTB,PNC,TFC,WFC,WRB,A,BAX,BSX,JNJ,STE,TECH,TMO,GPC,HD,MCD,NKE,TJX,TSCO,CHD,EL,HSY,KMB,PG"
2009-02-13,6,3,34,20,34,20,0.5,0.5,1.0,mixed,0.8823529411764705,0.6206896551724137,"CRM,KLAC,LRCX,NVDA,TER,BKR,OXY,CMI,DE,EME,EXPD,GD,HON,LHX,NOC,PCAR,ROK,RSG,TT,AMZN,BBY,BKNG,DPZ,DRI,GRMN,LVS,MGM,RCL,CNP,NRG,APD,NEM,NUE,STLD","ACGL,BAC,BRO,EG,FITB,HBAN,MTB,PNC,TFC,WFC,BAX,BSX,JNJ,STE,TECH,CHD,EL,HSY,KMB,PG"
2009-02-20,6,3,34,22,34,22,0.5,0.5,1.0,mixed,0.2941176470588235,0.3636363636363637,"CRM,GEN,IBM,KLAC,LRCX,NVDA,TER,BKR,OXY,CAT,CMI,DE,EME,GD,HON,LHX,NOC,PCAR,RSG,TT,AMZN,BBY,DPZ,DRI,EXPE,GRMN,LVS,MGM,RCL,CMS,CNP,APD,NUE,STLD","ACGL,BAC,BRO,CINF,COF,EG,FITB,HBAN,JKHY,MTB,PNC,TFC,WFC,JNJ,STE,TECH,WST,CHD,EL,HSY,KMB,PG"
2009-02-27,6,3,38,23,38,23,0.5,0.5,1.0,mixed,0.5263157894736841,0.5217391304347827,"ADSK,CRM,GEN,IBM,KLAC,LRCX,NTAP,NVDA,TER,WDC,BKR,SLB,CMI,EME,ETN,FIX,GD,HON,HUBB,ITW,LHX,NOC,PCAR,RSG,TT,URI,AMZN,BBY,DECK,DPZ,DRI,GRMN,LVS,MGM,RCL,CMS,APD,STLD","ACGL,BAC,BRO,CINF,COF,EG,ERIE,FITB,HBAN,PNC,TFC,WFC,BMY,JNJ,LH,MTD,RVTY,TECH,WST,HSY,KMB,KR,PG"
2009-03-06,5,4,40,21,40,21,0.5,0.5,1.0,mixed,0.3999999999999999,0.4347826086956521,"ADSK,CRM,GEN,IBM,KLAC,LRCX,SNPS,TER,WDC,BKR,SLB,AME,CMI,EFX,EME,ETN,FIX,GD,HON,HUBB,ITW,LMT,NOC,PCAR,RSG,SWK,TT,URI,AMZN,BBY,DECK,DPZ,DRI,GRMN,MGM,RCL,ROST,ALB,APD,MOS","ACGL,BRO,CINF,COF,ERIE,FITB,HBAN,PNC,WFC,BMY,JNJ,LH,MDT,MTD,RVTY,TECH,WST,KR,PG,ETR,SO"
2009-03-13,5,4,29,26,29,26,0.5,0.5,1.0,mixed,0.6499999999999999,0.5384615384615383,"ADSK,CRM,GEN,IBM,TER,WDC,BKR,SLB,AME,EFX,FIX,ITW,LMT,NOC,PCAR,PNR,SWK,TT,AMZN,BBY,DPZ,DRI,GRMN,MGM,ROST,YUM,ALB,APD,MOS","ACGL,C,CINF,COF,ERIE,FITB,HBAN,JKHY,PNC,USB,WFC,BMY,JNJ,LH,MDT,MTD,TECH,WST,KR,PG,ATO,D,ETR,NI,SO,WEC"
2009-03-20,4,5,24,28,24,28,0.5,0.5,1.0,mixed,0.8275862068965516,0.5000000000000001,"ADI,ADSK,AMAT,CDNS,GEN,IBM,QCOM,TER,WDC,BKR,SLB,AME,CPRT,EFX,EMR,FIX,LMT,NOC,PCAR,PNR,PWR,SWK,TT,APD","ACGL,AFL,C,CINF,COF,ERIE,FITB,GL,HBAN,JKHY,PNC,USB,WFC,JNJ,LH,TECH,WST,GPC,MCD,ORLY,TPR,PG,AEE,ATO,ETR,NI,SO,WEC"
2009-03-27,3,6,11,30,11,30,0.5,0.5,1.0,mixed,1.2500000000000002,0.5333333333333332,"AMAT,APH,CDNS,GEN,IBM,QCOM,TER,WDC,SLB,APD,NEM","ACGL,AFL,BAC,CINF,COF,ERIE,FIS,FITB,GL,JKHY,PNC,TFC,TRV,USB,WFC,WRB,JNJ,GWW,GPC,LOW,MCD,ORLY,TPR,PG,AEE,ATO,ETR,SO,WEC,XEL"
2009-04-03,4,5,20,13,20,13,0.5,0.5,1.0,mixed,1.0000000000000002,1.2666666666666666,"AMAT,APH,GEN,IBM,MPWR,QCOM,TER,WDC,C,CME,FISV,GS,JPM,MS,RJF,SPGI,TROW,SLB,APD,NEM","JNJ,GWW,LOW,MCD,ORLY,YUM,PG,AEE,ATO,DTE,ETR,SO,WEC"
2009-04-10,4,5,15,18,15,18,0.5,0.5,1.0,mixed,1.0,1.0000000000000002,"AMAT,GEN,IBM,MPWR,QCOM,SWKS,TXN,TYL,WDC,BAC,C,CME,FISV,JPM,NTRS","ABT,EMR,LHX,PAYX,RSG,SNA,MCD,ORLY,YUM,CHD,HSY,MDLZ,PG,AEE,ATO,DTE,SO,WEC"
2009-04-17,4,5,15,18,15,18,0.5,0.5,1.0,mixed,0.6666666666666666,0.6666666666666667,"AMAT,COHR,MCHP,QCOM,SWKS,TXN,TYL,BAC,C,CME,JPM,NTRS,SCHW,OXY,WMB","ABT,HUM,LHX,LII,ROL,RSG,RTX,SNA,MCD,YUM,BF-B,CHD,MDLZ,AEE,ATO,SO,WEC,XEL"
2009-04-24,6,3,27,11,27,11,0.5,0.5,1.0,mixed,1.1851851851851853,1.111111111111111,"AMAT,MCHP,MU,QCOM,SWKS,TXN,TYL,BLK,C,JPM,MTB,SCHW,OXY,WMB,CPRT,CSX,FAST,IEX,JBHT,PWR,BBY,DHI,LVS,MGM,RCL,SBUX,TJX","ABT,COR,HUM,BF-B,DLTR,MDLZ,STZ,AEE,ATO,SO,XEL"
2009-05-01,6,3,26,11,26,11,0.5,0.5,1.0,mixed,0.5925925925925926,0.36363636363636365,"AMAT,LRCX,MCHP,QCOM,SWKS,TYL,BLK,C,IVZ,JPM,MTB,SCHW,CSX,GE,IEX,JBHT,PCAR,PWR,UPS,BBY,DHI,LVS,MGM,NKE,TJX,DD","ABT,HUM,REGN,BF-B,CL,DLTR,MDLZ,STZ,AEE,ATO,SO"
2009-05-08,6,3,21,12,21,12,0.5,0.5,1.0,mixed,0.769230769230769,0.6666666666666667,"AAPL,AMAT,INTC,LRCX,MCHP,QCOM,SWKS,TYL,IVZ,MTB,CSX,GE,JBHT,NOC,PCAR,UPS,AMZN,DHI,GRMN,LVS,NKE","ABT,GILD,HUM,REGN,RMD,BF-B,CL,DLTR,MDLZ,SJM,STZ,AEP"
2009-05-15,6,3,18,12,18,12,0.5,0.5,1.0,mixed,0.9523809523809526,0.16666666666666666,"AAPL,AMAT,CIEN,INTC,LRCX,MCHP,NVDA,GS,CSX,GE,JBHT,NOC,PCAR,AMZN,BBY,F,MAR,APD","ABT,GILD,REGN,RMD,BF-B,CL,DLTR,MDLZ,MNST,SJM,STZ,AEP"
2009-05-22,6,3,17,11,17,11,0.5,0.5,1.0,mixed,1.1111111111111112,0.6666666666666667,"AAPL,AMAT,AMD,CIEN,TRMB,RF,DVN,EOG,TPL,CSX,GE,BBY,DECK,EXPE,F,MAR,TPR","ABT,DGX,GILD,RMD,CL,DLTR,GIS,MNST,STZ,AEP,CMS"
2009-05-29,5,4,14,17,14,17,0.5,0.5,1.0,mixed,0.7058823529411764,1.176470588235294,"CME,RF,STT,DVN,EOG,TPL,CSX,GE,URI,DECK,EXPE,F,MAR,TPR","ACN,ADI,INTU,ORCL,ROP,SNPS,ABT,BAX,VTRS,DLTR,GIS,MNST,PG,STZ,AEP,CMS,WEC"
2009-06-05,5,4,17,15,17,15,0.5,0.5,1.0,mixed,0.47058823529411764,0.3529411764705882,"AXP,RF,STT,DVN,EOG,TPL,CAT,CSX,GE,ROK,URI,DECK,EXPE,F,MAR,RCL,TPR","ACN,INTU,ORCL,ROP,SNPS,ABT,BAX,MRK,VTRS,GIS,PG,STZ,AEP,CMS,WEC"
2009-06-12,5,4,23,19,23,19,0.5,0.5,1.0,mixed,0.6086956521739131,0.5263157894736843,"AXP,STT,APA,COP,DVN,EOG,TPL,CAT,CSX,GE,ROK,TT,TXT,URI,DECK,EXPE,F,MAR,MGM,RCL,SBUX,TJX,TPR","ACN,INTU,ORCL,ROP,SNPS,ABT,BAX,DVA,MRK,VTRS,CHD,GIS,PEP,PG,STZ,AEE,CMS,NEE,WEC"
2009-06-19,5,4,20,16,20,16,0.5,0.5,1.0,mixed,0.2608695652173914,0.631578947368421,"AXP,STT,APA,COP,DVN,EOG,TPL,CAT,CSX,GE,ROK,TT,URI,DECK,EXPE,F,MAR,RCL,SBUX,TPR","INTU,ORCL,ROP,ABT,BAX,BDX,DVA,MRK,VTRS,CHD,HRL,PEP,WMT,AEE,CMS,NEE"
2009-06-26,5,4,19,15,19,15,0.5,0.5,1.0,mixed,0.0999999999999999,0.375,"AXP,STT,APA,COP,DVN,EOG,TPL,CAT,CSX,ROK,TT,URI,DECK,EXPE,F,MAR,RCL,SBUX,TPR","GEN,INTU,ORCL,ROP,BAX,BDX,MRK,VTRS,CHD,HRL,PEP,WMT,CMS,NEE,SRE"
2009-07-03,5,4,20,11,20,11,0.5,0.5,1.0,mixed,0.29999999999999993,0.5333333333333333,"FITB,STT,APA,COP,DVN,EOG,TPL,CSX,JBHT,ROK,SNA,TT,URI,DECK,EXPE,F,MAR,RCL,SBUX,TPR","GEN,INTU,ORCL,BDX,MRK,VTRS,CHD,WMT,CMS,NEE,SRE"
2009-07-10,4,5,10,17,10,17,0.5,0.5,1.0,mixed,1.1000000000000003,1.0588235294117647,"FITB,STT,APA,COP,TPL,BA,CSX,JBHT,TT,URI","AMAT,GEN,ORCL,VTRS,AMZN,AZO,DRI,GRMN,HAS,PHM,YUM,CHD,SYY,WMT,CMS,NEE,SRE"
2009-07-17,4,5,7,15,7,15,0.5,0.5,1.0,mixed,0.7999999999999998,0.3529411764705882,"STT,COP,OKE,TPL,BA,CSX,JBHT","AMAT,GEN,ORCL,VTRS,AZO,DRI,GRMN,PHM,YUM,CHD,DLTR,SYY,WMT,CMS,NEE"
2009-07-24,4,5,6,17,6,17,0.5,0.5,1.0,mixed,0.2857142857142857,0.588235294117647,"STT,COP,OKE,BA,CSX,JBHT","AMAT,GEN,ORCL,TYL,VRSN,CAH,CNC,VTRS,AZO,DHI,PHM,YUM,CHD,DLTR,SYY,WMT,NEE"
2009-07-31,4,5,7,16,7,16,0.5,0.5,1.0,mixed,1.4285714285714286,0.47058823529411764,"BEN,OKE,AOS,CSX,NDSN,NSC,PKG","AMAT,GEN,ROP,TYL,VRSN,CAH,CNC,EW,VTRS,AZO,PHM,CHD,DLTR,MNST,SYY,NEE"
2009-08-07,5,4,12,11,12,11,0.5,0.5,1.0,mixed,0.8333333333333334,0.8750000000000001,"BEN,BLK,FISV,OKE,AOS,BLDR,CSX,ITW,NDSN,NSC,UNP,PKG","GEN,IBM,ROP,TYL,VRSN,CAH,CNC,LLY,AZO,MNST,SYY"
2009-08-14,5,4,16,12,16,12,0.5,0.5,1.0,mixed,0.49999999999999994,0.33333333333333337,"BEN,BLK,FISV,IVZ,OKE,AOS,BLDR,CSX,ITW,NDSN,NSC,ODFL,ROK,UNP,EXC,PKG","GEN,IBM,ROP,TYL,VRSN,ALGN,CAH,CNC,LLY,AZO,MAR,SYY"
2009-08-21,4,5,16,12,16,12,0.5,0.5,1.0,mixed,0.125,0.3333333333333333,"AXP,BEN,BLK,FISV,IVZ,AOS,BLDR,CSX,ITW,NDSN,NSC,ODFL,ROK,UNP,EXC,PKG","GEN,IBM,ROP,TYL,VRSN,ALGN,CAH,CNC,ELV,LLY,F,MAR"
2009-08-28,4,5,15,13,15,13,0.5,0.5,1.0,mixed,0.24999999999999994,0.4615384615384614,"AIZ,AXP,BEN,IVZ,AOS,BLDR,CSX,ITW,NDSN,NSC,ODFL,ROK,UNP,EXC,PKG","IBM,ROP,TYL,VRSN,ALGN,CNC,ELV,LLY,F,MAR,MGM,BF-B,WMT"
2009-09-04,4,5,17,16,17,16,0.5,0.5,1.0,mixed,0.47058823529411764,0.5,"AIZ,AXP,BEN,IVZ,STT,AOS,CMI,CSX,ITW,MMM,NDSN,NSC,ROK,UNP,EXC,PNW,PKG","IBM,QCOM,ROP,TYL,VRSN,ALGN,CNC,DGX,ELV,LLY,UNH,F,MAR,MGM,TPR,BF-B"
2009-09-11,4,5,17,20,17,20,0.5,0.5,1.0,mixed,0.23529411764705882,0.5999999999999999,"AIZ,AXP,BEN,IVZ,CMI,CSX,ITW,MMM,NDSN,NSC,ROK,UNP,URI,EVRG,EXC,PNW,PKG","GEN,IBM,MSI,QCOM,ROP,TYL,VRSN,TPL,ALGN,CNC,DGX,ELV,EW,LH,LLY,UNH,MAR,TPR,BF-B,HRL"
2009-09-18,4,5,16,16,16,16,0.5,0.5,1.0,mixed,0.47058823529411764,0.7,"AIZ,AXP,BEN,IVZ,CAT,CMI,CSX,ETN,MMM,NDSN,ROK,SNA,URI,EVRG,PNW,PKG","GEN,IBM,MPWR,MSI,QCOM,TYL,TPL,BDX,CNC,DGX,ELV,LLY,MAR,TPR,DLTR,HRL"
2009-09-25,4,5,14,13,14,13,0.5,0.5,1.0,mixed,0.4999999999999999,0.625,"AIZ,BEN,CAT,CMI,CSX,ETN,JCI,MMM,NDSN,SNA,TXT,URI,EVRG,PNW","GEN,MPWR,ORCL,QCOM,TYL,TPL,BDX,DGX,ELV,LLY,CL,DLTR,HRL"
2009-10-02,3,6,10,13,10,13,0.5,0.5,1.0,mixed,0.7142857142857143,0.46153846153846156,"AIZ,BEN,KEY,CAT,CMI,ETN,JCI,SNA,TXT,URI","GEN,MPWR,ORCL,QCOM,TYL,TPL,DGX,LH,LLY,CL,HRL,EXC,PPL"
2009-10-09,3,6,10,13,10,13,0.5,0.5,1.0,mixed,0.6,0.46153846153846156,"AIZ,KEY,RF,CAT,ETN,JCI,LUV,TXT,URI,ALB","GEN,INTU,ORCL,QCOM,TXN,TPL,DGX,LH,LLY,CL,EXC,PPL,SRE"
2009-10-16,4,5,12,14,12,14,0.5,0.5,1.0,mixed,0.8333333333333336,0.42857142857142866,"AIG,KEY,RF,APA,HAL,OKE,CAT,JCI,TXT,UAL,URI,ALB","GEN,INTU,ORCL,QCOM,TXN,DGX,LH,VRTX,TJX,ADM,CL,EXC,PPL,SRE"
2009-10-23,4,5,10,16,10,16,0.5,0.5,1.0,mixed,0.33333333333333337,0.4999999999999999,"AIG,KEY,RF,HAL,CAT,JCI,TXT,UAL,URI,ALB","GEN,GLW,INTU,ORCL,QCOM,BIIB,DGX,ELV,GILD,LH,VRTX,TJX,ADM,CL,PPL,SRE"
2009-10-30,4,5,10,17,10,17,0.5,0.5,1.0,mixed,0.2,0.588235294117647,"AIG,KEY,RF,HAL,JCI,TXT,UAL,URI,ALB,PPG","GLW,INTU,ORCL,QCOM,SWKS,BIIB,CNC,DGX,GILD,LH,VRTX,ROST,SBUX,TJX,TPR,ADM,SRE"
2009-11-06,4,5,13,18,13,18,0.5,0.5,1.0,mixed,0.6153846153846154,0.7777777777777778,"AIG,AIZ,KEY,RF,HAL,VLO,CMI,JCI,RTX,TXT,UAL,URI,PPG","ADI,GLW,INTU,ORCL,SWKS,AMGN,BIIB,CNC,LH,BKNG,F,ROST,SBUX,TJX,ADM,CHD,CLX,MDLZ"
2009-11-13,4,5,10,20,10,20,0.5,0.5,1.0,mixed,0.7692307692307693,0.7,"AIG,AIZ,KEY,PNC,HAL,WMB,JCI,RTX,TXT,UAL","AAPL,ADI,AMAT,GLW,NVDA,ORCL,SWKS,AMGN,BIIB,ELV,F,NVR,ROST,SBUX,TJX,TSCO,BG,CHD,CLX,MDLZ"
2009-11-20,4,5,13,23,13,23,0.5,0.5,1.0,mixed,1.0769230769230769,0.8695652173913041,"AIZ,KEY,PNC,EOG,HAL,WMB,HUBB,RTX,BF-B,CASY,COST,EL,KR","ADI,AMAT,GLW,MPWR,NVDA,STX,SWKS,WDC,AMGN,BIIB,ELV,LLY,REGN,UNH,LEN,NVR,ROST,SBUX,TJX,TSCO,EVRG,NUE,STLD"
2009-11-27,4,5,13,25,13,25,0.5,0.5,1.0,mixed,0.3076923076923077,0.3999999999999999,"AIZ,KEY,PNC,EOG,WMB,ETN,HUBB,RTX,BF-B,CASY,EL,KR,PG","ADI,AMAT,CIEN,GLW,INTC,MPWR,NVDA,STX,SWKS,AMGN,BIIB,CVS,ELV,MCK,MRK,REGN,UNH,LEN,NVR,ROST,SBUX,TSCO,EVRG,NUE,STLD"
2009-12-04,5,4,25,19,25,19,0.5,0.5,1.0,mixed,1.1199999999999999,1.0399999999999998,"AMP,KEY,PNC,EOG,WMB,ABT,BAX,COR,DVA,EW,LLY,RMD,STE,ZBH,CAT,DOV,FDX,HUBB,RTX,BF-B,CASY,EL,GIS,KR,PG","ADI,AMAT,CIEN,INTC,NVDA,QCOM,SWKS,GRMN,HD,LEN,NVR,PHM,ROST,SBUX,TJX,WSM,EXC,NUE,STLD"
2009-12-11,4,5,24,18,24,18,0.5,0.5,1.0,mixed,0.3999999999999999,0.3157894736842104,"CVX,EOG,WMB,ABT,BAX,CNC,COR,DVA,EW,LLY,RMD,STE,ZBH,ADP,CAT,DOV,FDX,HUBB,RTX,SWK,EL,GIS,KR,PG","AMAT,CIEN,CRM,INTC,NVDA,QCOM,SWKS,STT,GRMN,HD,LEN,PHM,ROST,TJX,WSM,EXC,NUE,STLD"
2009-12-18,5,4,35,17,35,17,0.5,0.5,1.0,mixed,0.9714285714285714,0.3333333333333333,"CVX,EOG,WMB,XOM,ABT,BDX,CAH,CNC,EW,JNJ,LLY,RMD,TECH,ADP,AME,CAT,DOV,FDX,ITW,MMM,RTX,SWK,WM,CL,EL,GIS,KR,PG,D,DTE,DUK,ED,LNT,PCG,SO","AMAT,CIEN,CRM,INTC,NVDA,QCOM,SWKS,ZBRA,STT,GRMN,LEN,NVR,PHM,ROST,TJX,WSM,STLD"
2009-12-25,5,4,35,18,35,18,0.5,0.5,1.0,mixed,0.22857142857142856,0.5555555555555556,"CVX,EOG,WMB,XOM,BDX,CAH,CNC,EW,GILD,JNJ,LLY,TECH,ADP,AME,DE,DOV,FDX,ITW,MMM,PAYX,RTX,SWK,WM,CL,EL,GIS,PG,CNP,D,DTE,DUK,ED,LNT,PCG,SO","AMAT,CDNS,CIEN,CRM,FICO,INTC,QCOM,ZBRA,AIG,STT,GRMN,LEN,NVR,PHM,RCL,ROST,WSM,CRH"
2010-01-01,5,4,34,18,34,18,0.5,0.5,1.0,mixed,0.3428571428571428,0.3333333333333333,"CVX,EOG,WMB,XOM,CAH,EW,GILD,JNJ,LH,LLY,MDT,TECH,VRTX,ADP,DE,FDX,MMM,NSC,PAYX,RTX,SWK,WM,CL,EL,GIS,PG,CNP,D,DTE,DUK,ED,LNT,PCG,XEL","CDNS,CIEN,CRM,FICO,INTC,ZBRA,AIG,STT,CCL,DPZ,GRMN,LVS,NVR,PHM,RCL,ROST,WSM,CRH"
2010-01-08,5,4,34,19,34,19,0.5,0.5,1.0,mixed,0.4117647058823529,0.42105263157894723,"CVX,EOG,WMB,XOM,GILD,JNJ,LH,MDT,VRTX,ADP,AOS,DE,EXPD,FDX,LMT,MMM,NSC,PAYX,ROL,RTX,SWK,WM,CL,CLX,GIS,PG,AEP,CNP,D,ED,LNT,PCG,PPL,XEL","CDNS,CIEN,CSCO,FICO,INTC,ZBRA,AIG,AIZ,CCL,DPZ,GRMN,LVS,MGM,NVR,RCL,ROST,WSM,CF,CRH"
2010-01-15,4,5,33,20,33,20,0.5,0.5,1.0,mixed,0.35294117647058837,0.49999999999999994,"GILD,JNJ,LH,MDT,VRTX,ADP,AOS,DE,EXPD,FDX,LMT,MMM,NSC,PAYX,ROL,RTX,SWK,TDG,UPS,WM,CL,CLX,GIS,PG,SJM,AEP,CMS,CNP,ED,LNT,PNW,PPL,XEL","ADSK,CDNS,CSCO,FICO,VRSN,AIG,AIZ,APA,BKR,CCL,DPZ,LVS,MGM,NVR,RCL,ROST,WSM,CF,CRH,NUE"
2010-01-22,4,5,26,15,26,15,0.5,0.5,1.0,mixed,0.8484848484848486,0.7999999999999998,"BIIB,BMY,GILD,MDT,AOS,DE,EXPD,LUV,MMM,ROL,TDG,UAL,UPS,WM,CLX,GIS,MO,SJM,WMT,AEP,CMS,CNP,LNT,PNW,WEC,XEL","ADSK,CDNS,CSCO,VRSN,AIG,AIZ,JPM,APA,OXY,CCL,LVS,RCL,ROST,CRH,PPG"
2010-01-29,4,5,31,14,31,14,0.5,0.5,1.0,mixed,0.3870967741935485,0.7999999999999998,"BIIB,BMY,GILD,MDT,TECH,DE,EXPD,LUV,MMM,ROL,SNA,TDG,UAL,UPS,WM,CLX,GIS,KR,MO,SJM,SYY,WMT,AEP,CMS,CNP,ES,EVRG,LNT,PNW,WEC,XEL","ADSK,CSCO,MU,NVDA,VRSN,AIG,BEN,C,JPM,OXY,CCL,LVS,RCL,ECL"
2010-02-05,4,5,33,11,33,11,0.5,0.5,1.0,mixed,0.24242424242424238,0.7142857142857144,"BIIB,BMY,GILD,MDT,PFE,REGN,TECH,DE,EXPD,LUV,MMM,ROL,SNA,TDG,UAL,UPS,WAB,CLX,GIS,KR,MO,SJM,SYY,WMT,AEP,CMS,CNP,ED,ES,EVRG,LNT,WEC,XEL","ADSK,CSCO,MSI,MU,BEN,C,JPM,OXY,LVS,SBUX,ECL"
2010-02-12,4,5,37,12,37,12,0.5,0.5,1.0,mixed,0.5405405405405406,0.6666666666666666,"BIIB,ELV,EW,GILD,REGN,UNH,BA,CPRT,DOV,EMR,EXPD,LUV,MMM,ROL,SNA,TDG,UAL,UPS,WAB,CHD,CLX,GIS,KR,MO,SJM,SYY,AEP,CMS,CNP,D,DTE,ED,ES,EVRG,LNT,WEC,XEL","ADSK,MSI,MU,STX,BEN,C,JPM,EQT,OXY,LVS,RL,APD"
2010-02-19,4,5,37,11,37,11,0.5,0.5,1.0,mixed,0.2702702702702703,0.6666666666666666,"BAX,BIIB,EW,GILD,REGN,UNH,BA,CHRW,CPRT,DOV,EMR,EXPD,FAST,J,LII,LUV,ROL,SNA,TDG,UAL,UPS,WAB,CHD,CLX,GIS,KR,MO,AEP,CMS,CNP,D,ED,ES,EVRG,LNT,WEC,XEL","KLAC,MSI,MU,BEN,C,JPM,OXY,TPL,BBY,RL,APD"
2010-02-26,4,5,39,12,39,12,0.5,0.5,1.0,mixed,0.358974358974359,0.33333333333333337,"BAX,BIIB,ELV,EW,GILD,HUM,REGN,UNH,AXON,BA,CPRT,DOV,EMR,EXPD,FAST,J,LII,LUV,PWR,ROL,SNA,SWK,TDG,UAL,UPS,WAB,CHD,GIS,KR,MDLZ,MO,TSN,AEP,CMS,D,ED,ES,WEC,XEL","KLAC,MSI,BEN,BLK,C,JPM,APA,OXY,TPL,BBY,RL,APD"
2010-03-05,5,4,40,13,40,13,0.5,0.5,1.0,mixed,0.39999999999999997,0.7692307692307692,"BAX,BIIB,ELV,EW,GILD,HUM,REGN,UNH,AXON,BA,DOV,EMR,EXPD,FAST,J,LII,PWR,ROL,SNA,SWK,TDG,UAL,UPS,AZO,DPZ,DRI,GPC,HD,ORLY,TSCO,YUM,MDLZ,MO,TSN,CMS,D,ED,ES,WEC,XEL","AAPL,ADBE,AMD,KLAC,MSI,AIG,BEN,BLK,C,JPM,TPL,WMB,APD"
2010-03-12,5,4,40,13,40,13,0.5,0.5,1.0,mixed,0.3500000000000001,0.3076923076923077,"BIIB,DXCM,ELV,EW,GILD,HUM,REGN,UNH,AXON,BA,CMI,DOV,EMR,FAST,J,LII,PH,PWR,ROK,ROL,SWK,TDG,DPZ,DRI,GPC,ORLY,PHM,TSCO,YUM,CHD,DLTR,MDLZ,MO,TSN,CMS,D,ED,ES,WEC,XEL","AAPL,ADBE,KLAC,MSI,AIG,BEN,BLK,C,TROW,EOG,TPL,WMB,APD"
2010-03-19,6,3,35,14,35,14,0.5,0.5,1.0,mixed,0.44999999999999996,0.857142857142857,"BKR,EQT,BIIB,DXCM,EW,GILD,HUM,UNH,AXON,BA,CMI,EMR,J,LII,PH,PWR,ROK,RSG,SWK,DPZ,DRI,GPC,ORLY,PHM,TSCO,CHD,DLTR,MDLZ,TSN,CMS,D,ED,ES,PNW,XEL","AAPL,ADBE,CRM,KLAC,LRCX,MPWR,MSI,STX,AIG,BEN,BLK,IVZ,APD,FCX"
2010-03-26,6,3,34,14,34,14,0.5,0.5,1.0,mixed,0.4,0.5714285714285714,"BKR,AMGN,BIIB,DXCM,EW,GILD,RVTY,VTRS,AXON,BA,CMI,EMR,J,NOC,PH,PWR,ROK,RSG,DHI,DPZ,DRI,GPC,PHM,CHD,DLTR,MDLZ,TSN,CMS,D,ED,ES,PNW,SO,XEL","CRM,JBL,KLAC,LRCX,MPWR,STX,AIG,BEN,BLK,GPN,IVZ,MS,FCX,VMC"
2010-04-02,5,4,41,15,41,15,0.5,0.5,1.0,mixed,0.6341463414634145,0.5333333333333333,"AMGN,DXCM,EW,GILD,JNJ,RMD,RVTY,VTRS,WST,ADP,AXON,CMI,EMR,GWW,J,NOC,PH,PWR,ROK,RSG,DHI,DPZ,DRI,ROST,CHD,DLTR,GIS,HRL,KR,TSN,ATO,CMS,D,ED,ES,EVRG,LNT,NEE,PNW,SO,XEL","CRM,KLAC,LRCX,STX,BEN,BLK,GPN,IVZ,MS,TROW,CVX,OKE,WMB,FCX,VMC"
2010-04-09,5,4,42,13,42,13,0.5,0.5,1.0,mixed,0.42857142857142866,0.4,"AMGN,BAX,DVA,DXCM,JNJ,RMD,RVTY,STE,VTRS,ADP,CMI,EMR,GWW,J,NOC,PAYX,PCAR,PH,PWR,ROK,TDG,DHI,DRI,ROST,CHD,DLTR,HRL,HSY,KR,TSN,AEP,ATO,CMS,CNP,D,ED,EVRG,LNT,NEE,PNW,SO,XEL","CRM,KLAC,LRCX,STX,BLK,GPN,IVZ,TROW,CVX,DVN,WMB,FCX,VMC"
2010-04-16,4,5,32,17,32,17,0.5,0.5,1.0,mixed,0.8571428571428572,0.9411764705882353,"AMGN,BAX,DVA,DXCM,JNJ,RVTY,STE,UHS,VTRS,ADP,CMI,FIX,GWW,HON,NOC,PCAR,PH,PWR,ROK,TDG,UAL,WM,DRI,ROST,TSCO,BF-B,CHD,DLTR,HRL,KR,PEP,TSN","ADBE,CRM,KLAC,ON,STX,BLK,EG,GPN,IVZ,JPM,TROW,DVN,FE,PPL,SRE,AVY,FCX"
2010-04-23,4,5,38,21,38,21,0.5,0.5,1.0,mixed,0.736842105263158,0.8571428571428572,"BAX,DHR,DVA,EW,JNJ,LLY,REGN,RVTY,STE,UHS,VTRS,WAT,ADP,CMI,CPRT,FIX,HON,NOC,PCAR,PH,PNR,PWR,ROK,UAL,BBY,CCL,GPC,MCD,NKE,ROST,TSCO,DLTR,HRL,KR,MKC,PEP,TGT,TSN","ADBE,KLAC,MSFT,MSI,NTAP,NVDA,BEN,BLK,EG,FIS,GPN,JPM,MS,TROW,DVN,DTE,FE,PPL,SRE,AVY,MOS"
2010-04-30,3,6,29,24,29,24,0.5,0.5,1.0,mixed,0.8421052631578946,0.5833333333333333,"ADP,AOS,CMI,CPRT,ETN,FAST,FIX,HON,NOC,PCAR,PH,PNR,PWR,UAL,BBY,CCL,GPC,MCD,NKE,PHM,ROST,TSCO,WSM,DLTR,HSY,MKC,PEP,TGT,WMT","ADBE,GEN,MSFT,MSI,NTAP,NVDA,AMP,BEN,BLK,EG,FIS,GPN,JPM,TROW,APA,DVN,A,MRK,PFE,DTE,FE,PNW,PPL,MOS"
2010-05-07,3,6,27,33,27,33,0.5,0.5,1.0,mixed,0.2758620689655171,0.8484848484848483,"AOS,CMI,CPRT,ETN,FAST,FIX,HON,LDOS,PCAR,PNR,PWR,BBY,CCL,CMG,GPC,MCD,NKE,PHM,ROST,TSCO,WSM,DLTR,HSY,MKC,PEP,TGT,WMT","ADBE,GEN,MSFT,MSI,NTAP,NVDA,ON,TYL,BEN,BLK,EG,GPN,JPM,MTB,DVN,EQT,ABT,BAX,COO,ELV,MRK,PFE,UNH,CMS,DTE,EVRG,FE,PNW,PPL,APD,CF,MOS,STLD"
2010-05-14,3,6,26,29,26,29,0.5,0.5,1.0,mixed,0.5185185185185187,0.42424242424242414,"AOS,EMR,FAST,FIX,HON,PCAR,PWR,BBY,CMG,GPC,HD,LVS,MAR,MCD,NKE,PHM,TJX,TSCO,WSM,CASY,DLTR,HSY,MKC,PEP,TGT,WMT","ADBE,ADI,GEN,MSI,NTAP,NVDA,ON,TYL,BEN,BLK,EG,GPN,JPM,L,MTB,DVN,EQT,ABT,BAX,MRK,UNH,D,DTE,EVRG,PNW,PPL,CF,MOS,STLD"
2010-05-21,2,7,18,35,18,35,0.5,0.5,1.0,mixed,0.7692307692307692,0.6285714285714286,"CTAS,EMR,FAST,FIX,HON,PCAR,PWR,BBY,CMG,DPZ,HD,LVS,MAR,NKE,PHM,TJX,TSCO,WSM","ADBE,GEN,NTAP,ON,TYL,BEN,BLK,EG,GS,JPM,L,MTB,SCHW,TRV,USB,APA,BKR,DVN,EQT,ABT,BAX,CI,UNH,GIS,SJM,D,DTE,EVRG,LNT,PNW,PPL,SRE,CF,MOS,STLD"
2010-05-28,3,6,23,32,23,32,0.5,0.5,1.0,mixed,1.1304347826086956,0.8571428571428572,"AAPL,COHR,FFIV,INTU,LRCX,MPWR,ROP,SNPS,TER,BBY,CMG,HD,LVS,MAR,NKE,PHM,TJX,TSCO,WSM,NEE,PCG,PEG,SO","BEN,BLK,EG,GS,L,MRSH,MTB,SCHW,TRV,USB,BKR,EQT,ABT,BAX,CI,UNH,ADP,BA,EMR,GD,HUBB,JCI,LDOS,PAYX,RTX,WM,GIS,KO,SJM,CF,MOS,STLD"
2010-06-04,3,6,21,28,21,28,0.5,0.5,1.0,mixed,0.26086956521739124,0.6249999999999999,"AAPL,COHR,INTU,LRCX,MPWR,ROP,SNPS,TER,VRSN,BBY,CMG,HD,LVS,MAR,PHM,TJX,TSCO,WSM,PCG,PEG,SO","BLK,GS,L,MCO,MRSH,SCHW,TRV,USB,BKR,EQT,ABT,CI,GILD,ADP,AXON,BA,EFX,GD,GWW,HUBB,LDOS,PAYX,UAL,KO,SJM,CF,MOS,STLD"
2010-06-11,4,5,34,28,34,28,0.5,0.5,1.0,mixed,0.8823529411764707,0.5,"AAPL,COHR,CRM,INTU,LRCX,MCHP,MPWR,QCOM,ROP,SNPS,TER,VRSN,CMG,HD,LVS,MAR,PHM,TJX,TPR,TSCO,WSM,WYNN,CASY,CHD,CLX,HSY,KR,MKC,MO,STZ,SYY,WMT,PCG,PEG","AMP,GS,L,MCO,MRSH,SCHW,USB,BKR,ABT,CI,GILD,AXON,BA,EFX,FDX,FIX,GD,HUBB,LDOS,LUV,PAYX,UAL,CF,FCX,IP,MOS,PKG,STLD"
2010-06-18,4,5,35,29,35,29,0.5,0.5,1.0,mixed,0.28571428571428575,0.48275862068965514,"AAPL,CRM,INTC,INTU,LRCX,MCHP,MPWR,NTAP,QCOM,ROP,SNPS,TER,VRSN,CMG,HAS,HD,LVS,MAR,ORLY,PHM,TJX,TPR,TSCO,WYNN,CASY,CHD,CLX,HSY,KR,MKC,MO,STZ,SYY,PEG,XEL","AMP,BAC,BEN,L,MCO,MRSH,SCHW,SPGI,APA,BKR,ALGN,CI,GILD,PFE,RMD,AXON,BA,EFX,FDX,FIX,GD,HUBB,LUV,PAYX,UAL,FCX,IP,MOS,STLD"
2010-06-25,3,6,22,31,22,31,0.5,0.5,1.0,mixed,0.9142857142857144,0.5806451612903224,"AAPL,ADSK,AMAT,CRM,INTC,INTU,LRCX,MCHP,MPWR,NTAP,ROP,SNPS,CHD,CLX,DLTR,HSY,KR,MKC,MO,STZ,SYY,PEG","AMP,BAC,BEN,L,MCO,SCHW,SPGI,APA,BKR,HAL,WMB,ALGN,GILD,PFE,VRTX,AOS,AXON,BA,EFX,FDX,FIX,GD,GE,HUBB,MAS,UAL,BKNG,EBAY,ALB,FCX,STLD"
2010-07-02,3,6,18,35,18,35,0.5,0.5,1.0,mixed,0.7272727272727272,0.5142857142857142,"AMAT,CRM,INTU,LRCX,MCHP,NTAP,TRMB,CHD,CLX,DLTR,HSY,KR,MKC,MNST,SYY,EXC,PEG,PPL","AMP,BAC,BEN,BLK,MA,MCO,SCHW,APA,BKR,HAL,WMB,ALGN,GILD,RMD,RVTY,STE,VRTX,AXON,BA,EFX,FDX,FIX,GD,GE,HUBB,MAS,PH,UAL,BKNG,CCL,DECK,RCL,ALB,FCX,STLD"
2010-07-09,3,6,19,37,19,37,0.5,0.5,1.0,mixed,0.5263157894736841,0.3783783783783783,"AKAM,AMAT,CRM,IBM,INTU,LRCX,MCHP,NTAP,TRMB,VRSN,CLX,DLTR,GIS,HSY,MNST,DUK,EXC,PEG,PPL","AMP,BAC,BEN,BLK,GL,MA,MCO,MET,SCHW,APA,WMB,ALGN,GILD,RMD,RVTY,STE,VRTX,AXON,BA,EFX,FDX,FIX,GD,GE,MAS,PH,SWK,UAL,BKNG,CCL,DHI,DPZ,PHM,RCL,ALB,FCX,IFF"
2010-07-16,3,6,22,42,22,42,0.5,0.5,1.0,mixed,0.4545454545454545,0.4285714285714288,"AKAM,CRM,IBM,INTU,LRCX,MCHP,NTAP,TRMB,VRSN,BF-B,CLX,DLTR,GIS,MNST,PEP,DUK,EXC,FE,PEG,PPL,SO,SRE","AMP,BAC,BEN,BLK,BNY,GL,MA,MCO,MET,SCHW,APA,WMB,A,ALGN,BAX,EW,GILD,MDT,RMD,RVTY,STE,VRTX,EFX,FDX,FIX,GD,GE,MAS,NDSN,SWK,UAL,BKNG,CCL,DHI,DPZ,LOW,MGM,NVR,PHM,ALB,FCX,IFF"
2010-07-23,4,5,28,34,28,34,0.5,0.5,1.0,mixed,0.5714285714285713,0.7142857142857143,"ADI,AKAM,CRM,CTSH,IBM,INTU,LRCX,MCHP,NTAP,VRSN,COO,HUM,LLY,MCK,MRK,PFE,CLX,DLTR,GIS,MNST,PEP,DUK,EXC,FE,PEG,PPL,SO,SRE","AMP,BAC,BEN,BLK,BNY,FITB,MA,PRU,SCHW,APA,SLB,WMB,EFX,FDX,FIX,GE,MAS,NDSN,PH,SWK,BBY,BKNG,CCL,DHI,DPZ,LOW,MGM,NVR,PHM,ALB,CF,FCX,IFF,MOS"
2010-07-30,4,5,33,29,33,29,0.5,0.5,1.0,mixed,0.7878787878787878,0.4705882352941177,"ADI,CRM,CTSH,LRCX,MCHP,MSI,NTAP,QCOM,ROP,SWKS,TYL,COO,DGX,HUM,IDXX,LLY,MRK,PFE,TMO,UHS,UNH,CASY,CLX,GIS,HRL,MNST,SJM,DUK,EXC,FE,PEG,PPL,SRE","BAC,BEN,BLK,BNY,FITB,PRU,SCHW,WFC,COP,WMB,EFX,FDX,GE,J,MAS,NDSN,PH,SWK,BBY,CCL,DHI,DPZ,LOW,MGM,PHM,ALB,CF,IFF,MOS"
2010-08-06,4,5,25,31,25,31,0.5,0.5,1.0,mixed,0.606060606060606,0.3870967741935484,"ADI,CTSH,MCHP,MSI,NTAP,QCOM,ROP,SWKS,TYL,BAX,COO,DGX,GILD,HUM,LLY,MRK,UNH,HRL,MNST,SJM,DUK,EXC,FE,PPL,SRE","BAC,BEN,BNY,FITB,HIG,PFG,PRU,SCHW,WFC,COP,EQT,WMB,FAST,FDX,GE,J,MAS,NDSN,PH,SWK,BBY,CCL,DHI,LOW,MGM,PHM,ALB,CRH,IFF,MOS,VMC"
2010-08-13,6,3,26,22,26,22,0.5,0.5,1.0,mixed,0.46153846153846156,0.9032258064516128,"ADI,CTSH,MSI,QCOM,SNPS,SWKS,TYL,CVX,XOM,BAX,COO,GILD,HUM,LH,LLY,MRK,UNH,HRL,MNST,SJM,EXC,FE,PPL,SRE,BALL,LIN","BAC,BNY,FITB,HIG,PFG,SCHW,TFC,WFC,AXON,FAST,J,LHX,NDSN,SWK,TXT,BBY,CCL,DHI,HD,LOW,MGM,PHM"
2010-08-20,6,3,28,29,28,29,0.5,0.5,1.0,mixed,0.5,0.5517241379310345,"ADI,CTSH,FICO,QCOM,TYL,BKR,OXY,XOM,ABT,BAX,BIIB,COO,GILD,HUM,LH,LLY,MRK,UNH,MNST,SJM,AEP,EXC,FE,PPL,SRE,BALL,LIN,NEM","BAC,BNY,CME,FITB,HIG,MET,PFG,SCHW,TFC,WFC,AXON,BA,FAST,GD,J,LHX,LMT,NDSN,NOC,ROK,SWK,TXT,BBY,DHI,GRMN,HD,LOW,MGM,PHM"
2010-08-27,6,3,24,31,24,31,0.5,0.5,1.0,mixed,0.7142857142857142,0.3870967741935484,"CTSH,FICO,FSLR,GEN,INTU,SNPS,XOM,ABT,BAX,BIIB,GILD,LLY,MRK,UNH,KO,MNST,SJM,AEP,EXC,FE,PNW,PPL,LIN,NEM","AIZ,ALL,BNY,CME,FITB,HIG,MET,PFG,SCHW,TFC,WFC,BA,EMR,FAST,GD,J,LHX,LMT,NOC,ROK,SWK,TXT,BBY,CMG,GRMN,HD,LOW,MGM,PHM,TPR,TSCO"
2010-09-03,6,3,23,26,23,26,0.5,0.5,1.0,mixed,0.25,0.3870967741935485,"CTSH,FICO,FSLR,GEN,INTU,SNPS,XOM,ABT,BAX,BIIB,GILD,LLY,MRK,UNH,CLX,KO,MNST,AEP,EXC,PNW,PPL,ECL,LIN","AIZ,ALL,BNY,CME,HIG,MET,PFG,SCHW,TFC,WFC,BA,BLDR,GD,J,LHX,LMT,NOC,ROK,TXT,BBY,CMG,GRMN,HD,MGM,TPR,TSCO"
2010-09-10,6,3,30,29,30,29,0.5,0.5,1.0,mixed,0.7999999999999999,0.7586206896551725,"APH,CTSH,FICO,FSLR,GEN,INTU,ON,SNPS,ZBRA,CVX,HAL,TPL,XOM,ABT,BAX,BIIB,GILD,UNH,CLX,KO,MNST,AEE,AEP,CMS,ETR,NI,PNW,PPL,CF,STLD","AIZ,ALL,AON,BNY,CME,FIS,GL,HIG,MTB,PGR,TFC,WFC,WTW,BLDR,GD,GE,J,LMT,MAS,NOC,NSC,TXT,BBY,DPZ,GRMN,HD,SBUX,TPR,TSCO"
2010-09-17,6,3,35,31,35,31,0.5,0.5,1.0,mixed,0.3428571428571428,0.32258064516129026,"APH,CTSH,FICO,FSLR,GEN,INTU,MCHP,ON,SNPS,ZBRA,HAL,TPL,XOM,ABT,ALGN,BAX,BIIB,GILD,UNH,ADM,CLX,KMB,KO,MNST,AEE,AEP,AES,CMS,ETR,NI,PNW,PPL,CF,MOS,STLD","AIZ,ALL,AON,BNY,CME,ERIE,FIS,GL,HIG,MTB,PGR,TFC,WRB,WTW,BLDR,FDX,GD,GE,J,LDOS,LMT,MAS,NOC,NSC,TXT,GRMN,HD,LEN,SBUX,TPR,TSCO"
2010-09-24,6,3,36,29,36,29,0.5,0.5,1.0,mixed,0.2777777777777778,0.5161290322580644,"APH,CTSH,FSLR,GEN,INTU,MCHP,ON,PTC,SNPS,ZBRA,HAL,TPL,XOM,ABT,ALGN,BAX,BIIB,BSX,GILD,PFE,UNH,ADM,CLX,HRL,KMB,KO,AEE,AES,CMS,CNP,ETR,NI,PNW,CF,MOS,STLD","AIZ,BAC,CME,ERIE,FIS,GL,HIG,MTB,PGR,TFC,USB,WRB,WTW,BLDR,CPRT,GD,GE,J,LDOS,LMT,MAS,NOC,NSC,PNR,PWR,CCL,GRMN,SBUX,TSCO"
2010-10-01,5,4,21,45,21,45,0.5,0.5,1.0,mixed,1.0,0.8888888888888888,"HAL,TPL,ABT,ALGN,BSX,PFE,ADM,KMB,KO,WMT,AEE,AES,CMS,CNP,ETR,NI,PNW,BALL,CF,FCX,MOS","ADSK,AKAM,AMAT,AMD,CSCO,HPQ,INTC,INTU,MSFT,MU,TER,VRSN,AJG,BAC,CME,ERIE,FIS,FITB,GL,MET,MTB,PGR,TFC,USB,WRB,WTW,ADP,BLDR,CPRT,GE,J,JBHT,LDOS,LHX,LMT,MAS,NOC,NSC,PNR,PWR,TT,GRMN,SBUX,TJX,TSCO"
2010-10-08,5,4,19,42,19,42,0.5,0.5,1.0,mixed,0.38095238095238093,0.5777777777777777,"HAL,TPL,ALGN,BSX,LLY,PFE,VRTX,KMB,KO,WMT,AEE,AES,CMS,CNP,ETR,NI,PNW,FCX,MOS","AMAT,AMD,CSCO,INTC,INTU,LRCX,MU,TDY,TER,WDC,AJG,BAC,ERIE,FIS,FITB,GL,ICE,MTB,PGR,PNC,PRU,USB,WRB,WTW,ADP,BLDR,CMI,CPRT,EME,JBHT,LDOS,LHX,LMT,NSC,PNR,PWR,TT,DECK,NKE,SBUX,TJX,TSCO"
2010-10-15,5,4,20,47,20,47,0.5,0.5,1.0,mixed,0.4,0.5957446808510638,"APA,HAL,TPL,ALGN,AMGN,BDX,BSX,INCY,PFE,VRTX,KMB,WMT,AEE,AES,CMS,CNP,NI,PNW,FCX,MOS","AMAT,AMD,CSCO,FFIV,GLW,HPQ,INTC,INTU,LRCX,TDY,ACGL,AIZ,AJG,AXP,BAC,BRK-B,CINF,ERIE,FIS,FITB,ICE,MTB,PGR,PNC,PRU,RJF,USB,WFC,WRB,ADP,BA,BLDR,CMI,CPRT,EME,JBHT,LHX,LMT,PNR,PWR,TT,AZO,CMG,MGM,NKE,SBUX,TSCO"
2010-10-22,4,5,15,52,15,52,0.5,0.5,1.0,mixed,0.6,0.423076923076923,"HAL,TPL,ALGN,AMGN,BDX,BSX,INCY,PFE,RVTY,AEE,AES,CMS,CNP,FCX,MOS","AMD,CSCO,FFIV,FLEX,GLW,HPQ,INTC,INTU,LRCX,TDY,ACGL,AJG,AXP,BAC,BRK-B,COF,ERIE,FIS,FITB,JKHY,MTB,PGR,PNC,PRU,RJF,USB,WFC,WRB,ADP,AME,BA,CMI,CPRT,EME,JBHT,LHX,LII,LMT,PNR,PWR,RSG,TT,AZO,MCD,MGM,NKE,PHM,SBUX,TSCO,CLX,PG,SJM"
2010-10-29,6,3,30,31,30,31,0.5,0.5,1.0,mixed,1.4666666666666672,0.8846153846153848,"ADSK,APH,CDNS,MPWR,MSFT,ON,ORCL,PTC,TXN,TYL,ZBRA,TPL,BDX,BSX,CVS,INCY,RVTY,AMZN,CCL,DHI,GRMN,LEN,LOW,RL,WSM,AES,CNP,ES,EXC,FCX","ACGL,AJG,AXP,BAC,BRK-B,COF,ERIE,FIS,FITB,JKHY,MTB,PGR,PNC,PRU,RJF,WFC,BA,CMI,CPRT,EME,JBHT,LHX,LII,LMT,PWR,RSG,CLX,PEP,PG,SJM,SYY"
2010-11-05,5,4,29,34,29,34,0.5,0.5,1.0,mixed,0.46666666666666673,0.5294117647058822,"ADSK,APH,CDNS,MPWR,MSFT,ON,ORCL,PTC,TRMB,TXN,TYL,BSX,CI,CVS,GILD,INCY,RVTY,AMZN,CCL,DHI,GRMN,HD,LEN,LOW,RCL,RL,TPR,WSM,FCX","ACGL,AJG,AXP,BAC,BRK-B,COF,ERIE,FITB,HBAN,JKHY,MTB,PRU,RJF,WFC,WTW,AOS,BA,CMI,CPRT,EME,JBHT,JCI,LHX,LII,NOC,PWR,CLX,HRL,PEP,SJM,SYY,DTE,NRG,WEC"
2010-11-12,5,4,28,34,28,34,0.5,0.5,1.0,mixed,0.34482758620689646,0.3529411764705882,"ADSK,CDNS,MSFT,ORCL,PTC,TRMB,TXN,A,BSX,CI,CVS,DVA,GILD,INCY,RVTY,UNH,AMZN,CCL,GRMN,HD,LEN,LOW,RCL,RL,TPR,WSM,CRH,FCX","ACGL,AJG,AXP,BRK-B,CB,COF,ERIE,FITB,JKHY,MRSH,PRU,RJF,WFC,AOS,BA,CMI,CPRT,EME,JBHT,JCI,LHX,LII,NOC,PWR,RSG,CLX,DLTR,HRL,MKC,MO,PEP,SJM,SYY,NRG"
2010-11-19,5,4,31,32,31,32,0.5,0.5,1.0,mixed,0.4516129032258064,0.23529411764705882,"CDNS,KLAC,ORCL,PTC,TRMB,TXN,APA,SLB,A,CI,CVS,DGX,DHR,DVA,GILD,INCY,RVTY,UNH,WAT,AMZN,BKNG,CCL,GRMN,HD,LEN,RCL,RL,TPR,WSM,CRH,FCX","ACGL,AJG,AXP,BRK-B,BRO,CB,COF,ERIE,FITB,JKHY,MRSH,PRU,WFC,AOS,BA,CMI,CPRT,JBHT,JCI,LII,NOC,PWR,RSG,UPS,CLX,DLTR,HRL,MKC,PEP,SJM,SYY,NRG"
2010-11-26,4,5,18,45,18,45,0.5,0.5,1.0,mixed,1.096774193548387,0.888888888888889,"AAPL,JBL,KLAC,PTC,TRMB,TXN,SLB,BKNG,CCL,GRMN,LEN,RCL,RL,TPR,ALB,CF,CRH,FCX","ACGL,AJG,AXP,BRK-B,BRO,CB,COF,ERIE,FISV,JKHY,MRSH,MTB,PRU,ABT,AMGN,BMY,COR,DXCM,IDXX,ISRG,MRK,PODD,RMD,UNH,ZBH,AOS,CMI,EXPD,GWW,JCI,LDOS,LHX,LII,NOC,PWR,RSG,UPS,CLX,DLTR,MKC,PEP,SYY,ETR,NI,NRG"
2010-12-03,4,5,24,46,24,46,0.5,0.5,1.0,mixed,0.5833333333333333,0.391304347826087,"AAPL,FLEX,JBL,KLAC,PTC,QCOM,TRMB,TXN,SLB,BBY,CCL,DECK,GRMN,LEN,RCL,RL,SBUX,TPR,ALB,CF,CRH,DD,FCX,VMC","ACGL,BRK-B,CB,COF,ERIE,FDS,FISV,MRSH,MS,MTB,PRU,ABT,AMGN,BMY,COR,DXCM,IDXX,MRK,PODD,RMD,UNH,VRTX,ZBH,AOS,BR,CMI,CTAS,EXPD,GWW,JCI,LHX,LMT,NOC,PWR,RSG,UPS,WM,CASY,CLX,DLTR,MKC,PEP,ETR,EXC,NI,NRG"
2010-12-10,4,5,25,51,25,51,0.5,0.5,1.0,mixed,0.47999999999999987,0.392156862745098,"AAPL,FLEX,JBL,KLAC,PTC,TER,TRMB,WDC,ZBRA,SLB,TPL,CCL,DECK,GRMN,LEN,NVR,RCL,SBUX,TPR,ALB,CF,CRH,DD,FCX,MLM","COF,ERIE,FDS,FISV,JPM,MRSH,MS,MTB,PRU,ABT,AMGN,BMY,COR,DXCM,IDXX,LLY,MRK,PODD,RMD,TECH,UNH,VRTX,AOS,BR,CMI,CTAS,EXPD,GWW,JCI,LHX,LMT,MMM,NOC,PNR,PWR,RSG,UNP,UPS,WM,BF-B,CASY,CLX,DLTR,MKC,PEP,PG,WMT,EXC,NI,NRG,PPL"
2010-12-17,4,5,25,48,25,48,0.5,0.5,1.0,mixed,0.56,0.3529411764705882,"AAPL,ADI,FLEX,INTC,JBL,KLAC,LRCX,PTC,SWKS,TER,ZBRA,SLB,DECK,LEN,NVR,RCL,RL,SBUX,ALB,CF,CRH,DD,FCX,MOS,NUE","BRK-B,COF,FDS,FISV,JPM,L,MRSH,MS,MTB,PRU,RF,ABT,AMGN,DXCM,MRK,PODD,RMD,UNH,VRTX,AOS,BR,CTAS,EXPD,GWW,LHX,LMT,MMM,NOC,PWR,RSG,UNP,UPS,WM,BF-B,CASY,CLX,DLTR,GIS,MDLZ,MKC,PEP,PG,WMT,EXC,NI,NRG,PEG,PPL"
2010-12-24,4,5,26,52,26,52,0.5,0.5,1.0,mixed,0.46153846153846156,0.38461538461538447,"ADI,FLEX,INTC,JBL,KLAC,LRCX,ON,PTC,STX,SWKS,TEL,TER,SLB,AMZN,DECK,F,NVR,RL,SBUX,ALB,AVY,CF,CRH,DD,FCX,MOS","BRK-B,CINF,FDS,FISV,JPM,L,MRSH,MS,PRU,RF,ABT,ALGN,AMGN,BMY,DXCM,MRK,PODD,RMD,UNH,VRTX,AOS,BA,BR,CAT,CTAS,DE,EXPD,GWW,LHX,MMM,NOC,PWR,RSG,SWK,UNP,UPS,WM,BF-B,CASY,CLX,GIS,KMB,MDLZ,MNST,PEP,WMT,AEE,EXC,NI,NRG,PEG,PPL"
2010-12-31,5,4,33,35,33,35,0.5,0.5,1.0,mixed,0.48484848484848486,0.769230769230769,"ADI,CDNS,FLEX,INTC,JBL,KLAC,LRCX,ON,PTC,SWKS,TEL,TER,AIG,C,CME,RJF,STT,WFC,SLB,AMZN,DECK,F,NVR,RL,SBUX,WYNN,ALB,AVY,CF,CRH,DD,FCX,MOS","ABT,ALGN,AMGN,BMY,DXCM,ISRG,MRK,PODD,UNH,VRTX,AOS,BA,BR,CAT,CPRT,CTAS,GWW,MMM,PWR,RSG,SWK,UNP,WM,BF-B,CASY,CLX,DLTR,GIS,KMB,MDLZ,WMT,EXC,NI,PEG,PPL"
2011-01-07,5,4,33,26,33,26,0.5,0.5,1.0,mixed,0.30303030303030304,0.6285714285714284,"ADI,AMD,FFIV,INTC,KLAC,LRCX,MCHP,ON,SWKS,TEL,TER,AIG,BNY,C,CME,NTRS,RJF,STT,WFC,SLB,AMZN,DECK,F,NVR,RL,SBUX,WYNN,ALB,AVY,CF,CRH,DD,FCX","ABT,AMGN,DXCM,MRK,PODD,UNH,AOS,BA,BR,CTAS,GWW,LII,MMM,NSC,SWK,UNP,WM,BF-B,CASY,CLX,GIS,KMB,MDLZ,WMT,PEG,PPL"
2011-01-14,5,4,33,20,33,20,0.5,0.5,1.0,mixed,0.36363636363636365,0.5384615384615383,"ADI,AMD,CIEN,FFIV,INTC,KLAC,LRCX,MCHP,MSFT,MU,ON,SWKS,TEL,TER,BNY,MS,NTRS,STT,WFC,AMZN,DECK,F,NVR,RL,SBUX,WYNN,ALB,AVY,CF,CRH,FCX,MLM,STLD","ABT,AMGN,INCY,MRK,UNH,AOS,BA,BR,CTAS,LII,MMM,NSC,SWK,UNP,WM,CASY,GIS,KMB,WMT,PEG"
2011-01-21,5,4,26,16,26,16,0.5,0.5,1.0,mixed,0.7272727272727273,0.8999999999999999,"ADI,ADSK,AMD,CIEN,COHR,CRM,INTC,KLAC,LRCX,MCHP,MSFT,ON,SWKS,TEL,TER,BNY,WFC,AMZN,CCL,DECK,NVR,TPR,CRH,FCX,MLM,STLD","INCY,JNJ,UNH,AOS,BR,CTAS,EMR,LUV,MMM,NSC,PH,SWK,UNP,WM,WMT,AEE"
2011-01-28,4,5,19,13,19,13,0.5,0.5,1.0,mixed,1.6153846153846154,1.625,"AON,BNY,FITB,NDAQ,PFG,TROW,WFC,OXY,VLO,CPRT,FIX,JBHT,LMT,NDSN,ROK,AVY,CRH,FCX,STLD","AAPL,APH,FICO,NTAP,ZBRA,DVA,INCY,JNJ,BBY,DRI,KR,AEE,D"
2011-02-04,4,5,21,22,21,22,0.5,0.5,1.0,mixed,0.47619047619047616,0.909090909090909,"AON,BNY,FITB,GPN,HBAN,MET,NDAQ,PFG,TROW,VLO,CPRT,FDX,FIX,JBHT,LMT,NDSN,ROK,TXT,CRH,FCX,STLD","AAPL,APH,NTAP,TXN,ZBRA,DVA,GILD,INCY,JNJ,MRK,BBY,BKNG,CMG,DRI,NKE,TPR,KR,MO,PEP,STZ,AEE,D"
2011-02-11,4,5,20,21,20,21,0.5,0.5,1.0,mixed,0.6666666666666667,0.2727272727272726,"AON,BNY,C,COF,FITB,GPN,HBAN,MET,PFG,SCHW,VLO,CPRT,EME,FDX,J,NDSN,TXT,CRH,DD,STLD","AAPL,NTAP,ZBRA,DVA,GILD,INCY,JNJ,MRK,WAT,BBY,BKNG,DRI,NKE,TPR,KR,MDLZ,MO,PEP,STZ,AEE,D"
2011-02-18,4,5,18,29,18,29,0.5,0.5,1.0,mixed,0.6,0.7586206896551724,"AON,COF,GPN,HBAN,MET,PFG,SCHW,BKR,SLB,VLO,CPRT,J,LII,NDSN,RTX,TXT,DD,STLD","AAPL,NTAP,VRSN,ZBRA,ABT,GILD,INCY,JNJ,MRK,WAT,BBY,BKNG,DRI,EXPE,LVS,NKE,TPR,YUM,DLTR,MDLZ,MO,PEP,STZ,TAP,AEE,AEP,CNP,PNW,PPL"
2011-02-25,4,5,17,32,17,32,0.5,0.5,1.0,mixed,0.5555555555555556,0.3125,"AON,COF,GPN,HBAN,MET,RJF,SCHW,BKR,SLB,VLO,GE,J,LII,RSG,SWK,TXT,DD","AAPL,FFIV,NTAP,ZBRA,ABT,COO,GILD,INCY,JNJ,MRK,WAT,BBY,BKNG,DRI,EXPE,F,LVS,NKE,TPR,WSM,YUM,MDLZ,MO,PEP,STZ,TAP,AEE,AEP,CNP,PCG,PNW,PPL"
2011-03-04,3,6,18,40,18,40,0.5,0.5,1.0,mixed,0.5555555555555555,0.6499999999999999,"AON,BX,COF,GPN,JPM,MET,SCHW,BKR,VLO,BR,GE,J,JCI,LII,MMM,RSG,SWK,TXT","FFIV,NTAP,ZBRA,ABT,BDX,BIIB,GILD,INCY,JNJ,MRK,STE,WAT,BKNG,DRI,EXPE,F,LVS,NKE,ORLY,RCL,RL,TPR,WSM,DLTR,MDLZ,MO,PEP,STZ,TAP,AEE,AEP,CNP,DUK,ED,PCG,PPL,ALB,CF,FCX,MLM"
2011-03-11,3,6,16,39,16,39,0.5,0.5,1.0,mixed,0.4444444444444444,0.2499999999999999,"BX,COF,GPN,JPM,SCHW,BKR,VLO,WMB,BA,BR,GE,J,MMM,RSG,SWK,TXT","FFIV,FICO,NTAP,PTC,TXN,ZBRA,BDX,BIIB,INCY,JNJ,MRK,STE,BKNG,DRI,EXPE,F,NKE,ORLY,RCL,RL,TPR,WSM,DLTR,MDLZ,MO,PEP,STZ,TAP,TGT,AEP,CNP,DUK,ED,PCG,PPL,ALB,CF,FCX,MLM"
2011-03-18,4,5,30,31,30,31,0.5,0.5,1.0,mixed,1.2,0.6666666666666665,"AON,COF,JPM,SCHW,WTW,BKR,OKE,WMB,ABT,ALGN,CNC,COR,DXCM,ELV,HSIC,IDXX,ISRG,MCK,PFE,PODD,SYK,UNH,VRTX,BA,BR,J,MMM,RSG,SWK,TXT","FFIV,MRVL,NTAP,PTC,TXN,ZBRA,AMZN,BKNG,EXPE,F,MAR,NKE,ORLY,RCL,RL,TPR,COST,DLTR,KO,MDLZ,MO,STZ,TAP,TGT,AEP,ED,PCG,PPL,ALB,FCX,MLM"
2011-03-25,4,5,28,33,28,33,0.5,0.5,1.0,mixed,0.3999999999999999,0.303030303030303,"COF,JPM,WTW,BKR,OKE,WMB,CAH,CNC,COR,DVA,DXCM,ELV,IDXX,ISRG,MCK,PFE,PODD,SYK,UNH,VRTX,BA,BR,LDOS,MMM,RSG,SWK,TXT,WM","APH,CRM,FFIV,MRVL,NTAP,PTC,TXN,ZBRA,AMZN,BKNG,EXPE,F,LULU,MAR,NKE,ORLY,RCL,RL,TPR,COST,KO,MDLZ,MO,PEP,STZ,TAP,TGT,AEP,PCG,PPL,WEC,ALB,FCX"
2011-04-01,3,6,25,32,25,32,0.5,0.5,1.0,mixed,0.5,0.48484848484848486,"JPM,MCO,WTW,CAH,CNC,COR,DVA,ELV,IDXX,MCK,PFE,SYK,UNH,VRTX,BA,BR,DOV,ITW,LDOS,MMM,NOC,RSG,SWK,TXT,WM","CRM,FFIV,MRVL,NTAP,PTC,TEL,TXN,ZBRA,APA,OXY,SLB,EXPE,F,LULU,MAR,NKE,RCL,TPR,BF-B,COST,MDLZ,MO,PG,STZ,TAP,TGT,PCG,PPL,WEC,ALB,AVY,FCX"
2011-04-08,3,6,18,32,18,32,0.5,0.5,1.0,mixed,0.72,0.25,"JPM,MCO,WTW,CAH,CI,CNC,COR,DVA,ELV,IDXX,PFE,VRTX,BA,DOV,NOC,SWK,WAB,WM","CRM,FFIV,MRVL,NTAP,PTC,TEL,TXN,ZBRA,APA,SLB,EXPE,F,LULU,LVS,MAR,NKE,RCL,TPR,BF-B,COST,MDLZ,MO,PG,TGT,WMT,CMS,PCG,WEC,ALB,AVY,ECL,FCX"
2011-04-15,3,6,22,30,22,30,0.5,0.5,1.0,mixed,0.7272727272727271,0.49999999999999994,"ALL,JPM,MCO,WTW,CI,CNC,COR,DHR,DVA,GILD,HUM,IDXX,REGN,TECH,VRTX,BA,CSX,DOV,NOC,ROK,WAB,WM","AKAM,CIEN,CRM,FFIV,KLAC,MRVL,MSFT,NTAP,TEL,ZBRA,APA,EQT,BBY,F,LULU,LVS,MAR,NKE,RCL,TPR,BF-B,COST,MDLZ,PG,TGT,CMS,PCG,ALB,ECL,FCX"
2011-04-22,4,5,29,23,29,23,0.5,0.5,1.0,mixed,0.7586206896551725,0.9333333333333331,"FIS,GL,JPM,MCO,MRSH,WTW,CI,CNC,COR,DVA,HUM,REGN,TECH,VRTX,WAT,BA,CPRT,CSX,DOV,NOC,ROK,WAB,WM,CHD,GIS,KR,MO,SJM,TSN","CIEN,CRM,FFIV,MRVL,MSFT,NTAP,SWKS,TEL,TER,EQT,CCL,DHI,DRI,F,LULU,LVS,MAR,NKE,RCL,TPR,ATO,CMS,EXC"
2011-04-29,5,4,36,20,36,20,0.5,0.5,1.0,mixed,0.7222222222222221,0.4347826086956522,"FIS,GL,JKHY,MCO,MRSH,WTW,CI,CNC,DVA,HUM,MCK,PODD,REGN,TECH,UHS,VRTX,WAT,BA,CPRT,CSX,DAL,ROK,WAB,CHD,KR,MO,SJM,TSN,CNP,D,DTE,ES,ETR,EVRG,NI,PNW","ADI,CIEN,FFIV,MRVL,MSFT,NTAP,SWKS,TEL,TER,EQT,AMZN,CCL,DHI,DRI,F,LULU,LVS,MAR,NKE,RCL"
2011-05-06,5,4,29,16,29,16,0.5,0.5,1.0,mixed,0.9999999999999998,1.3,"BIIB,COO,HUM,PODD,REGN,TECH,UHS,WAT,ADP,BA,DAL,IEX,WAB,BBY,DPZ,SBUX,TSCO,WSM,WYNN,CHD,KR,MO,SJM,TSN,CNP,ETR,EVRG,PNW,WEC","FFIV,JBL,MRVL,MSFT,NTAP,SWKS,TEL,TER,TXN,AMP,FITB,HBAN,MET,MS,RJF,VLO"
2011-05-13,4,5,20,30,20,30,0.5,0.5,1.0,mixed,0.7586206896551723,1.0666666666666667,"BIIB,COO,HUM,PODD,REGN,UHS,WAT,DPZ,SBUX,TSCO,WSM,WYNN,DLTR,MO,TSN,CNP,ED,ETR,EVRG,WEC","CIEN,FFIV,JBL,MRVL,MSFT,NTAP,SWKS,TEL,TER,TXN,AIG,AMP,FITB,HBAN,MS,NTRS,RJF,TROW,AME,AXON,CAT,EME,EMR,ETN,PH,PWR,ROK,SNA,TDG,UPS"
2011-05-20,4,5,20,30,20,30,0.5,0.5,1.0,mixed,0.5,0.4,"BIIB,COR,ELV,HUM,PODD,REGN,UHS,WAT,BKNG,DPZ,TSCO,WSM,DLTR,MO,CNP,DTE,ED,ETR,EVRG,NRG","CIEN,FFIV,JBL,SWKS,TER,AIG,AMP,FITB,GS,HBAN,MS,NTRS,RJF,TROW,DVN,AME,CAT,DE,EME,EMR,ETN,GD,PAYX,PH,PWR,ROK,SNA,TDG,UPS,NUE"
2011-05-27,4,5,17,35,17,35,0.5,0.5,1.0,mixed,0.5999999999999999,0.5714285714285714,"BIIB,COR,ELV,INCY,MRK,PODD,UHS,VRTX,WAT,TSCO,WSM,DLTR,MO,CNP,DTE,ED,NRG","AAPL,APH,CIEN,FFIV,FSLR,JBL,SWKS,TDY,TER,BAC,C,FITB,GS,KEY,MS,RJF,TROW,DVN,AME,DE,EME,EMR,ETN,GD,HON,J,PAYX,PH,PWR,ROK,SNA,SWK,TDG,UPS,NUE"
2011-06-03,4,5,18,33,18,33,0.5,0.5,1.0,mixed,0.4444444444444444,0.4000000000000001,"BIIB,COR,ELV,INCY,MRK,PODD,UHS,VRTX,WAT,AZO,CMG,ULTA,DLTR,MO,D,DTE,ED,NRG","AAPL,APH,CIEN,FSLR,HPQ,LRCX,SWKS,TDY,TER,BAC,GS,KEY,MS,RJF,DVN,DE,EME,EMR,ETN,FIX,GD,HON,J,PAYX,PH,PWR,ROK,SNA,SWK,TDG,URI,DD,NUE"
2011-06-10,4,5,16,43,16,43,0.5,0.5,1.0,mixed,0.5555555555555556,0.5581395348837213,"BIIB,INCY,MRK,PODD,UHS,VRTX,AMZN,AZO,CMG,CHD,DLTR,MDLZ,MO,D,DTE,NRG","AAPL,ACN,CIEN,FSLR,HPQ,IT,LRCX,PTC,SNPS,SWKS,TDY,TER,BAC,C,GS,KEY,NDAQ,PFG,RJF,DVN,VLO,CSX,DE,DOV,EME,EMR,ETN,FIX,GD,HON,J,NDSN,PAYX,PH,PWR,ROK,SNA,SWK,TDG,URI,DD,NUE,STLD"
2011-06-17,4,5,16,40,16,40,0.5,0.5,1.0,mixed,0.375,0.4186046511627908,"BIIB,INCY,MRK,UHS,VRTX,AMZN,AZO,CMG,TPR,CHD,DLTR,MDLZ,MNST,D,ETR,NRG","AAPL,ACN,ADI,CDNS,FSLR,HPQ,IT,LRCX,SNPS,SWKS,TDY,TER,AMP,AON,BAC,C,GS,PFG,RJF,DVN,VLO,CSX,DE,DOV,EME,ETN,FIX,GD,HON,J,LII,NDSN,PH,PWR,ROK,URI,DD,NUE,STLD,VMC"
2011-06-24,4,5,18,38,18,38,0.5,0.5,1.0,mixed,0.6666666666666667,0.24999999999999994,"BIIB,CVS,INCY,MRK,RMD,UHS,AMZN,AZO,TPR,DLTR,MDLZ,MNST,PEP,SJM,AEP,ETR,FE,NRG","ACN,ADI,CDNS,CTSH,FSLR,HPQ,IT,LRCX,SNPS,SWKS,TDY,TER,AMP,AON,BAC,C,GS,RJF,COP,DVN,VLO,CSX,DE,EME,ETN,FIX,J,LII,NDSN,PH,PWR,ROK,URI,DD,NUE,PPG,STLD,VMC"
2011-07-01,4,5,16,39,16,39,0.5,0.5,1.0,mixed,0.5555555555555556,0.3589743589743589,"CVS,HUM,RMD,TMO,UHS,AMZN,AZO,TPR,CASY,DLTR,MDLZ,MNST,PEP,AEP,FE,NRG","ACN,CIEN,CTSH,FICO,FSLR,GLW,HPQ,IT,LRCX,ROP,SNPS,SWKS,TER,AMP,AON,BAC,C,GS,JPM,RJF,COP,DVN,VLO,BLDR,DE,ETN,FIX,HUBB,J,LII,NDSN,PWR,ROK,URI,DD,NUE,PPG,STLD,VMC"
2011-07-08,4,5,23,43,23,43,0.5,0.5,1.0,mixed,0.6956521739130435,0.41860465116279066,"BAX,CVS,HUM,RMD,STE,TMO,UHS,AMZN,AZO,CCL,CMG,EXPE,MAR,TPR,CASY,DLTR,MDLZ,MNST,SYY,AEP,FE,NRG,SO","ACN,ADSK,AMD,CTSH,FICO,GLW,HPQ,IT,LRCX,QCOM,ROP,SNPS,SWKS,TER,TRMB,AFL,AMP,AON,BAC,C,COF,GS,JPM,MCO,RJF,COP,DVN,VLO,BLDR,DE,ETN,HUBB,J,LII,NDSN,ROK,TXT,WAB,DD,NUE,PPG,STLD,VMC"
2011-07-15,5,4,29,28,29,28,0.5,0.5,1.0,mixed,0.689655172413793,0.7906976744186048,"AKAM,CRM,CSCO,INTC,MRVL,TEL,ZBRA,BAX,CVS,RMD,STE,TMO,UHS,AMZN,AZO,CCL,CMG,DPZ,MAR,TPR,CASY,DLTR,MDLZ,MNST,PG,SYY,WMT,AEP,SO","AFL,AMP,AON,BAC,C,COF,GS,JPM,MCO,RJF,COP,DVN,VLO,WMB,BLDR,DE,EFX,ETN,J,LII,NDSN,TXT,WAB,DD,NUE,PPG,STLD,VMC"
2011-07-22,5,4,27,25,27,25,0.5,0.5,1.0,mixed,0.2758620689655172,0.642857142857143,"AKAM,CRM,CSCO,MRVL,ZBRA,BAX,RMD,STE,TMO,UHS,AMZN,AZO,CCL,CMG,DPZ,MAR,TPR,CASY,DLTR,MDLZ,MNST,MO,PG,SYY,AEP,PEG,SO","AFL,AMP,BAC,C,COF,GPN,MCO,MS,RJF,DVN,WMB,DE,EFX,ETN,HON,J,JBHT,LII,MAS,WAB,MLM,NUE,PPG,STLD,VMC"
2011-07-29,5,4,29,28,29,28,0.5,0.5,1.0,mixed,0.3448275862068965,0.42857142857142855,"AAPL,AKAM,CRM,MRVL,ZBRA,BAX,CAH,CI,RMD,STE,TMO,UHS,AMZN,AZO,CCL,CMG,DPZ,MAR,TPR,BF-B,CASY,DLTR,MDLZ,MNST,MO,AEP,D,PEG,SO","AFL,AMP,BAC,BNY,COF,GPN,MCO,MS,RF,RJF,SCHW,DVN,WMB,DE,EFX,HON,J,JBHT,LHX,LII,MAS,AVY,DD,MLM,NUE,PPG,STLD,VMC"
2011-08-05,5,4,26,29,26,29,0.5,0.5,1.0,mixed,0.4137931034482759,0.2758620689655172,"AAPL,AKAM,CRM,MRVL,CAH,CI,RMD,STE,AMZN,AZO,CCL,CMG,MAR,TPR,BF-B,CASY,DLTR,GIS,KMB,MDLZ,MNST,MO,D,ETR,PEG,SO","AFL,AMP,BAC,BNY,COF,GPN,MCO,MS,RF,RJF,SCHW,WMB,CMI,DE,EFX,EME,HON,J,LHX,LII,MAS,TT,URI,AVY,DD,MLM,NUE,PPG,VMC"
2011-08-12,5,4,27,25,27,25,0.5,0.5,1.0,mixed,0.44444444444444453,0.41379310344827597,"AAPL,AKAM,MRVL,MSFT,CAH,CI,MCK,STE,AMZN,AZO,CMG,GPC,MAR,NKE,ORLY,TJX,BF-B,CASY,DLTR,GIS,KMB,MDLZ,MNST,D,ETR,PEG,SO","AMP,BAC,BNY,COF,GPN,RF,RJF,SCHW,WMB,EFX,EME,FIX,HON,J,LHX,LII,MAS,ROK,TT,URI,AVY,MLM,NUE,PPG,VMC"
2011-08-19,6,3,39,17,39,17,0.5,0.5,1.0,mixed,0.9230769230769231,0.9599999999999999,"AAPL,AKAM,TDY,AJG,AXP,BEN,ERIE,FISV,ICE,KEY,L,MA,MS,MSCI,MTB,USB,BMY,CAH,MCK,STE,AMZN,AZO,CMG,GPC,ORLY,SBUX,TJX,BF-B,CASY,DLTR,GIS,HSY,KMB,MDLZ,MNST,ETR,FE,PEG,SO","BKR,WMB,ADP,EFX,EME,JCI,LHX,LII,MAS,TT,URI,WM,AVY,MLM,NUE,PPG,VMC"
2011-08-26,6,3,34,17,34,17,0.5,0.5,1.0,mixed,0.5128205128205128,0.35294117647058826,"AAPL,TDY,AIZ,AJG,AXP,BEN,ERIE,FISV,GS,ICE,L,MA,MS,MTB,USB,BMY,CAH,AMZN,AZO,CMG,GPC,ORLY,SBUX,TJX,BF-B,GIS,HSY,KMB,KO,MDLZ,PG,NI,PEG,SO","BKR,OKE,WMB,ADP,CSX,JCI,LHX,LII,MAS,TT,WM,AVY,MLM,NUE,PPG,STLD,VMC"
2011-09-02,5,4,35,33,35,33,0.5,0.5,1.0,mixed,0.2857142857142857,1.0909090909090908,"AAPL,CSCO,MSFT,TDY,AIZ,AJG,AXP,BEN,CME,ERIE,FISV,GS,L,MA,MS,MTB,USB,AMZN,AZO,CMG,DECK,GPC,ORLY,SBUX,TJX,BF-B,CL,HSY,KMB,KO,MDLZ,PG,NI,PEG,SO","APA,BKR,DVN,OKE,OXY,WMB,ALGN,CNC,COO,DHR,ELV,HUM,LH,MDT,RVTY,SYK,UHS,VTRS,WAT,ADP,CAT,CSX,LHX,LII,MAS,TT,WM,AVY,CRH,MLM,NUE,STLD,VMC"
2011-09-09,5,4,39,34,39,34,0.5,0.5,1.0,mixed,0.358974358974359,0.2941176470588237,"AAPL,CSCO,MSFT,TDY,AIZ,AJG,AXP,BEN,CME,ERIE,FISV,GS,L,MA,MSCI,MTB,USB,AMZN,AZO,BKNG,CMG,DECK,GPC,LULU,MCD,ORLY,SBUX,TJX,CHD,CL,HSY,KMB,KO,PG,SYY,TSN,NI,PEG,SO","APA,BKR,DVN,OKE,OXY,WMB,A,ALGN,CNC,COO,CVS,DHR,ELV,HUM,LH,MDT,RVTY,SYK,UHS,VTRS,WAT,CAT,J,LHX,LII,MAS,RTX,TT,WM,APD,CRH,MLM,STLD,VMC"
2011-09-16,5,4,37,35,37,35,0.5,0.5,1.0,mixed,0.3076923076923077,0.2857142857142857,"CSCO,MSFT,TDY,AIZ,AJG,BEN,BRK-B,CME,ERIE,GS,L,MSCI,MTB,USB,AMZN,AZO,BKNG,CMG,DECK,GPC,LVS,MCD,ORLY,RL,SBUX,TJX,CHD,CL,HSY,KMB,KO,PG,SYY,TSN,DUK,NI,SO","APA,BKR,DVN,OKE,OXY,WMB,A,ALGN,CNC,COO,DHR,DXCM,ELV,HUM,LH,MDT,RVTY,SYK,UHS,VTRS,WAT,CAT,ITW,J,JCI,LII,MAS,RTX,TT,ALB,APD,CRH,DD,STLD,VMC"
2011-09-23,5,4,37,32,37,32,0.5,0.5,1.0,mixed,0.3783783783783784,0.4571428571428572,"CSCO,MSFT,TDY,AFL,AIZ,AJG,BRK-B,CINF,CME,EG,ERIE,GS,JKHY,L,MSCI,MTB,NDAQ,USB,AMZN,AZO,BKNG,DECK,GRMN,LVS,MCD,ORLY,RL,TJX,CHD,CL,DLTR,HSY,KMB,KO,DUK,NI,SO","APA,BKR,DVN,OKE,OXY,A,ALGN,CI,CNC,DGX,DHR,DXCM,ELV,HUM,LH,RVTY,SYK,UHS,VTRS,WAT,ITW,J,LDOS,LII,RTX,SNA,SWK,TT,ALB,CRH,DD,STLD"
2011-09-30,4,5,28,52,28,52,0.5,0.5,1.0,mixed,0.8108108108108109,0.8846153846153846,"CSCO,MSFT,TDY,AMZN,AZO,BKNG,DECK,EBAY,GRMN,LVS,MCD,ORLY,RL,TJX,YUM,ADM,CHD,CL,DLTR,GIS,HSY,KMB,KO,MO,DUK,NI,SO,SRE","AMP,AXP,BAC,BRO,HBAN,HIG,IVZ,KEY,MA,MET,PRU,RF,SCHW,STT,APA,BKR,HAL,OKE,OXY,A,ALGN,CI,CNC,CRL,DGX,DHR,DVA,DXCM,ELV,HUM,INCY,LH,RVTY,SYK,TMO,UHS,VTRS,WAT,DOV,ITW,LDOS,LII,PH,RTX,SNA,SWK,WAB,ALB,CRH,DD,NUE,STLD"
2011-10-07,4,5,28,52,28,52,0.5,0.5,1.0,mixed,0.4285714285714285,0.23076923076923078,"CSCO,LRCX,MRVL,AZO,BKNG,DECK,EBAY,GRMN,HAS,LOW,LVS,MCD,ORLY,RL,ADM,CHD,CL,DLTR,GIS,KMB,KO,MDLZ,MO,D,DUK,NI,SO,SRE","AMP,AXP,BAC,BRO,GPN,HBAN,HIG,IVZ,KEY,MA,MET,PRU,RF,SCHW,STT,APA,BKR,HAL,OXY,A,ALGN,CI,CNC,CRL,DGX,DHR,DVA,HUM,INCY,RVTY,SYK,TMO,UHS,VTRS,WAT,CSX,DOV,IEX,ITW,LDOS,LII,NOC,ODFL,PH,RTX,SNA,SWK,WAB,ALB,DD,FCX,STLD"
2011-10-14,4,5,19,52,19,52,0.5,0.5,1.0,mixed,0.7142857142857141,0.3461538461538462,"AAPL,CSCO,LRCX,DECK,EBAY,GRMN,LOW,MCD,ORLY,RL,ADM,CHD,CL,DLTR,GIS,KMB,MDLZ,MO,DUK","AMP,AXP,BLK,BRO,GPN,HIG,IVZ,KEY,MA,MET,PRU,RF,SCHW,STT,APA,BKR,EQT,HAL,OXY,SLB,A,ALGN,CI,CNC,CRL,DGX,DHR,DVA,HUM,REGN,SYK,TMO,UHS,VTRS,WAT,WST,CSX,DOV,FDX,IEX,ITW,JBHT,LDOS,NSC,SNA,SWK,WAB,ALB,AVY,DD,FCX,STLD"
2011-10-21,4,5,19,48,19,48,0.5,0.5,1.0,mixed,0.3157894736842105,0.49999999999999983,"AAPL,CSCO,LRCX,CMG,DECK,EBAY,GRMN,HD,LOW,ORLY,RL,ADM,DLTR,GIS,KMB,MDLZ,MO,DUK,PEG","AMP,AXP,BEN,KEY,MA,PRU,RF,SCHW,WTW,APA,BKR,EOG,EQT,HAL,SLB,A,BDX,CI,CNC,CRL,DGX,DVA,HUM,INCY,REGN,STE,TMO,UHS,VTRS,WAT,WST,CSX,DOV,FDX,GD,IEX,JBHT,LDOS,NDSN,NSC,SNA,SWK,TT,WAB,ALB,DD,FCX,STLD"
2011-10-28,5,4,32,36,32,36,0.5,0.5,1.0,mixed,1.0625,0.7916666666666667,"AAPL,CSCO,LRCX,MRVL,AFL,AIZ,BRK-B,CINF,FDS,FISV,GL,ICE,NDAQ,TROW,V,WFC,DECK,EBAY,HD,LOW,RL,ROST,ADM,COST,DLTR,GIS,KMB,MO,AEE,DUK,ED,PEG","APA,BKR,EOG,HAL,SLB,BDX,BSX,CI,DVA,HUM,INCY,REGN,TMO,UNH,WST,AME,BLDR,CAT,CSX,DOV,FDX,GD,IEX,JBHT,LDOS,MAS,NDSN,NSC,SNA,SWK,TDG,TT,WAB,ALB,FCX,STLD"
2011-11-04,5,4,37,33,37,33,0.5,0.5,1.0,mixed,0.5405405405405406,0.3333333333333335,"AAPL,APH,CSCO,INTU,MRVL,SNPS,AFL,AIZ,BRK-B,ERIE,FDS,FISV,GL,ICE,NDAQ,PNC,TROW,TRV,WFC,DECK,EBAY,HD,LOW,RL,ROST,TJX,ADM,COST,DLTR,GIS,HSY,KMB,MO,AEE,CMS,ED,XEL","APA,BKR,EOG,HAL,SLB,WMB,BDX,BSX,CI,INCY,LH,REGN,TMO,UNH,WST,ZBH,AME,BLDR,CAT,CSX,DOV,FDX,GD,IEX,JBHT,LDOS,NDSN,SNA,TDG,TT,WAB,FCX,STLD"
2011-11-11,5,4,31,28,31,28,0.5,0.5,1.0,mixed,0.5945945945945945,0.48484848484848475,"APH,CDNS,CSCO,INTC,INTU,MRVL,SNPS,AFL,AJG,ERIE,FDS,GL,NDAQ,PNC,TROW,TRV,DECK,GPC,HD,LOW,ROST,CASY,COST,DLTR,GIS,HSY,MO,AEE,CMS,ED,XEL","BKR,HAL,SLB,BDX,BSX,CI,COR,IDXX,INCY,LH,TMO,UNH,WST,ZBH,BLDR,CSX,DOV,FDX,GD,GWW,IEX,JBHT,LDOS,NDSN,SNA,TDG,WAB,FCX"
2011-11-18,6,3,38,15,38,15,0.5,0.5,1.0,mixed,0.7368421052631579,1.0714285714285712,"APH,CDNS,CSCO,FLEX,INTC,INTU,MU,SNPS,AFL,AJG,BAC,BNY,FDS,FISV,FITB,GL,NDAQ,PNC,TROW,TRV,USB,EFX,JCI,MAS,PWR,DECK,GPC,HD,ROST,COST,GIS,MO,TSN,WMT,AEE,CMS,NI,XEL","BKR,HAL,SLB,BDX,BSX,CI,COO,COR,IDXX,LH,RVTY,UNH,WST,ZBH,FCX"
2011-11-25,5,4,37,19,37,19,0.5,0.5,1.0,mixed,0.5789473684210527,0.6315789473684212,"APH,CDNS,CSCO,CTSH,FLEX,INTC,INTU,MU,TYL,AFL,AJG,BAC,BNY,FDS,FISV,FITB,GL,PNC,TFC,TROW,TRV,USB,JCI,MAS,PH,TT,DECK,HD,MCD,PHM,RCL,ROST,TSCO,AEE,CMS,SO,XEL","BKR,SLB,BDX,BSX,CI,COO,COR,IDXX,LH,UHS,UNH,WST,ZBH,CLX,DLTR,KO,MDLZ,FCX,MOS"
2011-12-02,5,4,32,19,32,19,0.5,0.5,1.0,mixed,0.5405405405405406,0.3157894736842105,"APH,CDNS,CSCO,CTSH,FLEX,INTC,INTU,MU,TYL,AFL,BAC,FISV,FITB,GL,PNC,PRU,RF,STT,TFC,TROW,TRV,LUV,MAS,PH,URI,HD,PHM,RCL,ROST,AEE,CMS,XEL","BAX,BDX,BSX,CI,COO,COR,IDXX,LH,UHS,UNH,WAT,WST,ZBH,CLX,DLTR,KO,MDLZ,DD,MOS"
2011-12-09,4,5,41,27,41,27,0.5,0.5,1.0,mixed,0.9268292682926829,1.037037037037037,"AMAT,APH,CDNS,CSCO,CTSH,FICO,FLEX,HPQ,INTC,INTU,MU,TXN,TYL,AFL,AIZ,ALL,AMP,BAC,CINF,FITB,IVZ,JKHY,KEY,RF,STT,TROW,ETN,HUBB,LUV,MAS,ODFL,PH,PNR,URI,GRMN,HD,NVR,ORLY,PHM,RCL,TPR","CVX,BAX,COO,COR,IDXX,TECH,UHS,UNH,VTRS,WAT,ZBH,BG,CHD,CLX,DLTR,KO,MDLZ,CNP,D,ED,EXC,NEE,NRG,PEG,SO,LIN,MOS"
2011-12-16,5,4,51,32,51,32,0.5,0.5,1.0,mixed,0.5882352941176472,0.6249999999999998,"ADSK,AMAT,APH,CDNS,CSCO,CTSH,FICO,FLEX,HPQ,KLAC,MU,ROP,TXN,TYL,AFL,AIZ,ALL,AMP,BAC,BRK-B,BRO,CINF,FITB,HIG,IVZ,JKHY,KEY,STT,TROW,AXON,EFX,ETN,EXPD,HUBB,LUV,MAS,ODFL,PH,URI,WAB,DHI,GRMN,HD,NVR,PHM,RCL,TPR,MLM,NEM,NUE,PPG","BKR,CVX,HAL,BAX,BMY,COO,COR,CRL,IDXX,INCY,RMD,TECH,TMO,UNH,VRTX,WAT,ZBH,BG,CHD,CLX,DLTR,KDP,KO,MDLZ,MNST,CNP,D,ED,EXC,NRG,PEG,SO"
2011-12-23,4,5,48,38,48,38,0.5,0.5,1.0,mixed,0.5882352941176471,0.5789473684210527,"ADSK,AMAT,APH,CDNS,CSCO,CTSH,FFIV,FICO,FLEX,HPQ,KLAC,ROP,STX,TXN,TYL,ZBRA,AIZ,ALL,AMP,BAC,BRK-B,BRO,FITB,HIG,IVZ,KEY,RF,RJF,STT,TROW,AME,AXON,EFX,ETN,HON,HUBB,LUV,MAS,ODFL,PAYX,PH,UAL,UNP,URI,WAB,ECL,NUE,SHW","BKR,HAL,XOM,BAX,BMY,COO,COR,INCY,LLY,RMD,TECH,TMO,UNH,VRTX,WAT,ZBH,AMZN,BKNG,EBAY,GPC,LULU,ULTA,WYNN,CHD,CLX,DLTR,HSY,KDP,KMB,KO,MDLZ,MNST,CNP,D,ED,NRG,PEG,SO"
2011-12-30,4,5,39,33,39,33,0.5,0.5,1.0,mixed,0.75,0.5263157894736842,"AIZ,ALL,AMP,BAC,BRK-B,BRO,FITB,HIG,IVZ,KEY,MET,RF,RJF,STT,TROW,APA,EOG,OXY,WMB,AME,AXON,CAT,EFX,ETN,HON,HUBB,LUV,MAS,ODFL,PH,TXT,UAL,UNP,URI,WAB,DD,FCX,NUE,SHW","AAPL,CRM,GEN,BAX,BMY,COO,COR,HSIC,LLY,RMD,TECH,TMO,UNH,VRTX,ZBH,AMZN,EBAY,GPC,LULU,ULTA,CLX,DLTR,HSY,KDP,KMB,KO,MNST,PG,CNP,D,ED,NRG,PEG"
2012-01-06,4,5,39,30,39,30,0.5,0.5,1.0,mixed,0.3076923076923077,0.48484848484848486,"ALL,AMP,BAC,BLK,BRO,C,GS,HIG,IVZ,KEY,MET,RF,RJF,STT,TROW,APA,EOG,OXY,SLB,WMB,AME,AXON,CAT,DAL,EFX,ETN,HON,HUBB,LUV,ODFL,UAL,UNP,URI,WAB,DD,FCX,MLM,NUE,SHW","CRM,GEN,BAX,BMY,CAH,COO,COR,HSIC,RMD,TECH,TMO,VRTX,WST,AMZN,DECK,EBAY,LULU,ULTA,CLX,DLTR,GIS,HSY,KO,MNST,PG,CNP,D,EXC,NRG,PEG"
2012-01-13,4,5,32,32,32,32,0.5,0.5,1.0,mixed,0.4102564102564103,0.25,"ALL,AMP,BAC,BLK,BRO,GS,HIG,IVZ,KEY,MET,RF,RJF,STT,TROW,APA,EOG,OXY,SLB,WMB,AME,CAT,EFX,ETN,HON,HUBB,LUV,UNP,WAB,DD,FCX,MLM,VMC","CRM,GEN,BAX,BMY,BSX,CAH,COR,RMD,TECH,TMO,VRTX,WST,AMZN,DECK,EBAY,LULU,RL,ULTA,WYNN,CLX,DLTR,GIS,HSY,KO,MNST,PG,CNP,D,DUK,EXC,NRG,PEG"
2012-01-20,4,5,23,28,23,28,0.5,0.5,1.0,mixed,0.7499999999999999,0.37499999999999994,"ALL,AMP,BAC,BLK,GL,GS,PNC,RF,RJF,TROW,EOG,OXY,SLB,WMB,AME,CAT,EFX,HUBB,JBHT,DD,FCX,MLM,VMC","BAX,BMY,CAH,COR,RMD,TECH,TMO,WST,AMZN,DECK,DRI,EBAY,LULU,RL,TSCO,ULTA,WYNN,CLX,DLTR,GIS,MNST,PG,CNP,D,DUK,EXC,NRG,PEG"
2012-01-27,3,6,15,29,15,29,0.5,0.5,1.0,mixed,0.7826086956521738,0.5517241379310345,"BAC,BLK,GL,GS,PNC,RJF,TFC,TROW,AME,EFX,JBHT,DD,FCX,MLM,VMC","INTC,IT,BKR,COP,BMY,CAH,COR,RMD,WST,AMZN,BKNG,DECK,DRI,EBAY,ORLY,TSCO,ULTA,WYNN,COST,DLTR,GIS,MDLZ,MNST,PG,CNP,DUK,EXC,NRG,PEG"
2012-02-03,3,6,20,29,20,29,0.5,0.5,1.0,mixed,0.7999999999999998,0.4827586206896552,"BAC,BLK,FITB,GS,PFG,RJF,TFC,AME,AOS,BA,EFX,FDX,IEX,JBHT,PCAR,BALL,DD,FCX,MLM,VMC","INTC,IT,ORCL,BKR,COP,BMY,CAH,COR,RMD,ZBH,AMZN,BBY,BKNG,DECK,DRI,EBAY,EXPE,ORLY,SBUX,TSCO,ULTA,CASY,COST,DLTR,GIS,DUK,EXC,NRG,PPL"
2012-02-10,3,6,16,28,16,28,0.5,0.5,1.0,mixed,0.5,0.3448275862068965,"BAC,FITB,GS,PFG,RJF,TFC,AOS,EFX,FDX,JBHT,PCAR,URI,BALL,DD,FCX,VMC","AAPL,CDNS,INTC,IT,ORCL,BKR,COP,BIIB,BMY,CAH,RMD,AMZN,BBY,BKNG,DECK,DRI,EXPE,ORLY,SBUX,TSCO,ULTA,CASY,COST,HRL,DUK,EXC,NRG,PPL"
2012-02-17,3,6,16,30,16,30,0.5,0.5,1.0,mixed,0.375,0.3999999999999999,"BAC,FITB,GS,RJF,TFC,AOS,BLDR,DOV,EFX,FDX,LHX,PCAR,URI,BALL,DD,VMC","ACN,CDNS,INTC,IT,ORCL,BKR,COP,BIIB,BMY,CAH,LLY,BBY,BKNG,CMG,DECK,EXPE,ORLY,SBUX,TSCO,ULTA,CASY,COST,HRL,KO,AEE,DUK,ED,EXC,NRG,PPL"
2012-02-24,3,6,13,32,13,32,0.5,0.5,1.0,mixed,0.5,0.49999999999999994,"BAC,FITB,GS,TFC,AOS,BLDR,GE,LHX,PCAR,URI,BALL,DD,VMC","ACN,CDNS,IT,ORCL,COP,BIIB,LLY,MCK,AZO,BBY,CMG,DECK,DPZ,EXPE,GPC,ORLY,SBUX,ULTA,CASY,COST,GIS,HRL,HSY,KO,MNST,MO,AEE,DUK,ED,EXC,NRG,PPL"
2012-03-02,3,6,14,32,14,32,0.5,0.5,1.0,mixed,0.857142857142857,0.3125,"BAC,PRU,RJF,AOS,BLDR,CAT,DAL,GE,HUBB,LHX,URI,BALL,CF,DD","ACN,CDNS,IT,ORCL,COP,BIIB,HUM,LLY,AZO,BBY,CCL,DECK,DPZ,EXPE,GPC,ORLY,BF-B,CASY,COST,GIS,HRL,HSY,KO,MNST,MO,TSN,AEE,DUK,ED,NRG,PEG,PPL"
2012-03-09,3,6,14,27,14,27,0.5,0.5,1.0,mixed,0.4285714285714285,0.6249999999999998,"BAC,PRU,BLDR,CAT,DAL,GE,HUBB,LHX,URI,WM,BALL,CF,MOS,NUE","ACN,CDNS,BIIB,COR,CVS,HUM,LLY,PFE,AZO,BBY,CCL,DPZ,EXPE,GPC,MCD,ORLY,BF-B,EL,GIS,HRL,KO,MO,TSN,DUK,ED,PEG,PPL"
2012-03-16,3,6,16,31,16,31,0.5,0.5,1.0,mixed,0.6249999999999999,0.5161290322580644,"IVZ,PRU,RF,AME,BLDR,CAT,CMI,DAL,GE,HUBB,LHX,TXT,URI,WM,CF,MOS","CDNS,CSCO,CVX,OKE,BIIB,COR,CVS,HUM,JNJ,LLY,PFE,AZO,BBY,CCL,DPZ,GPC,GRMN,MCD,ORLY,BF-B,DLTR,GIS,KO,MO,PG,TSN,DUK,ED,ETR,PEG,PPL"
2012-03-23,4,5,31,28,31,28,0.5,0.5,1.0,mixed,1.032258064516129,0.4516129032258064,"AAPL,AMAT,CIEN,FLEX,JBL,MSFT,NVDA,ON,STX,SWKS,TER,GS,IVZ,PRU,RF,AME,BLDR,CAT,CMI,DAL,GE,HUBB,NDSN,SNA,TXT,URI,WM,CF,MLM,MOS,PKG","CVX,OKE,BIIB,COR,HUM,JNJ,LLY,MRK,PFE,AZO,CCL,DPZ,GPC,GRMN,ORLY,BF-B,DLTR,GIS,KO,MO,PEP,PG,SJM,TSN,DUK,ED,ETR,SO"
2012-03-30,6,3,45,20,45,20,0.5,0.5,1.0,mixed,0.888888888888889,0.7857142857142856,"AAPL,AMAT,CIEN,CRM,FLEX,JBL,NVDA,QCOM,SWKS,TER,GS,IVZ,RF,BKR,EOG,VLO,AME,BLDR,CAT,CMI,DAL,JBHT,NDSN,SNA,TXT,URI,WM,BKNG,CMG,DHI,EBAY,F,LEN,LULU,LVS,MGM,RL,TPR,TSCO,ULTA,CF,MLM,MOS,PKG,VMC","CAH,COR,HUM,JNJ,LLY,PFE,BF-B,DLTR,GIS,KO,KR,PEP,PG,SJM,TSN,AEP,DUK,ED,ETR,SO"
2012-04-06,6,3,43,21,43,21,0.5,0.5,1.0,mixed,0.2666666666666666,0.38095238095238104,"AAPL,AMAT,CIEN,CRM,LRCX,NVDA,QCOM,GS,IVZ,RF,RJF,BKR,EOG,VLO,AME,BLDR,CMI,DAL,JBHT,NDSN,SNA,TDG,TXT,URI,WM,BKNG,CMG,DHI,EBAY,F,LEN,LULU,LVS,RL,TPR,TSCO,ULTA,BALL,CF,MLM,MOS,PKG,VMC","AMGN,HUM,JNJ,LLY,PFE,BF-B,DLTR,GIS,KR,PEP,PG,SJM,SYY,TSN,AEP,DUK,ED,ETR,EXC,SO,WEC"
2012-04-13,6,3,37,20,37,20,0.5,0.5,1.0,mixed,0.4651162790697676,0.38095238095238104,"AAPL,CRM,FSLR,LRCX,NVDA,QCOM,IVZ,RF,BKR,EOG,VLO,AOS,CMI,JBHT,NDSN,PCAR,SNA,SWK,TDG,TXT,URI,WM,BKNG,CMG,DHI,EBAY,F,LEN,LVS,RL,TSCO,ULTA,BALL,CF,MOS,PKG,VMC","HUM,JNJ,LLY,BF-B,DLTR,GIS,KR,MDLZ,PEP,SJM,SYY,TAP,TSN,AEP,DUK,ED,ETR,SO,WEC,XEL"
2012-04-20,6,3,35,21,35,21,0.5,0.5,1.0,mixed,0.5945945945945943,0.38095238095238104,"AAPL,CRM,FSLR,GLW,LRCX,MPWR,AIG,COF,FIS,MCO,RF,BKR,VLO,AOS,JBHT,JCI,NDSN,SNA,TDG,TXT,BKNG,CMG,EBAY,F,LEN,LVS,RCL,RL,TSCO,ULTA,BALL,CF,PKG,PPG,VMC","HUM,JNJ,MDT,BF-B,GIS,HRL,KR,PEP,SJM,SYY,TAP,TSN,AEP,DUK,ED,ETR,PNW,PPL,SO,WEC,XEL"
2012-04-27,6,3,35,20,35,20,0.5,0.5,1.0,mixed,0.4,0.28571428571428575,"CRM,FSLR,GLW,LRCX,MPWR,AIG,COF,FIS,MCO,BKR,COP,TPL,VLO,AOS,CSX,JBHT,JCI,LHX,NDSN,PNR,SWK,TDG,URI,BKNG,CMG,EBAY,F,LEN,RCL,RL,TSCO,ULTA,BALL,PKG,PPG","CNC,HUM,JNJ,MDT,BF-B,GIS,HRL,KR,SYY,TAP,AEP,CMS,DUK,ED,ETR,PNW,PPL,SO,WEC,XEL"
2012-05-04,4,5,20,24,20,24,0.5,0.5,1.0,mixed,1.0285714285714285,0.5833333333333334,"CRM,FSLR,GLW,IT,LRCX,AIG,COF,FIS,JPM,MCO,BKNG,DPZ,EBAY,LEN,RCL,TSCO,ULTA,BALL,PKG,PPG","CNC,HUM,MDT,BR,DE,FDX,LUV,BF-B,HRL,KR,SYY,TAP,TSN,WMT,AEP,AWK,CMS,DUK,ED,ETR,PNW,PPL,WEC,XEL"
2012-05-11,3,6,18,28,18,28,0.5,0.5,1.0,mixed,0.5999999999999999,0.42857142857142844,"AMAT,FSLR,GLW,IT,LRCX,TRMB,AIG,BNY,COF,FIS,MCO,DPZ,EBAY,LEN,RCL,SBUX,TSCO,ULTA","CNC,CVS,HUM,MDT,BR,DE,FDX,LUV,HRL,KDP,KR,SYY,TAP,TSN,WMT,AEP,AWK,CMS,DTE,DUK,ETR,PNW,PPL,WEC,XEL,ECL,FCX,VMC"
2012-05-18,3,6,19,28,19,28,0.5,0.5,1.0,mixed,0.5263157894736841,0.3571428571428571,"CTSH,FSLR,GLW,IT,LRCX,ORCL,TRMB,AIG,AXP,COF,FIS,MCO,EBAY,LEN,LULU,RCL,SBUX,TSCO,WSM","CNC,CVS,HUM,JNJ,MDT,PODD,BR,DE,FDX,GD,J,LUV,URI,KR,SYY,TAP,TSN,AWK,CMS,DTE,DUK,ETR,PNW,PPL,WEC,ECL,FCX,VMC"
2012-05-25,3,6,22,27,22,27,0.5,0.5,1.0,mixed,0.4545454545454545,0.49999999999999994,"ACN,CTSH,FSLR,GLW,IT,LRCX,ORCL,AIG,AXP,COF,FIS,GS,STT,CCL,EBAY,LEN,LULU,RCL,ROST,SBUX,TSCO,WSM","CVX,EOG,OXY,CNC,CVS,HUM,JNJ,MDT,PODD,BR,DE,EFX,FIX,GD,J,URI,KR,STZ,SYY,TAP,TSN,AWK,DTE,ETR,PPL,FCX,VMC"
2012-06-01,2,7,20,43,20,43,0.5,0.5,1.0,mixed,0.9090909090909091,0.930232558139535,"AIG,ALL,AXP,BRO,COF,EG,FIS,FISV,HBAN,NTRS,STT,CCL,DECK,EBAY,LULU,ROST,SBUX,TJX,TSCO,WSM","ADI,AKAM,AMAT,CDNS,CSCO,FICO,FLEX,JBL,MU,NVDA,ON,STX,TEL,TXN,APA,EOG,OXY,CNC,DGX,HUM,JNJ,MDT,PODD,BR,DE,ETN,FIX,GD,HUBB,J,URI,GIS,KR,STZ,SYY,TAP,TSN,AWK,DTE,ETR,PPL,FCX,STLD"
2012-06-08,4,5,36,37,36,37,0.5,0.5,1.0,mixed,1.0000000000000002,0.6511627906976745,"AIG,ALL,AXP,BRO,EG,FIS,FISV,HBAN,NTRS,USB,ABT,ALGN,BIIB,BSX,ELV,LH,PFE,SYK,CCL,DECK,EBAY,LULU,NVR,ORLY,ROST,SBUX,TJX,TSCO,WSM,CHD,DLTR,HSY,MKC,MNST,MO,SJM","AKAM,AMAT,CDNS,CSCO,CTSH,FICO,FLEX,JBL,MU,NTAP,NVDA,ON,STX,TEL,TXN,APA,EOG,OXY,BLDR,BR,DE,ETN,FAST,FIX,GD,HUBB,J,PCAR,URI,AWK,DTE,ETR,CRH,FCX,MLM,STLD,VMC"
2012-06-15,4,5,34,48,34,48,0.5,0.5,1.0,mixed,0.7222222222222222,0.7083333333333336,"ABT,ALGN,BIIB,BSX,ELV,INCY,LH,PFE,SYK,VRTX,AZO,BKNG,CCL,DECK,EBAY,NVR,ORLY,ROST,TJX,WSM,BF-B,BG,CHD,DLTR,HRL,HSY,KMB,MKC,MNST,MO,SJM,ATO,CNP,EIX","AKAM,AMAT,CDNS,CSCO,CTSH,FICO,FLEX,INTC,JBL,MCHP,MU,NTAP,NVDA,ON,QCOM,STX,TEL,TXN,ZBRA,C,GS,IBKR,MET,MS,PFG,PRU,TFC,WFC,APA,EOG,BLDR,BR,CAT,ETN,FAST,FIX,GD,HUBB,J,PCAR,RSG,URI,APD,CRH,MLM,PKG,STLD,VMC"
2012-06-22,5,4,39,44,39,44,0.5,0.5,1.0,mixed,0.5128205128205128,0.375,"ABT,ALGN,BIIB,BSX,ELV,EW,INCY,LH,PFE,SYK,UNH,VRTX,WST,CCL,EBAY,EXPE,HAS,NVR,ORLY,ROST,TJX,ULTA,WSM,BF-B,CHD,DLTR,HRL,HSY,KMB,MNST,MO,SJM,ATO,CNP,EIX,ECL,IFF,MOS,SHW","AKAM,AMAT,CDNS,CSCO,CTSH,FICO,FLEX,JBL,LRCX,MU,NTAP,NVDA,ON,QCOM,STX,TEL,TXN,ZBRA,C,GS,HIG,IBKR,MET,MS,PFG,PRU,WFC,APA,EOG,BLDR,BR,CAT,EFX,ETN,FAST,FIX,GD,HUBB,J,ODFL,PCAR,RSG,TXT,URI"
2012-06-29,6,3,36,40,36,40,0.5,0.5,1.0,mixed,0.46153846153846156,0.4090909090909091,"CVX,OKE,TPL,XOM,ABT,ALGN,BIIB,EW,INCY,LH,PFE,SYK,VRTX,WST,CCL,EBAY,EXPE,NVR,ORLY,ROST,TJX,ULTA,WSM,BF-B,CHD,DLTR,HRL,HSY,KDP,KMB,MNST,SJM,ATO,CNP,DUK,ECL","AKAM,AMAT,COHR,CSCO,CTSH,FICO,FLEX,JBL,LRCX,MRVL,MU,NTAP,ON,QCOM,STX,TEL,TER,TXN,ZBRA,BX,C,GS,HIG,MET,MS,PFG,PRU,BR,CAT,DOV,ETN,FAST,FIX,HUBB,J,ODFL,PCAR,RSG,TXT,URI"
2012-07-06,5,4,25,58,25,58,0.5,0.5,1.0,mixed,0.7777777777777779,0.689655172413793,"CVX,OKE,TPL,XOM,ALGN,BIIB,EW,INCY,LH,SYK,VRTX,WST,BF-B,CHD,DLTR,HRL,HSY,KDP,KMB,TSN,WMT,ATO,DUK,PNW,ECL","ADSK,AKAM,AMAT,AMD,COHR,CSCO,CTSH,FICO,FLEX,JBL,LRCX,MRVL,MU,NTAP,ON,QCOM,SMCI,STX,TEL,TER,TXN,ZBRA,BLK,BX,C,GS,HIG,MCO,MET,MS,PFG,PRU,BLDR,CAT,DOV,EMR,ETN,EXPD,FAST,FIX,HUBB,J,ODFL,PCAR,ROK,RSG,SWK,URI,CMG,DPZ,F,HD,LEN,LVS,MGM,RCL,RL,TPR"
2012-07-13,5,4,24,53,24,53,0.5,0.5,1.0,mixed,0.39999999999999986,0.34482758620689663,"COP,CVX,OKE,TPL,XOM,BIIB,EW,JNJ,VRTX,WST,BF-B,CHD,GIS,HRL,HSY,KDP,KMB,TSN,WMT,ATO,DUK,NEE,PNW,ECL","ADSK,AMAT,AMD,COHR,CSCO,CTSH,FICO,LRCX,MRVL,MU,NTAP,ON,QCOM,SMCI,STX,TEL,TER,TXN,ZBRA,BNY,C,GS,HIG,JPM,MCO,MET,MS,BLDR,CAT,DOV,EMR,ETN,EXPD,FAST,HUBB,J,ODFL,PCAR,ROK,SWK,URI,BKNG,CMG,DPZ,F,LEN,LVS,MGM,RCL,RL,SBUX,TPR,YUM"
2012-07-20,5,4,22,48,22,48,0.5,0.5,1.0,mixed,0.6666666666666666,0.3018867924528302,"COP,CVX,OKE,EW,JNJ,MRK,PODD,UHS,VRTX,WST,BF-B,CL,GIS,HSY,KDP,KMB,WMT,ATO,EVRG,PNW,ECL,FCX","ADSK,AMAT,AMD,COHR,CSCO,CTSH,FFIV,LRCX,MRVL,MU,NTAP,ON,QCOM,STX,TEL,TER,TXN,ZBRA,BNY,C,GS,HIG,JPM,MCO,MET,SCHW,BLDR,CAT,DOV,EMR,ETN,FAST,HUBB,ODFL,ROK,SWK,CMG,DPZ,F,LEN,LVS,MGM,NKE,RCL,RL,SBUX,TPR,YUM"
2012-07-27,5,4,24,45,24,45,0.5,0.5,1.0,mixed,0.3333333333333334,0.25000000000000006,"COP,CVX,OKE,ELV,EW,JNJ,LH,MRK,PODD,UHS,WST,BF-B,CL,GIS,KDP,KMB,PEP,SYY,WMT,ATO,EVRG,PNW,ECL,FCX","ADSK,AMD,COHR,CSCO,CTSH,FFIV,LRCX,NTAP,ON,STX,TEL,TER,TXN,ZBRA,AIG,BNY,C,HIG,JPM,MCO,MET,SCHW,BLDR,CAT,CPRT,DOV,EMR,ETN,FAST,HUBB,ODFL,ROK,SWK,CMG,DPZ,LEN,LVS,MGM,NKE,RCL,RL,SBUX,TPR,TSCO,YUM"
2012-08-03,5,4,22,44,22,44,0.5,0.5,1.0,mixed,0.5,0.35555555555555557,"COP,CVX,BDX,DVA,ELV,JNJ,LH,MRK,PODD,UHS,CL,KDP,KMB,KR,MKC,PEP,SYY,WMT,ATO,EVRG,PNW,FCX","ADSK,AMD,COHR,CSCO,CTSH,FFIV,FLEX,GLW,LRCX,NTAP,ON,STX,TER,TRMB,TXN,ZBRA,AIG,BNY,C,HIG,MET,PGR,SCHW,BLDR,BR,CMI,CPRT,DOV,EMR,FAST,HUBB,ODFL,PH,ROK,SWK,CMG,LEN,LVS,MGM,NKE,RCL,SBUX,TSCO,YUM"
2012-08-10,5,4,24,38,24,38,0.5,0.5,1.0,mixed,0.5000000000000001,0.5909090909090908,"CVX,AMGN,BDX,DVA,JNJ,LH,MRK,PODD,UHS,CHD,CL,COST,KDP,KR,MKC,MO,STZ,SYY,TAP,WMT,ATO,EVRG,PNW,FCX","AMD,COHR,CSCO,FFIV,FLEX,GLW,JBL,MRVL,NTAP,ON,TER,TRMB,AIG,BNY,HBAN,HIG,PGR,PRU,SCHW,BLDR,BR,CPRT,DOV,HUBB,ODFL,PH,ROK,SWK,BKNG,CMG,LEN,LOW,LULU,MGM,NKE,SBUX,TSCO,YUM"
2012-08-17,5,4,24,36,24,36,0.5,0.5,1.0,mixed,0.24999999999999997,0.36842105263157887,"VLO,AMGN,BDX,BIIB,DVA,JNJ,LH,MRK,PODD,UHS,CHD,CL,COST,KDP,KR,MO,STZ,SYY,TAP,WMT,ATO,PNW,CF,FCX","AMD,COHR,FFIV,FLEX,GLW,IBM,JBL,MRVL,ON,TRMB,AIG,FIS,HBAN,HIG,PGR,PRU,SCHW,AME,BLDR,CPRT,DOV,GD,HUBB,ODFL,PH,ROK,BKNG,CMG,LOW,LULU,MGM,NKE,ORLY,SBUX,TSCO,YUM"
2012-08-24,5,4,21,43,21,43,0.5,0.5,1.0,mixed,0.41666666666666663,0.511627906976744,"OXY,VLO,AMGN,BDX,BIIB,DVA,JNJ,LH,MRK,PODD,UHS,CL,COST,KR,STZ,SYY,TAP,ATO,CF,FCX,PKG","AMD,COHR,FLEX,GLW,HPQ,IBM,INTC,MRVL,ON,ROP,SMCI,TRMB,AIG,ALL,FIS,HBAN,HIG,MS,NTRS,PGR,RJF,SCHW,AME,BLDR,CPRT,DAL,DOV,GD,HUBB,ODFL,PCAR,PH,ROK,TDG,BKNG,CMG,LOW,MGM,NKE,ORLY,SBUX,TSCO,YUM"
2012-08-31,5,4,21,49,21,49,0.5,0.5,1.0,mixed,0.19047619047619047,0.6122448979591837,"VLO,AMGN,BDX,BIIB,DVA,JNJ,LH,MRK,UHS,CL,COST,HSY,KR,STZ,SYY,TAP,ATO,CF,FCX,MOS,PKG","AMD,COHR,CSCO,FLEX,GLW,HPQ,IBM,INTC,MSI,ON,QCOM,ROP,SMCI,TRMB,AIG,ALL,AXP,FIS,HBAN,HIG,IBKR,NTRS,PGR,RJF,AME,AOS,CAT,CPRT,DAL,GE,JBHT,LII,ODFL,PCAR,PH,TDG,UAL,AZO,CMG,EBAY,F,LOW,MGM,NKE,ORLY,SBUX,TPR,TSCO,YUM"
2012-09-07,3,6,9,53,9,53,0.5,0.5,1.0,mixed,1.2380952380952381,0.5660377358490566,"VLO,AMGN,BDX,LH,MRK,CF,IP,MOS,PKG","AMD,CSCO,GLW,HPQ,IBM,INTC,MSFT,MSI,ON,ROP,SMCI,TRMB,AIG,AXP,BRO,FIS,FISV,HBAN,IBKR,NTRS,PGR,RJF,AME,AOS,CAT,DAL,GE,JBHT,LII,ODFL,TDG,UAL,AZO,CMG,EBAY,F,MGM,NVR,ORLY,SBUX,TPR,YUM,BF-B,DLTR,HRL,MKC,MNST,MO,PM,CMS,EIX,NI,WEC"
2012-09-14,2,7,6,62,6,62,0.5,0.5,1.0,mixed,0.8888888888888888,0.6774193548387095,"VLO,CF,IP,MOS,PKG,STLD","ADBE,AMD,CSCO,FICO,GLW,HPQ,IBM,INTC,INTU,MSFT,MSI,STX,TYL,AXP,BRO,COF,FIS,FISV,HBAN,IBKR,NTRS,PGR,RJF,STT,A,ALGN,BSX,CVS,INCY,ISRG,SYK,UHS,UNH,AME,AOS,DAL,JBHT,ODFL,UAL,UPS,AZO,CMG,F,LVS,MGM,NVR,ORLY,SBUX,TPR,ULTA,YUM,CASY,CHD,DLTR,HRL,MKC,MNST,MO,PM,CMS,EIX,WEC"
2012-09-21,2,7,7,60,7,60,0.5,0.5,1.0,mixed,0.2857142857142857,0.3548387096774193,"VLO,AVY,CF,IP,MOS,PKG,STLD","ADBE,FICO,GLW,HPQ,INTC,INTU,MSFT,MSI,STX,TDY,TYL,VRSN,AXP,BRO,COF,FIS,FISV,HBAN,NTRS,STT,A,BSX,CAH,CVS,INCY,ISRG,LH,SYK,UHS,UNH,AME,AOS,CMI,DAL,HUBB,JBHT,ODFL,UAL,UPS,AZO,CMG,F,LVS,MGM,NVR,ORLY,SBUX,TPR,ULTA,CASY,CHD,CLX,HRL,MKC,MNST,MO,PM,AES,EIX,FE"
2012-09-28,2,7,8,57,8,57,0.5,0.5,1.0,mixed,0.49999999999999994,0.43333333333333335,"SLB,VLO,AVY,CF,IP,MOS,PKG,SW","ADBE,FFIV,FICO,GLW,HPQ,INTC,INTU,MSFT,TDY,TYL,VRSN,AXP,BRO,COF,ERIE,FIS,FISV,GL,HBAN,STT,WRB,CAH,CVS,INCY,ISRG,UNH,AME,AOS,BA,DAL,FDX,HUBB,JBHT,ODFL,SNA,UAL,UPS,AZO,EBAY,LVS,NVR,ORLY,SBUX,ULTA,CASY,CHD,CLX,DLTR,HRL,MKC,MNST,MO,PM,WMT,AES,EIX,FE"
2012-10-05,4,5,20,34,20,34,0.5,0.5,1.0,mixed,1.5000000000000002,0.9824561403508769,"AKAM,AMAT,CTSH,QCOM,TER,TXN,BEN,FITB,HIG,JPM,MCO,PRU,SPGI,APD,AVY,CF,FCX,IP,PKG,SW","ALGN,BMY,CAH,CVS,INCY,ISRG,MCK,AOS,BA,FDX,HUBB,JBHT,SNA,UAL,UPS,AZO,EBAY,ORLY,ROST,SBUX,ULTA,CASY,CHD,CLX,DLTR,HRL,MKC,MNST,MO,PM,WMT,AES,EVRG,FE"
2012-10-12,4,5,17,36,17,36,0.5,0.5,1.0,mixed,0.6,0.33333333333333337,"AAPL,AKAM,CTSH,QCOM,TXN,ZBRA,BEN,FITB,JPM,MCO,MTB,SPGI,APD,CF,IP,PKG,SW","BMY,CAH,CVS,INCY,ISRG,MCK,TECH,AOS,BA,FDX,JBHT,SNA,UPS,AZO,EBAY,NKE,ORLY,ROST,SBUX,ULTA,ADM,CASY,CHD,CLX,DLTR,HSY,MKC,MNST,MO,PM,WMT,AES,ED,EVRG,FE,PCG"
2012-10-19,4,5,21,36,21,36,0.5,0.5,1.0,mixed,0.5714285714285712,0.38888888888888895,"AAPL,ACN,AKAM,COHR,CTSH,LRCX,ON,QCOM,TXN,ZBRA,BEN,FITB,JPM,MCO,MTB,SPGI,BKR,APD,FCX,IP,SW","BMY,CAH,INCY,ISRG,MCK,TECH,BA,FDX,GE,SNA,UPS,WM,AZO,CMG,EBAY,GPC,ORLY,ROST,SBUX,TJX,ADM,CASY,CHD,DLTR,HSY,KDP,MKC,MNST,MO,PM,AES,ED,EVRG,FE,PCG,SO"
2012-10-26,5,4,31,23,31,23,0.5,0.5,1.0,mixed,0.8387096774193548,0.8333333333333333,"ACN,AKAM,COHR,CTSH,LRCX,NVDA,ON,QCOM,SNPS,TXN,ZBRA,BAC,BEN,C,GS,JPM,MCO,MTB,SPGI,BKR,MCD,MGM,RCL,RL,TPR,TSCO,WSM,WYNN,FCX,IP,SW","HSIC,INCY,MCK,TECH,BA,FDX,SNA,UPS,WM,CASY,CHD,DLTR,HSY,KDP,MKC,MNST,MO,PM,AES,ED,FE,LNT,PCG"
2012-11-02,4,5,23,32,23,32,0.5,0.5,1.0,mixed,0.9677419354838709,0.9375,"AIZ,BAC,BEN,C,GS,HIG,IBKR,MCO,MTB,SPGI,BKR,DVN,WMB,EXPE,MCD,MGM,RCL,TPR,WSM,WYNN,FCX,NEM,SW","AMD,CIEN,FFIV,HPQ,KLAC,MU,SWKS,VRSN,BIIB,DGX,HSIC,INCY,TECH,UNH,AME,BA,CSX,SNA,UNP,WM,CASY,CHD,DLTR,HSY,KDP,MO,PM,STZ,AES,ED,LNT,PCG"
2012-11-09,4,5,24,35,24,35,0.5,0.5,1.0,mixed,0.33333333333333337,0.3428571428571428,"AIZ,BAC,BEN,C,FDS,GS,HIG,IBKR,MCO,MTB,DVN,EOG,WMB,EXPE,MCD,RCL,TPR,WSM,WYNN,FCX,IFF,NEM,SW,VMC","AMD,CIEN,FFIV,HPQ,JBL,KLAC,MU,NVDA,SWKS,VRSN,BIIB,DGX,HSIC,INCY,TECH,UNH,AME,CSX,JCI,NSC,SNA,UNP,WM,CASY,CHD,DLTR,HSY,MO,PEP,PM,STZ,AES,ED,EIX,PCG"
2012-11-16,5,4,32,28,32,28,0.5,0.5,1.0,mixed,0.6874999999999999,0.6857142857142857,"AIZ,BAC,BEN,C,FDS,GS,HIG,IBKR,MCO,MTB,NDAQ,PFG,DVN,EOG,EQT,WMB,CI,COO,HUM,WAT,CCL,DPZ,HD,MCD,NKE,RCL,WSM,FCX,IFF,NEM,SW,VMC","HPQ,INTC,IT,JBL,KLAC,MU,NVDA,SWKS,VRSN,CSX,LDOS,NSC,PAYX,SNA,UNP,WM,CASY,CHD,DLTR,HSY,MO,PEP,PM,STZ,AEE,AES,ED,PCG"
2012-11-23,5,4,38,30,38,30,0.5,0.5,1.0,mixed,0.5263157894736842,0.2666666666666666,"AIZ,BAC,BEN,BNY,C,ERIE,FDS,GS,HIG,IBKR,MA,MCO,NDAQ,PFG,V,DVN,EOG,EQT,OKE,WMB,XOM,CI,COO,ELV,UNH,WAT,CCL,DPZ,HD,LOW,MCD,NKE,RCL,FCX,IFF,NEM,PKG,VMC","AMAT,INTC,IT,JBL,KLAC,MU,NTAP,NVDA,SWKS,VRSN,CSX,JBHT,LDOS,NSC,PAYX,SNA,UNP,WM,CASY,CHD,DLTR,MO,PEP,PM,STZ,TGT,AEE,AES,ED,PCG"
2012-11-30,6,3,51,20,51,20,0.5,0.5,1.0,mixed,0.7843137254901962,0.8666666666666667,"ACGL,AIZ,BAC,BEN,BNY,C,CB,ERIE,FDS,HIG,IBKR,MA,NDAQ,V,DVN,EOG,EQT,OKE,WMB,XOM,BAX,CAH,CI,ELV,UNH,WAT,AME,AXON,CHRW,CPRT,DE,EFX,EME,EXPD,HON,IEX,JBHT,ODFL,RSG,RTX,BBY,CCL,DPZ,HD,LOW,MCD,NKE,RCL,IFF,MLM,VMC","AAPL,AMAT,INTC,JBL,MSFT,MU,NTAP,NVDA,SWKS,VRSN,CASY,CHD,DLTR,MO,PEP,PM,STZ,TGT,AEE,EXC"
2012-12-07,8,1,66,5,66,5,0.5,0.5,1.0,mixed,0.696969696969697,1.6,"ACGL,AIZ,BEN,BNY,C,CB,ERIE,FDS,FISV,HIG,IBKR,MA,NDAQ,STT,TRV,V,EOG,EQT,OKE,XOM,BAX,BMY,CAH,CI,TECH,UHS,UNH,AME,AXON,CHRW,CPRT,DE,DOV,EFX,EME,EXPD,IEX,JBHT,ODFL,RSG,RTX,BBY,CCL,DPZ,HD,LOW,RCL,WYNN,ADM,BG,CL,CLX,COST,KMB,KR,SYY,CMS,DTE,EIX,FE,BALL,ECL,IFF,IP,MLM,VMC","AAPL,FLEX,NVDA,SWKS,VRSN"
2012-12-14,8,1,61,4,61,4,0.5,0.5,1.0,mixed,0.48484848484848486,0.8,"ACGL,AFL,AMP,BNY,C,CB,CME,ERIE,FDS,FISV,IBKR,JKHY,MA,NDAQ,SPGI,STT,TRV,V,WTW,EOG,EQT,XOM,BAX,BMY,CAH,CI,TECH,UNH,AME,AXON,CHRW,DE,EFX,EME,IEX,ODFL,ROK,RTX,CCL,CMG,DECK,DPZ,HD,LOW,ORLY,WYNN,BG,CLX,KMB,KR,CMS,DTE,EIX,FE,BALL,ECL,IFF,IP,MLM,PPG,VMC","AAPL,NVDA,VRSN,WDC"
2012-12-21,8,1,59,2,59,0,1.0,0.0,1.0,long_only,0.2622950819672131,1.0,"ACGL,AFL,AMP,AON,BNY,CB,CME,ERIE,FDS,FISV,JKHY,MA,NDAQ,PGR,SPGI,TRV,V,WTW,COP,EOG,EQT,BAX,BMY,CAH,CI,UNH,VTRS,AME,AXON,CHRW,EFX,EME,IEX,ODFL,ROK,CCL,CMG,DECK,DPZ,LOW,ORLY,WYNN,BG,CLX,KMB,KR,CMS,DTE,EIX,ES,FE,BALL,ECL,IFF,IP,MLM,PPG,SW,VMC",
2012-12-28,8,1,66,2,66,0,1.0,0.0,1.0,long_only,0.42424242424242425,0.0,"ACGL,AFL,AMP,AON,BNY,CB,ERIE,FDS,FISV,JKHY,L,MA,NDAQ,SPGI,STT,TROW,TRV,V,WTW,COP,EOG,EQT,BAX,BMY,CAH,CI,JNJ,TMO,UNH,VTRS,AME,AXON,EFX,EME,ETN,FDX,IEX,ODFL,PNR,ROK,DECK,DPZ,GPC,LOW,ORLY,WYNN,BG,CLX,KR,AES,CMS,DTE,DUK,ES,FE,LNT,SRE,BALL,ECL,IFF,IP,MLM,NUE,PPG,SW,VMC",
2013-01-04,8,1,67,3,67,3,0.5,0.5,1.0,mixed,0.3582089552238806,1.0,"AFL,AMP,AON,BNY,FDS,FISV,ICE,JKHY,L,MA,MCO,MTB,SPGI,STT,TROW,TRV,WTW,COP,EOG,OXY,BAX,BMY,CI,COO,JNJ,TMO,VTRS,AME,AXON,EFX,EME,ETN,FDX,IEX,ODFL,PNR,PWR,ROK,DECK,DPZ,F,GPC,LOW,ORLY,BG,CLX,HSY,KR,TSN,AES,AWK,CMS,DTE,DUK,ES,FE,LNT,SRE,APD,BALL,ECL,IP,LIN,MLM,NUE,PPG,VMC","AAPL,SWKS,VRSN"
2013-01-11,8,1,58,3,58,3,0.5,0.5,1.0,mixed,0.5970149253731344,0.0,"AFL,AON,BAC,FDS,FISV,JKHY,L,MA,MCO,STT,TROW,WTW,COP,OXY,A,BAX,CI,COR,JNJ,PFE,REGN,SYK,TMO,VTRS,EFX,ETN,HON,LUV,PNR,PWR,ROK,DECK,F,GPC,ORLY,HSY,KR,TSN,AES,AWK,CMS,D,DTE,DUK,ES,FE,LNT,SRE,ALB,APD,AVY,BALL,IP,LIN,MLM,NUE,PPG,VMC","AAPL,SWKS,VRSN"
2013-01-18,7,2,53,7,53,7,0.5,0.5,1.0,mixed,0.5172413793103449,1.1428571428571428,"AIZ,BAC,BEN,BLK,FDS,FISV,JKHY,L,MCO,STT,WTW,A,COR,ELV,PFE,REGN,SYK,TMO,BA,EFX,EMR,JCI,LUV,PNR,PWR,ROK,WM,DECK,F,GPC,ORLY,HRL,HSY,KR,TSN,AES,AWK,CMS,D,DTE,DUK,LNT,SRE,ALB,APD,AVY,IP,LIN,MLM,NUE,PPG,STLD,VMC","AAPL,SWKS,VRSN,BKR,CVX,DVN,WMB"
2013-01-25,7,2,36,4,36,4,0.5,0.5,1.0,mixed,0.9056603773584906,1.4285714285714284,"AIZ,AXP,BAC,BLK,FDS,MCO,STT,WTW,APA,OXY,CPRT,EMR,JCI,LUV,NSC,PNR,ROK,UPS,WM,DECK,F,GPC,RCL,HRL,HSY,TSN,AES,D,DUK,LNT,SRE,ALB,APD,NUE,PPG,VMC","AAPL,SWKS,MRK,VRTX"
2013-02-01,7,2,37,4,37,4,0.5,0.5,1.0,mixed,0.4864864864864864,0.5,"AIZ,AXP,BAC,BLK,C,FDS,SCHW,STT,WTW,APA,HAL,OXY,DAL,EMR,FAST,JCI,LUV,NSC,PH,ROK,RSG,UPS,URI,WM,DECK,F,HRL,HSY,MNST,TSN,AES,D,DUK,SRE,ALB,NUE,PPG","AAPL,ROP,SWKS,MRK"
2013-02-08,7,2,44,5,44,5,0.5,0.5,1.0,mixed,0.5454545454545454,0.39999999999999997,"AIZ,AXP,BAC,BLK,C,FDS,IVZ,NDAQ,PNC,RJF,SCHW,STT,TROW,WTW,APA,HAL,OXY,CSX,DAL,EMR,FAST,FIX,LUV,NSC,PH,RSG,RTX,URI,WM,DECK,BG,HRL,HSY,MNST,TSN,AEE,AES,D,DUK,EVRG,SRE,ALB,DD,NUE","AAPL,ACN,ROP,SWKS,MRK"
2013-02-15,6,3,44,9,44,9,0.5,0.5,1.0,mixed,0.4545454545454545,1.1111111111111112,"AIZ,AXP,BAC,BLK,BNY,C,FDS,IBKR,IVZ,JKHY,NDAQ,PNC,RJF,SCHW,STT,TROW,WTW,APA,HAL,OXY,VLO,CSX,DAL,EMR,FAST,FIX,IEX,LUV,NSC,PH,RSG,RTX,URI,WM,DPZ,LOW,WYNN,AEE,AES,EVRG,NI,SRE,CRH,DD","AAPL,ACN,SWKS,AMGN,MRK,BF-B,BG,PM,TGT"
2013-02-22,6,3,41,15,41,15,0.5,0.5,1.0,mixed,0.36363636363636365,0.7999999999999997,"AXP,BLK,BNY,FDS,IBKR,JKHY,KEY,MS,NDAQ,PNC,RJF,SCHW,STT,TROW,TRV,WTW,APA,HAL,OXY,VLO,DAL,EMR,FAST,FIX,LUV,NSC,PH,RTX,URI,WM,DPZ,MCD,WYNN,AEE,AES,ED,EVRG,NI,SRE,CRH,DD","AAPL,ACN,SWKS,AMGN,COO,DVA,IDXX,MRK,RMD,TECH,BF-B,BG,CLX,PM,TGT"
2013-03-01,6,3,35,12,35,12,0.5,0.5,1.0,mixed,0.4878048780487805,0.5333333333333332,"AXP,BLK,BNY,BX,JKHY,KEY,MET,MS,NDAQ,PNC,RJF,SCHW,STT,TROW,WTW,HAL,OXY,VLO,DAL,FAST,FIX,NSC,PH,RTX,URI,MCD,AEE,AES,ED,EVRG,NI,SRE,CRH,IP,STLD","ACN,SWKS,AMGN,BAX,IDXX,MRK,RMD,TECH,BF-B,BG,CLX,TGT"
2013-03-08,5,4,20,25,20,25,0.5,0.5,1.0,mixed,1.0285714285714287,1.1999999999999997,"HAL,OXY,VLO,DAL,FAST,FIX,NSC,PH,RTX,URI,MCD,AEE,ED,EXC,NI,WEC,CRH,IP,MLM,STLD","ACN,AKAM,CDNS,SWKS,AFL,BAC,BNY,COF,IBKR,MA,MCO,MTB,SPGI,AMGN,DXCM,IDXX,MRK,TECH,VTRS,BF-B,BG,CLX,KDP,KO,TGT"
2013-03-15,4,5,17,30,17,30,0.5,0.5,1.0,mixed,0.5999999999999999,0.6000000000000001,"BKR,SLB,VLO,DAL,FAST,NSC,PH,RTX,URI,AEE,DUK,EXC,NI,WEC,CRH,IP,STLD","AAPL,AKAM,APH,CDNS,SWKS,AFL,BAC,BNY,COF,IBKR,MA,MCO,MTB,SPGI,USB,AMGN,DXCM,REGN,TECH,VTRS,CCL,DPZ,DRI,LULU,ULTA,BF-B,BG,CLX,KDP,KO"
2013-03-22,5,4,29,23,29,23,0.5,0.5,1.0,mixed,1.3103448275862069,0.6,"ADI,FICO,FLEX,HPQ,INTU,KLAC,MCHP,MSFT,MU,ON,PTC,TEL,TXN,ZBRA,BKR,VLO,DAL,J,NSC,ROK,RTX,UAL,WAB,DUK,WEC,CRH,IP,NUE,STLD","AFL,BNY,COF,IBKR,MA,MCO,SPGI,USB,AMGN,REGN,TECH,VTRS,CCL,DPZ,DRI,LULU,ULTA,BF-B,BG,COST,KDP,KO,MKC"
2013-03-29,4,5,25,22,25,22,0.5,0.5,1.0,mixed,0.6206896551724137,0.5217391304347826,"FICO,FLEX,HPQ,IBM,INTU,MCHP,MSFT,MU,ON,PTC,TEL,TXN,ZBRA,BKR,J,LUV,NSC,RTX,UAL,WAB,CNP,D,DUK,SO,WEC","AFL,BNY,COF,MA,MCO,SPGI,USB,REGN,RMD,TECH,TMO,VTRS,CCL,DPZ,LULU,ULTA,COST,KDP,KO,BALL,CF,SW"
2013-04-05,5,4,29,21,29,21,0.5,0.5,1.0,mixed,0.48275862068965514,0.5454545454545453,"FLEX,HPQ,IBM,INTU,MCHP,MPWR,MSFT,MU,ON,PTC,TEL,ZBRA,BKR,CAT,HON,HUBB,J,LUV,NSC,RTX,TXT,UAL,WAB,GIS,HSY,CNP,D,SO,WEC","AFL,BNY,MA,MCO,SPGI,USB,REGN,RMD,RVTY,TMO,VTRS,AMZN,CCL,DPZ,GRMN,LULU,ULTA,CF,FCX,PKG,SW"
2013-04-12,6,3,36,15,36,15,0.5,0.5,1.0,mixed,0.6666666666666667,0.7619047619047621,"HPQ,IBM,MCHP,MSFT,MU,ON,PTC,SWKS,TEL,ZBRA,BKR,DVN,HAL,ALGN,BDX,BIIB,BMY,HUM,UHS,HON,HUBB,J,JBHT,LUV,MMM,NSC,RTX,TXT,UAL,WAB,GIS,HSY,KMB,CNP,D,WEC","AFL,GPN,MA,MCO,SPGI,AMZN,CCL,DPZ,GRMN,LULU,WYNN,CF,FCX,PKG,SW"
2013-04-19,6,3,36,14,36,14,0.5,0.5,1.0,mixed,0.611111111111111,0.6666666666666665,"AMAT,HPQ,JBL,MSFT,MU,SWKS,TDY,ZBRA,HAL,ALGN,BDX,BIIB,BMY,COR,HUM,JNJ,UHS,GWW,HON,HUBB,J,JBHT,MMM,RTX,TDG,TXT,UAL,VRSK,WAB,WM,GIS,HRL,HSY,KMB,CNP,PEG","AFL,BNY,GPN,MA,V,AMZN,CCL,DPZ,GRMN,LOW,PHM,WYNN,CF,FCX"
2013-04-26,5,4,28,19,28,19,0.5,0.5,1.0,mixed,0.7777777777777777,0.7368421052631577,"AMAT,HPQ,JBL,MSFT,SWKS,TDY,WDC,ZBRA,BDX,BIIB,HUM,JNJ,FIX,HON,HUBB,JBHT,LDOS,MMM,UAL,UNP,URI,VRSK,WM,GIS,KMB,CNP,FE,PEG","BNY,GPN,MA,V,APA,EOG,XOM,AMZN,CCL,DPZ,EBAY,GRMN,HD,LOW,PHM,CF,FCX,MLM,NUE"
2013-05-03,5,4,28,24,28,24,0.5,0.5,1.0,mixed,1.0714285714285714,1.3333333333333335,"AMAT,GLW,HPQ,JBL,TDY,AMGN,BDX,BIIB,GILD,HUM,JNJ,AZO,BBY,DECK,DRI,HAS,HD,RL,TPR,GIS,KMB,KO,AES,CNP,FE,NI,PEG,SO","BNY,COF,GPN,GS,MA,RJF,APA,EOG,HAL,VLO,XOM,AXON,CAT,CPRT,DE,EMR,EXPD,PH,PWR,ROK,ROL,CF,FCX,VMC"
2013-05-10,5,4,24,21,24,21,0.5,0.5,1.0,mixed,0.49999999999999983,0.4166666666666666,"AMAT,GLW,HPQ,MU,AMGN,BIIB,BSX,GILD,HUM,JNJ,AZO,BBY,DECK,HAS,HD,RL,TPR,KMB,KO,STZ,AES,CNP,FE,PEG","BNY,GPN,MA,RJF,APA,HAL,SLB,VLO,XOM,CAT,CPRT,DE,EMR,EXPD,FDX,PH,PWR,ROL,CF,FCX,VMC"
2013-05-17,5,4,23,22,23,22,0.5,0.5,1.0,mixed,0.41666666666666674,0.36363636363636354,"AAPL,GLW,HPQ,IT,MU,AMGN,BIIB,GILD,HUM,JNJ,PODD,BBY,DECK,HAS,HD,MCD,TPR,KMB,KO,AES,CNP,FE,PEG","BNY,BX,GPN,RJF,SCHW,HAL,SLB,VLO,XOM,BLDR,CAT,DE,EMR,EXPD,FDX,PH,PWR,ROL,SNA,CF,FCX,VMC"
2013-05-24,5,4,30,21,30,21,0.5,0.5,1.0,mixed,0.6,0.7272727272727271,"AAPL,GLW,IT,MSFT,MU,NVDA,AMGN,BIIB,GILD,HUM,IDXX,JNJ,PODD,REGN,BBY,DECK,HAS,HD,LULU,MCD,TPR,ULTA,KMB,KO,PM,TGT,AES,EXC,FE,PEG","AFL,BLK,BX,GPN,RJF,SCHW,V,BKR,HAL,SLB,VLO,AME,CAT,EMR,FDX,IEX,PH,PWR,ROL,NUE,VMC"
2013-05-31,5,4,24,22,24,22,0.5,0.5,1.0,mixed,0.5333333333333333,0.4545454545454545,"AAPL,GLW,MSFT,MU,NVDA,AMGN,BIIB,GILD,IDXX,MRK,PODD,REGN,BBY,MCD,TPR,ULTA,YUM,KMB,KO,PM,TGT,AES,EXC,FE","AFL,BAC,BLK,BX,GPN,RJF,TROW,BKR,HAL,SLB,AME,CAT,CHRW,EMR,FDX,IEX,PH,PWR,ROL,TXT,NUE,SW"
2013-06-07,5,4,24,24,24,24,0.5,0.5,1.0,mixed,0.5,0.5833333333333333,"AAPL,GLW,MSFT,MU,NVDA,DGX,GILD,IDXX,MRK,PODD,REGN,VRTX,BBY,BKNG,GRMN,TJX,TPR,ULTA,KO,PM,AES,EXC,FE,PCG","AFL,BAC,BLK,GPN,JKHY,MTB,NDAQ,RJF,TROW,BKR,HAL,AME,AOS,CAT,CHRW,FDX,IEX,J,PWR,RTX,SWK,TXT,NUE,SW"
2013-06-14,5,4,23,31,23,31,0.5,0.5,1.0,mixed,0.6666666666666666,0.7096774193548385,"AAPL,AKAM,FSLR,GLW,MSFT,NVDA,DGX,PODD,REGN,TECH,VRTX,BKNG,LULU,TJX,TPR,ULTA,WYNN,KO,PM,FE,NEE,PCG,XEL","AFL,BAC,CB,GPN,JKHY,MA,MTB,NDAQ,NTRS,RJF,TROW,WRB,BKR,AME,CAT,CHRW,EME,FAST,FDX,HON,IEX,JBHT,PWR,RTX,SWK,TXT,AVY,CRH,IP,NUE,SW"
2013-06-21,5,4,25,29,25,29,0.5,0.5,1.0,mixed,0.3199999999999999,0.5161290322580645,"AAPL,AKAM,AMD,FSLR,MSFT,NVDA,BMY,DGX,DXCM,ELV,PODD,REGN,TECH,VRTX,BKNG,LULU,TJX,TPR,ULTA,WYNN,KO,PM,NEE,PCG,XEL","ALL,BAC,BLK,CB,EG,JKHY,MA,NDAQ,RJF,TROW,WRB,BKR,AME,CAT,EME,FAST,IEX,JBHT,PWR,SWK,TXT,AVY,CRH,IFF,IP,MOS,NUE,SW,VMC"
2013-06-28,2,7,12,47,12,47,0.5,0.5,1.0,mixed,1.2,0.9361702127659576,"AKAM,AMD,FSLR,MSFT,NTAP,NVDA,BKNG,LULU,MGM,TJX,ULTA,WYNN","ACGL,ALL,BAC,BLK,CB,CINF,EG,JKHY,NDAQ,RJF,TROW,TRV,WRB,BDX,LLY,PFE,AME,AOS,DE,EME,EXPD,FAST,JBHT,LUV,PWR,SWK,TXT,UAL,CL,CLX,COST,SYY,CMS,CNP,DTE,EIX,NI,WEC,AVY,CF,CRH,IFF,IP,MOS,NUE,SW,VMC"
2013-07-05,2,7,14,45,14,45,0.5,0.5,1.0,mixed,0.5714285714285714,0.38297872340425526,"AKAM,AMD,FICO,FLEX,MSFT,NTAP,NVDA,STX,BKNG,MGM,TJX,ULTA,WYNN,YUM","ACGL,ALL,BLK,CB,CINF,EG,PFG,TROW,TRV,WRB,BDX,EW,JNJ,LLY,PFE,TMO,ZBH,AOS,DE,FAST,HUBB,JBHT,LUV,PWR,SWK,TXT,UAL,CL,CLX,COST,HRL,SYY,CMS,CNP,DTE,EIX,NI,AVY,CF,CRH,IFF,IP,MOS,NUE,SW"
2013-07-12,2,7,15,39,15,39,0.5,0.5,1.0,mixed,0.2666666666666666,0.6666666666666666,"AKAM,AMD,FICO,FLEX,MSFT,NTAP,NVDA,STX,BKNG,MAR,MGM,SBUX,TJX,ULTA,YUM","ACGL,ALL,BAC,BEN,BLK,BRK-B,CB,CINF,EG,FISV,PFG,TRV,WRB,WTW,WMB,BDX,JNJ,LLY,PFE,TMO,ZBH,DE,FAST,LUV,PWR,SWK,UAL,VRSK,CL,KMB,CMS,CNP,DTE,EIX,EXC,CRH,IFF,IP,MOS"
2013-07-19,2,7,11,44,11,44,0.5,0.5,1.0,mixed,1.2,0.5909090909090909,"AKAM,AMD,CIEN,CSCO,FICO,FLEX,NTAP,STX,APD,DD,PPG","ACGL,ALL,BAC,BEN,BLK,BRK-B,CINF,EG,FISV,MSCI,PFG,TRV,WRB,WTW,SLB,WMB,JNJ,LLY,PFE,TMO,DE,FAST,LUV,PWR,SWK,UAL,VRSK,AMZN,DECK,DHI,LEN,MAR,MCD,NVR,RL,CL,KMB,MDLZ,MKC,CMS,CNP,DTE,EXC,PEG"
2013-07-26,2,7,13,43,13,43,0.5,0.5,1.0,mixed,0.923076923076923,0.36363636363636365,"AMD,AVGO,CDNS,CIEN,CSCO,FICO,FLEX,GLW,JBL,MRVL,NTAP,APD,SHW","ACGL,ALL,BAC,BEN,BLK,CINF,EG,FISV,TRV,WRB,WTW,SLB,VLO,WMB,AMGN,BIIB,DVA,JNJ,LLY,TMO,DE,FAST,LUV,PWR,UAL,URI,VRSK,WM,DECK,DHI,LEN,MAR,MCD,PHM,RL,CL,KMB,MKC,CMS,CNP,DTE,EXC,PEG"
2013-08-02,3,6,20,36,20,36,0.5,0.5,1.0,mixed,0.8000000000000003,0.6976744186046512,"AMD,AVGO,CDNS,CIEN,CSCO,FICO,FLEX,GLW,JBL,MPWR,MRVL,NTAP,BA,CAT,EXPD,FDX,NOC,PNR,ROL,APD","ACGL,AIZ,ALL,BAC,BEN,BLK,CINF,EG,ERIE,IVZ,STT,TRV,DVN,EQT,VLO,WMB,AMGN,BIIB,DVA,JNJ,TMO,DECK,DHI,LEN,MAR,PHM,RL,CL,KMB,MKC,TAP,CMS,DTE,EXC,FE,PEG"
2013-08-09,3,6,22,33,22,33,0.5,0.5,1.0,mixed,0.5454545454545455,0.611111111111111,"AMD,AVGO,CDNS,CIEN,CSCO,FFIV,FLEX,JBL,MPWR,MRVL,NTAP,CAT,DOV,EXPD,FDX,FIX,NOC,PH,ROL,APD,CF,DD","AIZ,BEN,BLK,CINF,ERIE,IVZ,PGR,DVN,EQT,HAL,VLO,WMB,AMGN,BIIB,CRL,DVA,TMO,DECK,DHI,EXPE,LEN,LULU,LVS,MAR,PHM,EL,KMB,MKC,CMS,EVRG,EXC,FE,PEG"
2013-08-16,3,6,22,32,22,32,0.5,0.5,1.0,mixed,0.45454545454545453,0.4242424242424243,"AVGO,CIEN,FFIV,FLEX,FTNT,JBL,MPWR,MRVL,NTAP,BR,CAT,DOV,EXPD,FDX,FIX,GE,HUBB,NOC,ROL,CF,DD,LIN","AIZ,BEN,BLK,ERIE,IVZ,MCO,PGR,RJF,EQT,HAL,VLO,WMB,BIIB,CRL,DVA,DECK,DHI,EXPE,HD,LULU,LVS,MAR,PHM,WYNN,EL,KMB,KO,AEP,CMS,EXC,FE,PEG"
2013-08-23,3,6,22,29,22,29,0.5,0.5,1.0,mixed,0.36363636363636365,0.3125,"AVGO,FFIV,FTNT,JBL,MPWR,MRVL,PTC,BR,CAT,DOV,EXPD,FDX,FIX,GE,GNRC,HUBB,LII,NOC,ROL,TDG,CF,DD","AIZ,BEN,BLK,ERIE,IVZ,RJF,EQT,HAL,VLO,BIIB,CRL,DVA,DHI,DRI,EXPE,HD,LULU,LVS,MAR,PHM,TPR,WYNN,EL,KMB,KO,AEP,CMS,EXC,FE"
2013-08-30,3,6,21,28,21,28,0.5,0.5,1.0,mixed,0.1818181818181817,0.5517241379310345,"FFIV,FTNT,JBL,MPWR,MRVL,PTC,BR,CAT,DOV,FDX,FIX,GE,GNRC,HUBB,LII,NOC,ROL,TDG,TT,CF,DD","ERIE,IVZ,TROW,EQT,VLO,BIIB,DVA,PFE,DRI,EBAY,EXPE,HD,LULU,LVS,MAR,NVR,PHM,TPR,WYNN,EL,KMB,KO,KR,AEP,CMS,FE,PNW,XEL"
2013-09-06,3,6,20,30,20,30,0.5,0.5,1.0,mixed,0.5714285714285714,0.5333333333333332,"FFIV,FTNT,JBL,MPWR,PTC,BR,DOV,FDX,GE,GNRC,IEX,LII,LMT,NOC,PNR,RTX,SNA,TDG,TT,DD","BRK-B,ERIE,IVZ,TRV,CVX,EQT,VLO,BIIB,DVA,DXCM,LH,LLY,PFE,PODD,DRI,EXPE,HD,LVS,MAR,MCD,NVR,PHM,TPR,WYNN,EL,KO,AEP,CMS,PNW,XEL"
2013-09-13,4,5,25,28,25,28,0.5,0.5,1.0,mixed,0.8000000000000003,0.6666666666666665,"COHR,FFIV,FICO,FTNT,JBL,MPWR,PTC,SMCI,BKR,COP,EOG,SLB,BR,CTAS,DOV,IEX,LII,LMT,NOC,RTX,SNA,SWK,TT,DD,SW","ACGL,BRK-B,CINF,ERIE,IVZ,PGR,TRV,BIIB,DVA,LH,LLY,PFE,PODD,STE,DRI,EXPE,HD,MCD,PHM,TPR,KO,AEP,ATO,CMS,CNP,LNT,PCG,XEL"
2013-09-20,5,4,30,21,30,21,0.5,0.5,1.0,mixed,0.6000000000000001,1.0714285714285714,"COHR,FFIV,FTNT,MPWR,PTC,SMCI,BKR,COP,EOG,OKE,SLB,AOS,BR,CTAS,IEX,LII,LMT,NOC,PWR,RTX,SNA,SWK,TT,D,ED,NEE,NI,SO,APD,SW","ERIE,IVZ,NTRS,SCHW,TRV,V,BDX,BMY,DVA,ISRG,LH,STE,AZO,DRI,EXPE,HD,MCD,PHM,TPR,KO,TGT"
2013-09-27,5,4,31,27,31,27,0.5,0.5,1.0,mixed,0.38709677419354827,0.8148148148148149,"COHR,FFIV,FTNT,MPWR,NTAP,SMCI,SWKS,BKR,COP,OKE,SLB,AOS,BR,CMI,CTAS,IEX,LII,LMT,NOC,PWR,ROK,RTX,SNA,SWK,TXT,WAB,D,ED,NI,SO,SW","CME,ERIE,JPM,MET,NTRS,PFG,PRU,SCHW,BAX,BDX,BMY,CVS,ELV,LH,STE,WAT,AZO,DRI,EXPE,HD,LEN,MCD,PHM,TPR,KO,MO,TGT"
2013-10-04,5,4,33,26,33,26,0.5,0.5,1.0,mixed,0.4242424242424242,0.37037037037037046,"COHR,CRM,FFIV,FTNT,GEN,MPWR,SMCI,SWKS,COP,OKE,SLB,AOS,AXON,BR,CMI,CTAS,FAST,FDX,IEX,NOC,PH,PWR,ROK,RTX,SNA,SWK,TXT,WAB,AES,D,ED,NI,SW","CME,ERIE,JPM,MET,NTRS,PFG,PRU,BAX,BDX,CVS,ELV,LH,MDT,STE,WAT,AZO,DHI,DRI,HD,MCD,RL,TPR,KO,MO,PEP,TGT"
2013-10-11,5,4,28,22,28,22,0.5,0.5,1.0,mixed,0.4242424242424242,0.5384615384615384,"COHR,CRM,FFIV,MPWR,SMCI,SWKS,COP,OKE,SLB,AOS,AXON,BR,CMI,CTAS,FAST,IEX,NOC,PH,PWR,ROK,SNA,SWK,WAB,AES,D,SRE,CRH,SW","BX,CME,ERIE,JPM,MET,NTRS,PRU,RF,COR,CVS,ELV,STE,WAT,AZO,DHI,DRI,HD,MCD,RL,TPR,KO,TGT"
2013-10-18,5,4,26,16,26,16,0.5,0.5,1.0,mixed,0.3571428571428571,0.7272727272727273,"CRM,FFIV,MPWR,SMCI,SWKS,BKR,OKE,SLB,AOS,AXON,CMI,FAST,IEX,NOC,PH,PWR,ROK,SNA,WAB,AES,D,EXC,PEG,SRE,CRH,SW","BRK-B,CME,ERIE,JPM,KEY,MET,NTRS,PRU,RF,CVS,ELV,AZO,HD,RL,KO,TGT"
2013-10-25,5,4,23,18,23,18,0.5,0.5,1.0,mixed,0.6153846153846152,0.5555555555555556,"CRM,MPWR,QCOM,VRSN,BKR,SLB,AXON,CMI,FAST,IEX,PH,PWR,ROK,WAB,AES,D,FE,NRG,PEG,SRE,CRH,STLD,SW","BRK-B,CME,ERIE,JPM,KEY,MET,PRU,RF,BIIB,CVS,ELV,JNJ,AZO,RL,SBUX,WSM,MKC,TGT"
2013-11-01,5,4,25,21,25,21,0.5,0.5,1.0,mixed,0.3999999999999999,0.5714285714285714,"CRM,FICO,VRSN,BKR,DVN,EOG,SLB,WMB,AXON,CMI,FAST,IEX,PH,PWR,ROK,URI,WAB,AES,D,FE,NRG,SRE,CRH,STLD,SW","BRK-B,CME,ERIE,JPM,KEY,PRU,RF,BIIB,CVS,JNJ,VRTX,AZO,BKNG,GPC,ORLY,SBUX,WSM,YUM,MKC,PG,TGT"
2013-11-08,5,4,22,24,22,24,0.5,0.5,1.0,mixed,0.56,0.6666666666666665,"CRM,FICO,TYL,VRSN,BKR,COP,DVN,EOG,SLB,AXON,IEX,LUV,PH,PWR,ROK,AEP,FE,NRG,SRE,CRH,STLD,SW","BRK-B,BRO,C,CME,ERIE,KEY,RF,TFC,COO,JNJ,UNH,VRTX,AZO,BKNG,GPC,SBUX,TPR,WSM,YUM,MKC,MNST,PG,SJM,TGT"
2013-11-15,5,4,19,20,19,20,0.5,0.5,1.0,mixed,0.8181818181818181,0.5833333333333334,"CRM,FICO,TYL,VRSN,BKR,COP,CPRT,IEX,LUV,PH,TT,TXT,URI,AEP,SRE,CRH,NEM,NUE,STLD","BRK-B,BRO,C,GL,KEY,RF,TFC,BSX,CNC,COO,JNJ,AZO,BKNG,GPC,TPR,WSM,YUM,MNST,PG,SJM"
2013-11-22,5,4,21,23,21,23,0.5,0.5,1.0,mixed,0.47619047619047616,0.5217391304347826,"ADBE,FICO,STX,TYL,VRSN,BKR,COP,OXY,AOS,CPRT,FDX,IEX,LUV,PH,TT,TXT,URI,AEP,SRE,NEM,STLD","BAC,BRK-B,BRO,C,GL,KEY,MET,RF,TFC,BSX,CNC,COO,HUM,BKNG,GPC,HD,RL,SBUX,TPR,WSM,YUM,MNST,SJM"
2013-11-29,5,4,23,19,23,19,0.5,0.5,1.0,mixed,0.5217391304347825,0.4347826086956521,"ADBE,FSLR,IBM,STX,TYL,VRSN,BKR,OXY,SLB,AOS,CPRT,FDX,IEX,LDOS,LUV,PH,TT,UPS,URI,AEP,SO,NEM,STLD","BAC,BRK-B,BRO,C,GL,TFC,BSX,COO,HUM,BKNG,GPC,HD,SBUX,TPR,WSM,YUM,CASY,MNST,SJM"
2013-12-06,6,3,32,18,32,18,0.5,0.5,1.0,mixed,0.8124999999999999,0.5263157894736842,"ADBE,CTSH,FSLR,IBM,STX,TYL,VRSN,OKE,OXY,SLB,VLO,AOS,CPRT,FDX,LUV,NSC,PH,UPS,URI,CHD,CL,KMB,KO,MDLZ,PM,WMT,AEP,SO,LYB,NEM,PPG,STLD","AIG,BRK-B,BRO,C,GL,RF,TFC,BSX,COO,HUM,MRK,WAT,BKNG,GPC,HD,SBUX,TPR,YUM"
2013-12-13,5,4,35,22,35,22,0.5,0.5,1.0,mixed,0.5142857142857145,0.5454545454545454,"ADBE,CTSH,FSLR,GLW,IBM,STX,TYL,VRSN,AOS,BR,CPRT,CTAS,FDX,FIX,GE,LUV,NSC,PH,ROL,UPS,URI,CHD,CL,KMB,KO,PM,AEP,ATO,EIX,SO,LYB,NEM,PPG,STLD,VMC","AIG,BRK-B,BRO,C,ERIE,GL,RF,TFC,COP,EOG,EQT,COO,HUM,MRK,UNH,WAT,BKNG,GPC,HD,ORLY,TPR,YUM"
2013-12-20,4,5,25,42,25,42,0.5,0.5,1.0,mixed,0.8000000000000002,1.0952380952380953,"ADBE,ADSK,CTSH,FSLR,GLW,IBM,STX,TYL,VRSN,CHD,CL,KMB,KO,PM,TGT,WMT,AEE,AEP,ATO,EIX,SO,NEM,PPG,STLD,VMC","AIG,BRK-B,BRO,C,ERIE,MA,PGR,TFC,COP,EOG,EQT,SLB,WMB,COO,DGX,HSIC,HUM,MRK,RMD,UNH,WAT,CMI,DOV,ETN,EXPD,HON,LMT,NDSN,PCAR,RSG,RTX,SNA,SWK,VRSK,BKNG,F,GPC,LOW,LULU,ORLY,TPR,YUM"
2013-12-27,4,5,29,46,29,46,0.5,0.5,1.0,mixed,0.4827586206896552,0.5217391304347826,"ADBE,ADSK,FSLR,GLW,IT,STX,TYL,VRSN,BF-B,CHD,CL,CLX,KMB,KO,MO,PM,TGT,WMT,AEE,AEP,ATO,EIX,LNT,PCG,SO,XEL,PPG,STLD,VMC","AIG,BRK-B,BRO,C,ERIE,L,MA,PGR,PNC,COP,CVX,EOG,EQT,SLB,ALGN,CNC,COO,DGX,HUM,MRK,PODD,REGN,RMD,SYK,WAT,WST,CHRW,CMI,CSX,ETN,EXPD,HON,LMT,NDSN,PCAR,RSG,RTX,SNA,SWK,VRSK,BKNG,F,LULU,MGM,ORLY,YUM"
2014-01-03,3,6,25,48,25,48,0.5,0.5,1.0,mixed,0.5517241379310345,0.4583333333333333,"ACN,ADBE,ADSK,FSLR,GLW,IT,PTC,STX,VRSN,WDC,BF-B,CHD,CL,CLX,KMB,KO,MO,PM,TGT,WMT,ATO,LNT,NEE,PCG,XEL","AIG,BRK-B,BRO,C,CBOE,JKHY,L,MA,PGR,PNC,COP,EOG,EQT,SLB,TPL,A,ALGN,CNC,COO,DGX,MRK,PODD,REGN,RMD,SYK,WST,CHRW,CMI,CSX,ETN,EXPD,FAST,GWW,HON,NDSN,PCAR,RSG,RTX,VRSK,BKNG,F,LOW,LULU,MGM,SBUX,TSCO,WYNN,NEM"
2014-01-10,3,6,24,46,24,46,0.5,0.5,1.0,mixed,0.23999999999999988,0.5416666666666667,"ACN,ADBE,ADSK,CTSH,GLW,IT,PTC,STX,VRSN,WDC,BF-B,CHD,CLX,KO,MO,PM,TGT,WMT,ATO,AWK,LNT,NEE,PCG,XEL","AIG,CBOE,EG,FDS,JKHY,L,MA,MTB,PGR,PNC,WTW,COP,EOG,EQT,SLB,TPL,A,CNC,COO,DGX,JNJ,LH,MCK,PODD,REGN,RMD,SYK,WST,CHRW,CMI,EXPD,FAST,GWW,HON,HUBB,JBHT,NDSN,VRSK,CMG,F,LOW,LULU,SBUX,TSCO,WSM,NEM"
2014-01-17,3,6,25,47,25,47,0.5,0.5,1.0,mixed,0.23999999999999988,0.38297872340425526,"ACN,ADBE,ADSK,APH,CTSH,GLW,IT,PTC,STX,VRSN,WDC,BF-B,CHD,CLX,KO,MNST,PM,SYY,TGT,WMT,ATO,AWK,NEE,PCG,XEL","AIG,CBOE,EG,FDS,JKHY,KEY,L,MA,MSCI,MTB,PGR,WRB,WTW,BKR,COP,DVN,EOG,EQT,SLB,DGX,JNJ,LH,MCK,PODD,REGN,RMD,SYK,WST,AOS,BR,CHRW,CMI,EXPD,FAST,GWW,HON,HUBB,JBHT,VRSK,CMG,F,LOW,LULU,NKE,SBUX,LIN,NEM"
2014-01-24,4,5,31,37,31,37,0.5,0.5,1.0,mixed,0.7096774193548385,0.7234042553191492,"ACN,ADSK,APH,CTSH,IT,PTC,STX,VRSN,WDC,BAX,BIIB,CRL,CVS,EW,GILD,MRK,TMO,BF-B,CHD,CLX,KO,MNST,MO,SYY,TGT,TSN,WMT,AWK,NEE,NI,XEL","AIG,EG,FDS,IBKR,JKHY,KEY,L,MA,PGR,WRB,WTW,BKR,COP,DVN,EOG,OXY,SLB,AOS,BR,CHRW,DOV,EXPD,FAST,GWW,HON,HUBB,JBHT,CMG,DPZ,F,GPC,LOW,LULU,NKE,ROST,SBUX,ECL"
2014-01-31,5,4,44,28,44,28,0.5,0.5,1.0,mixed,0.7727272727272727,0.7567567567567566,"ACN,ADSK,APH,CDNS,CTSH,HPQ,IT,MRVL,PTC,STX,VRSN,WDC,BAC,FITB,GPN,JPM,KKR,MTB,NTRS,SPGI,TFC,USB,V,BAX,BIIB,CAH,CRL,CVS,EW,GILD,TMO,BF-B,CHD,HRL,KO,MNST,MO,SYY,TAP,TGT,TSN,WMT,AWK,NI","APA,BKR,COP,DVN,EOG,OXY,SLB,AOS,AXON,BR,CHRW,DOV,EXPD,GWW,HUBB,WM,CMG,DPZ,F,GPC,LOW,LULU,NKE,ROST,SBUX,ECL,NUE,PKG"
2014-02-07,5,4,39,29,39,29,0.5,0.5,1.0,mixed,0.40909090909090906,0.48275862068965514,"ACN,ADSK,APH,CDNS,CTSH,HPQ,IT,MRVL,WDC,BAC,ERIE,GPN,JPM,KKR,MTB,NTRS,SPGI,TFC,USB,V,BAX,BIIB,CRL,GILD,TMO,BF-B,CHD,HRL,KDP,KO,MNST,MO,SYY,TGT,TSN,WMT,ES,EVRG,NI","APA,BKR,DVN,OXY,SLB,AOS,AXON,BR,CHRW,DOV,EXPD,FDX,GWW,WM,CMG,DRI,F,LOW,LULU,MGM,NKE,ROST,SBUX,TJX,ULTA,DD,NUE,PKG,SW"
2014-02-14,6,3,43,29,43,29,0.5,0.5,1.0,mixed,0.4651162790697674,0.4827586206896552,"ACN,ADBE,ADSK,APH,CDNS,CTSH,HPQ,MRVL,SMCI,SWKS,WDC,BAC,GPN,KKR,MTB,SPGI,TFC,USB,V,BAX,BIIB,CRL,GILD,TMO,BF-B,CHD,HRL,KDP,MKC,MNST,SYY,TAP,TGT,TSN,WMT,ES,EVRG,EXC,NI,PPL,LIN,MLM,VMC","APA,BKR,OXY,SLB,AOS,AXON,BR,CHRW,CSX,DOV,EXPD,FDX,FIX,GE,IEX,LMT,SWK,WM,BBY,CMG,DRI,F,LULU,MGM,NKE,ROST,SBUX,TJX,ULTA"
2014-02-21,5,4,27,31,27,31,0.5,0.5,1.0,mixed,0.930232558139535,0.5806451612903225,"ACN,ADSK,CDNS,CTSH,HPQ,MRVL,SMCI,SWKS,TRMB,WDC,ZBRA,BAC,GPN,MTB,TFC,USB,WFC,BIIB,CRL,ES,EVRG,EXC,NI,PPL,DD,MLM,VMC","APA,AOS,AXON,CHRW,CSX,DOV,EMR,EXPD,FDX,FIX,GE,IEX,LMT,PAYX,PH,UPS,WM,BBY,CMG,DRI,F,NKE,ROST,SBUX,TJX,ULTA,COST,KR,PM,SJM,WMT"
2014-02-28,4,5,18,38,18,38,0.5,0.5,1.0,mixed,1.037037037037037,0.7894736842105263,"COHR,CTSH,HPQ,MRVL,ON,SMCI,SWKS,TER,TRMB,WDC,ZBRA,BIIB,ATO,ES,CRH,DD,MLM,VMC","ACGL,AON,AXP,BRK-B,CINF,FDS,GPN,ICE,JKHY,L,MA,WRB,WTW,APA,AOS,CHRW,CMI,CSX,DOV,EMR,EXPD,FDX,FIX,GE,IEX,PAYX,PH,UPS,WM,BBY,DECK,DRI,SBUX,TJX,ULTA,COST,SJM,WMT"
2014-03-07,4,5,21,37,21,37,0.5,0.5,1.0,mixed,0.6666666666666665,0.42105263157894735,"COHR,CTSH,FFIV,HPQ,MRVL,NXPI,ON,SWKS,TEL,TER,TRMB,ZBRA,ABT,BIIB,MRK,SYK,CRH,DD,LYB,MLM,VMC","ACGL,AJG,AON,AXP,BRK-B,CINF,FDS,ICE,JKHY,MA,STT,TRV,WRB,APA,EOG,ADP,AOS,CHRW,CSX,DOV,EMR,EXPD,FIX,GE,NSC,PAYX,PH,UPS,VRSK,WM,BBY,DECK,DRI,TJX,COST,SJM,WMT"
2014-03-14,4,5,24,38,24,38,0.5,0.5,1.0,mixed,0.41666666666666663,0.3684210526315791,"AKAM,COHR,FFIV,HPQ,MCHP,MRVL,NXPI,ON,SWKS,TEL,TER,TRMB,ZBRA,ABT,BIIB,IDXX,MRK,PODD,CF,CRH,DD,LYB,MLM,VMC","ACGL,AFL,AJG,AON,AXP,BNY,CB,CINF,FDS,ICE,JKHY,MA,STT,TRV,APA,ADP,AOS,CHRW,CSX,DOV,EMR,EXPD,FIX,GE,PAYX,PH,UPS,WM,BBY,DECK,DRI,TJX,ADM,COST,EL,PG,PM,SJM"
2014-03-21,4,5,30,33,30,33,0.5,0.5,1.0,mixed,0.5333333333333332,0.4736842105263158,"AKAM,COHR,FFIV,HPQ,MCHP,MRVL,NVDA,NXPI,ON,SWKS,TEL,TER,TRMB,ZBRA,ABT,BIIB,IDXX,MRK,PODD,REGN,RVTY,SYK,PEG,PNW,DD,LYB,MLM,PKG,SW,VMC","AFL,AJG,AON,BNY,CINF,JKHY,MA,STT,TRV,WTW,APA,ADP,AOS,CHRW,EMR,EXPD,FIX,GE,GWW,PAYX,PH,UPS,BBY,CMG,DECK,DRI,TJX,COST,EL,PEP,PG,PM,SJM"
2014-03-28,6,3,47,27,47,27,0.5,0.5,1.0,mixed,0.8085106382978724,0.7272727272727271,"ADBE,AKAM,COHR,CSCO,FFIV,FTNT,HPQ,JBL,MCHP,MPWR,MRVL,NVDA,NXPI,ON,SWKS,TEL,TER,TRMB,ZBRA,DVN,EOG,EQT,TPL,VLO,WMB,ABT,AMGN,IDXX,MRK,PODD,RVTY,SYK,TMO,CHD,HRL,HSY,KDP,EIX,FE,PEG,PNW,DD,LYB,MLM,PKG,SW,VMC","AFL,AJG,AON,BLK,CINF,GS,IBKR,JKHY,STT,TRV,WTW,ADP,AOS,CHRW,CTAS,EMR,EXPD,FDX,FIX,GE,PAYX,PH,UPS,BBY,CMG,DRI,LVS"
2014-04-04,6,3,47,33,47,33,0.5,0.5,1.0,mixed,0.3404255319148936,0.5454545454545453,"ADI,AKAM,AMAT,CSCO,FFIV,FTNT,GEN,HPQ,JBL,MCHP,MPWR,MRVL,NVDA,NXPI,TDY,TEL,TER,TRMB,ZBRA,DVN,EOG,EQT,HAL,TPL,VLO,AMGN,COO,IDXX,MRK,PODD,RVTY,SYK,TMO,CHD,HRL,KDP,KR,EIX,FE,PEG,PNW,DD,LYB,MLM,PKG,SHW,VMC","AFL,AJG,AON,BLK,C,CINF,GS,JKHY,KKR,NDAQ,PGR,STT,TRV,V,WTW,ADP,AOS,CHRW,CTAS,EMR,EXPD,FIX,GE,IEX,MMM,PAYX,TT,UPS,BBY,CMG,DRI,LVS,ROST"
2014-04-11,6,3,46,32,46,32,0.5,0.5,1.0,mixed,0.4680851063829787,0.4242424242424243,"ADI,AKAM,AMAT,FTNT,GEN,GLW,HPQ,JBL,KLAC,MCHP,MPWR,NVDA,QCOM,TDY,TEL,TRMB,ZBRA,BKR,DVN,EOG,EQT,HAL,TPL,VLO,COO,CRL,DGX,IDXX,MRK,PODD,RVTY,SYK,TMO,CHD,KR,MNST,TSN,DTE,EIX,FE,PEG,PNW,IFF,MLM,PKG,VMC","AFL,AJG,AON,BLK,C,CINF,FITB,GS,HIG,JKHY,KKR,NDAQ,STT,V,WTW,ADP,AXON,CHRW,CTAS,EMR,ETN,EXPD,FIX,IEX,PAYX,TT,URI,BKNG,CMG,DRI,LVS,ROST"
2014-04-18,6,3,42,25,42,25,0.5,0.5,1.0,mixed,0.3913043478260869,0.6875000000000002,"ADI,AKAM,AMAT,FTNT,GLW,HPQ,JBL,KLAC,MCHP,MPWR,NVDA,ORCL,QCOM,TDY,TEL,TRMB,TXN,BKR,DVN,EOG,EQT,HAL,TPL,CRL,DGX,IDXX,MRK,PODD,SYK,CHD,KR,PEP,TSN,DTE,EIX,EXC,FE,PEG,PNW,WEC,IFF,MLM","AFL,AJG,AMP,BLK,FITB,GS,HIG,ICE,KKR,L,NDAQ,STT,V,WTW,ADP,AXON,CTAS,ETN,FIX,IEX,TT,URI,LVS,ROST,WYNN"
2014-04-25,5,4,17,32,17,32,0.5,0.5,1.0,mixed,1.2857142857142858,0.8125000000000001,"BKR,DVN,EOG,HAL,TPL,DGX,HUM,BF-B,KR,TSN,DTE,EIX,EXC,PEG,PNW,WEC,IFF","ADSK,IT,NTAP,PTC,SNPS,STX,TYL,VRSN,AFL,AJG,AMP,BLK,FDS,FIS,FITB,GS,HIG,ICE,KKR,L,NDAQ,V,AXON,CTAS,IEX,LII,PNR,TT,URI,WM,LVS,WYNN"
2014-05-02,4,5,14,44,14,44,0.5,0.5,1.0,mixed,0.588235294117647,0.7727272727272727,"DVN,EOG,HAL,BF-B,GIS,KR,DTE,ED,EIX,EXC,PEG,PNW,WEC,IFF","ADSK,AVGO,CTSH,NTAP,PTC,SNPS,STX,TYL,VRSN,AFL,AJG,AMP,AON,BLK,BX,FDS,FITB,GS,HIG,ICE,KKR,L,NDAQ,V,WTW,A,COR,CRL,DHR,GILD,MCK,TECH,VRTX,WST,IEX,JCI,LII,PNR,TT,URI,WAB,LVS,RCL,WYNN"
2014-05-09,4,5,10,42,10,42,0.5,0.5,1.0,mixed,1.0,0.4545454545454544,"GIS,KR,SJM,DTE,ED,EIX,EXC,LNT,WEC,ALB","CTSH,MU,NTAP,PTC,SNPS,TYL,AFL,AJG,AMP,AON,AXP,BLK,BX,FDS,GS,HIG,ICE,KKR,NDAQ,V,WTW,A,AMGN,BSX,COR,CRL,DHR,GILD,MCK,VRTX,IEX,JCI,LDOS,LII,LUV,TDG,TT,URI,WAB,AZO,LVS,WYNN"
2014-05-16,4,5,10,48,10,48,0.5,0.5,1.0,mixed,0.4,0.49999999999999994,"GIS,KR,WMT,DTE,ED,EXC,LNT,NRG,WEC,ALB","CTSH,MU,PTC,SNPS,SWKS,TYL,AFL,AMP,AON,AXP,BX,CME,HIG,ICE,KKR,NDAQ,USB,V,WTW,A,AMGN,BIIB,BSX,COR,CRL,DXCM,GILD,MCK,VRTX,VTRS,AXON,IEX,JCI,LDOS,LII,LUV,PAYX,PNR,TDG,TT,UAL,UPS,URI,WAB,AZO,LVS,MGM,WYNN"
2014-05-23,4,5,9,46,9,46,0.5,0.5,1.0,mixed,0.3999999999999998,0.45833333333333337,"GIS,KR,WMT,ED,EXC,LNT,NRG,ALB,LYB","ADSK,CTSH,MU,SNPS,SWKS,TYL,AFL,AMP,AXP,BAC,BX,CME,ICE,KKR,MS,USB,V,AMGN,BIIB,BSX,CRL,DXCM,GILD,HSIC,ISRG,TMO,VRTX,VTRS,AXON,HON,IEX,JCI,LDOS,LII,LUV,MAS,PAYX,PNR,TDG,TT,URI,WAB,AZO,DECK,LVS,WYNN"
2014-05-30,4,5,8,52,8,52,0.5,0.5,1.0,mixed,0.6666666666666665,0.423076923076923,"GIS,MO,WMT,ETR,EXC,LNT,NRG,LYB","ACN,ADSK,CRM,CTSH,NXPI,SNPS,SWKS,TYL,ZBRA,AFL,AMP,AXP,BAC,BX,CME,FITB,ICE,JPM,PNC,SCHW,STT,USB,V,AMGN,BIIB,BSX,CRL,DXCM,HSIC,ISRG,TMO,VRTX,WAT,AXON,HON,IEX,JCI,LDOS,LII,LUV,MAS,PAYX,PNR,TDG,TT,URI,WAB,AZO,DECK,DPZ,LVS,WYNN"
2014-06-06,3,6,8,61,8,61,0.5,0.5,1.0,mixed,0.25,0.49180327868852464,"CVX,GIS,MO,WMT,ETR,EXC,LNT,NRG","ACN,ADSK,CRM,CTSH,FFIV,NXPI,SNPS,SWKS,TRMB,TYL,WDC,ZBRA,AFL,AMP,BAC,BX,CME,ICE,JPM,PNC,SCHW,USB,V,AMGN,BIIB,BMY,BSX,CRL,DXCM,HSIC,IDXX,ISRG,PFE,PODD,TMO,WAT,AXON,HON,IEX,JCI,LII,LUV,MAS,PAYX,PNR,TDG,URI,WAB,AZO,BKNG,DECK,DPZ,EBAY,GM,LVS,RCL,WYNN,AVY,PKG,PPG,SW"
2014-06-13,3,6,9,67,9,67,0.5,0.5,1.0,mixed,0.6666666666666665,0.35820895522388063,"CVX,DVN,GIS,MO,ATO,CNP,ETR,LNT,NRG","ACN,AKAM,CRM,CTSH,FFIV,NXPI,SWKS,TDY,TEL,TYL,VRSN,WDC,ZBRA,AFL,AMP,BAC,BX,CBOE,CME,FITB,ICE,JPM,PNC,SCHW,USB,WFC,AMGN,BIIB,BMY,BSX,CRL,DHR,DXCM,HSIC,IDXX,ISRG,PFE,PODD,TMO,WAT,AXON,ETN,GNRC,HON,JCI,LII,LUV,MAS,PAYX,PNR,TDG,URI,WAB,AZO,DECK,DPZ,EBAY,GM,LVS,MAR,RCL,WYNN,AVY,CRH,PKG,PPG,SW"
2014-06-20,3,6,9,60,9,60,0.5,0.5,1.0,mixed,0.4444444444444444,0.417910447761194,"CVX,DVN,HAL,MO,ATO,CNP,DUK,ETR,LNT","AKAM,CRM,FFIV,KLAC,NXPI,SWKS,TDY,TEL,TER,VRSN,WDC,AFL,AMP,BAC,BX,CBOE,FITB,HBAN,JPM,SCHW,USB,WFC,AMGN,BMY,BSX,CRL,DXCM,HSIC,IDXX,ISRG,PFE,PODD,TMO,WAT,AXON,BR,GNRC,HON,JCI,LII,MAS,PAYX,PNR,ROL,TDG,URI,WAB,DECK,DPZ,EBAY,GRMN,LOW,LVS,MAR,RCL,WYNN,CRH,PKG,PPG,SW"
2014-06-27,3,6,8,63,8,63,0.5,0.5,1.0,mixed,0.4444444444444445,0.38095238095238093,"CVX,MDLZ,MO,ATO,CNP,DUK,ETR,LNT","KLAC,MCHP,MRVL,NXPI,SMCI,TDY,TEL,TER,TXN,VRSN,WDC,AFL,BAC,BX,CBOE,FITB,HBAN,JPM,RJF,SCHW,WFC,BMY,BSX,CRL,DXCM,HSIC,IDXX,ISRG,PFE,PODD,TMO,WAT,AXON,BR,CPRT,GNRC,HON,J,LII,MAS,PNR,ROL,TDG,URI,WAB,DECK,DPZ,EBAY,GRMN,LOW,LVS,MAR,RCL,TJX,TSCO,WYNN,CRH,ECL,LIN,NEM,PKG,PPG,SW"
2014-07-04,3,6,10,65,10,65,0.5,0.5,1.0,mixed,0.8,0.3076923076923076,"COST,KR,MDLZ,MO,ATO,CNP,DUK,ETR,NI,SRE","CTSH,IBM,KLAC,MCHP,MRVL,NXPI,SMCI,SWKS,TDY,TEL,TXN,VRSN,WDC,AFL,AIZ,AJG,AON,BAC,CBOE,FIS,FITB,HBAN,JPM,RJF,SCHW,WFC,BMY,BSX,CRL,DXCM,HSIC,IDXX,ISRG,PFE,PODD,TMO,WAT,AME,AXON,CPRT,GNRC,HON,J,LII,MAS,PNR,ROL,AZO,DECK,DPZ,EBAY,GRMN,LOW,LVS,MAR,RCL,TJX,TSCO,WYNN,CF,CRH,ECL,NEM,PKG,SW"
2014-07-11,3,6,13,65,13,65,0.5,0.5,1.0,mixed,0.6153846153846155,0.36923076923076925,"COP,COST,EL,KR,MDLZ,MKC,ATO,AWK,CNP,DUK,ETR,NI,SRE","ADSK,CTSH,FSLR,IBM,INTU,MCHP,MRVL,NXPI,SMCI,TDY,TEL,TRMB,TXN,VRSN,AFL,AON,BAC,CBOE,FIS,HBAN,ICE,RJF,SCHW,WFC,BMY,BSX,CRL,HSIC,IDXX,ISRG,MRK,PFE,PODD,TMO,WAT,AME,AXON,CPRT,FAST,GNRC,J,LHX,LII,MAS,PNR,ROL,DECK,DPZ,EBAY,GRMN,HAS,LOW,LVS,MAR,MGM,TJX,TSCO,WYNN,CF,CRH,ECL,LIN,LYB,NEM,SW"
2014-07-18,3,6,13,50,13,50,0.5,0.5,1.0,mixed,1.2307692307692306,0.8,"AAPL,ADSK,INTC,LRCX,MU,ROP,SMCI,COP,WMB,COST,KR,MDLZ,MKC","ACGL,AFL,CBOE,FIS,PNC,RJF,SCHW,WFC,BMY,BSX,CRL,CVS,HSIC,MRK,PODD,TMO,WAT,AME,AXON,CPRT,DE,FAST,GNRC,J,LHX,PNR,ROL,RTX,DPZ,EBAY,GRMN,HAS,LOW,LVS,MGM,ROST,TJX,TPR,TSCO,WYNN,D,EIX,SO,WEC,CRH,ECL,LIN,LYB,NEM,SW"
2014-07-25,4,5,12,35,12,35,0.5,0.5,1.0,mixed,0.4615384615384614,0.8,"INTC,LRCX,MPWR,MU,SMCI,COP,TRGP,WMB,COST,KR,MDLZ,MKC","ACGL,AFL,CBOE,CME,FIS,PNC,RJF,SCHW,WFC,BDX,BSX,CRL,CVS,MRK,TMO,WAT,AME,CAT,CPRT,DE,FAST,GNRC,LHX,PNR,ROL,RTX,D,EIX,ES,WEC,CRH,LYB,MOS,NEM,SW"
2014-08-01,4,5,14,37,14,37,0.5,0.5,1.0,mixed,0.857142857142857,0.7567567567567566,"ADBE,INTC,LRCX,MPWR,MU,SMCI,SNPS,APA,COP,TRGP,WMB,GILD,VRTX,GM","ACGL,AFL,ALL,BX,CBOE,CINF,FIS,RJF,TROW,WFC,AME,CAT,CMI,CPRT,DE,FAST,GNRC,LII,PNR,ROL,RTX,UAL,URI,CHD,DG,HRL,MKC,STZ,TSN,D,EIX,ES,WEC,CRH,LYB,MOS,SW"
2014-08-08,5,4,22,26,22,26,0.5,0.5,1.0,mixed,0.9999999999999999,1.0270270270270272,"ADBE,INTC,MPWR,SMCI,SNPS,AMP,BNY,BX,CME,CPAY,IVZ,MCO,MET,PFG,APA,TRGP,WMB,GILD,VRTX,CMG,GM,TSLA","CAT,CMI,CPRT,DE,EMR,FAST,LUV,PH,ROL,RTX,TDG,URI,HRL,HSY,MKC,STZ,TSN,ES,NRG,PEG,WEC,CRH,LYB,MOS,NUE,SW"
2014-08-15,5,4,25,27,25,27,0.5,0.5,1.0,mixed,0.39999999999999997,0.2962962962962965,"ADBE,CIEN,MPWR,SMCI,SNPS,AMP,BNY,BX,CME,CPAY,GS,IVZ,MET,PFG,PRU,APA,TRGP,WMB,AMGN,ELV,GILD,VRTX,CMG,GM,TSLA","CAT,CPRT,DE,EMR,FAST,GE,LUV,PH,ROK,ROL,RTX,TDG,URI,BG,HRL,HSY,MKC,MO,STZ,TSN,NRG,PEG,WEC,CRH,LYB,MOS,NUE"
2014-08-22,4,5,31,29,31,29,0.5,0.5,1.0,mixed,0.7096774193548386,0.34482758620689646,"ADBE,CIEN,MPWR,MSFT,SMCI,SNPS,TER,WDC,AMP,BNY,BX,CME,CPAY,FIS,GS,MET,MS,NTRS,PFG,PRU,SCHW,AMGN,DXCM,ELV,GILD,REGN,UHS,VRTX,CMG,TSLA,ULTA","DVN,EQT,XOM,CAT,CPRT,DAL,DE,EMR,FAST,GE,LUV,PH,ROK,ROL,RTX,TDG,URI,BG,HRL,HSY,MKC,MO,PM,TSN,NRG,PEG,CRH,LYB,MOS"
2014-08-29,4,5,28,28,28,28,0.5,0.5,1.0,mixed,0.3870967741935484,0.48275862068965514,"ADBE,CIEN,KLAC,MPWR,MSFT,SNPS,TER,TYL,WDC,AMP,BX,CME,FIS,MS,NDAQ,NTRS,PFG,PRU,SCHW,AMGN,DXCM,GILD,REGN,UHS,VRTX,CMG,TSLA,ULTA","DVN,EQT,XOM,BA,CAT,DAL,EMR,FAST,GE,LUV,ODFL,PH,ROK,RTX,URI,CHD,HSY,MKC,MO,PM,TSN,ATO,EXC,NRG,PEG,ALB,CRH,MOS"
2014-09-05,4,5,30,29,30,29,0.5,0.5,1.0,mixed,0.46666666666666656,0.48275862068965514,"CIEN,KLAC,LRCX,MPWR,MSFT,ROP,SNPS,STX,TER,WDC,CME,FIS,MS,NDAQ,NTRS,PFG,PRU,SCHW,AMGN,COO,DXCM,GILD,PFE,REGN,UHS,WAT,CMG,DECK,TSLA,ULTA","DVN,EQT,BA,BLDR,DAL,DOV,FAST,GE,LHX,ODFL,PH,PNR,ROK,URI,CHD,CL,HSY,MKC,MO,PM,TSN,ATO,EXC,NRG,ALB,CRH,IFF,MOS,SW"
2014-09-12,4,5,30,28,30,28,0.5,0.5,1.0,mixed,0.13333333333333333,0.34482758620689646,"CIEN,KLAC,LRCX,MPWR,MSFT,ROP,STX,TER,WDC,CME,FIS,MS,NDAQ,NTRS,PFG,SCHW,AMGN,COO,DXCM,GILD,ISRG,PFE,REGN,UHS,WAT,CMG,DECK,HD,TSLA,ULTA","DVN,EQT,BA,BLDR,DAL,DOV,EME,EXPD,FAST,GE,GNRC,LHX,ODFL,PH,ROK,URI,CL,MKC,MO,PM,ATO,ETR,EXC,NRG,ALB,IFF,MOS,SW"
2014-09-19,4,5,37,24,37,24,0.5,0.5,1.0,mixed,0.4864864864864864,0.4999999999999999,"CIEN,INTC,KLAC,LRCX,MPWR,MSFT,TER,WDC,AFL,CME,CPAY,FIS,FISV,GS,MS,NDAQ,NTRS,PFG,SCHW,AMGN,BMY,COO,DXCM,GILD,HCA,HSIC,ISRG,PFE,REGN,UHS,WAT,CMG,DECK,HD,LOW,TSLA,ULTA","DVN,EQT,BLDR,DAL,EME,FAST,GNRC,LHX,PH,ROK,UPS,URI,CL,MDLZ,MKC,MO,PM,ETR,EXC,NRG,WEC,ALB,IFF,MOS"
2014-09-26,4,5,30,25,30,25,0.5,0.5,1.0,mixed,0.4324324324324324,0.5599999999999999,"CIEN,INTC,KLAC,MSFT,AFL,CME,CPAY,FISV,GS,MCO,MS,NDAQ,NTRS,PFG,SCHW,AMGN,BMY,COO,GILD,HSIC,ISRG,PFE,REGN,UHS,WAT,CMG,DECK,HD,LOW,TSLA","DVN,EOG,HAL,WMB,BLDR,DAL,DE,EME,ETN,EXPD,GNRC,LHX,ROK,UPS,CL,MDLZ,MKC,MO,PM,NRG,WEC,ALB,IFF,MOS,PPG"
2014-10-03,4,5,29,29,29,29,0.5,0.5,1.0,mixed,0.4,0.5517241379310345,"APH,CIEN,INTC,MSFT,ROP,AFL,CME,CPAY,FISV,IVZ,JPM,MCO,MS,SCHW,AMGN,BMY,COO,GILD,HSIC,ISRG,PFE,REGN,UHS,WAT,DECK,HD,LOW,LULU,TSLA","DVN,EOG,HAL,XOM,BLDR,CMI,DAL,DE,EME,ETN,EXPD,LHX,MMM,PNR,ROK,ROL,RTX,UPS,CL,KMB,MDLZ,MKC,PM,NEE,NRG,ALB,IFF,MOS,PPG"
2014-10-10,3,6,25,47,25,47,0.5,0.5,1.0,mixed,0.7586206896551724,0.8936170212765957,"AFL,CPAY,FISV,IVZ,MS,PFG,AMGN,BMY,EW,HSIC,ISRG,PFE,REGN,UHS,VRTX,WAT,WST,DECK,DRI,HD,LOW,LULU,NKE,RCL,TSLA","ADBE,ADSK,AMAT,AMD,CTSH,GLW,IBM,INTC,LRCX,MSI,MU,NXPI,TEL,TRMB,ZBRA,DVN,EOG,HAL,BLDR,CAT,CMI,DAL,DE,EME,ETN,EXPD,IEX,LHX,MMM,ROK,ROL,UPS,CL,GIS,KMB,MDLZ,MKC,PM,LNT,NEE,NRG,ALB,CRH,FCX,IFF,MOS,PPG"
2014-10-17,4,5,28,36,28,36,0.5,0.5,1.0,mixed,0.7142857142857144,0.5957446808510637,"AMP,CBOE,FISV,IVZ,MS,PFG,AMGN,BMY,EW,HSIC,REGN,UHS,UNH,VRTX,WST,DRI,HD,LOW,LULU,NKE,TSLA,BG,CASY,COST,HRL,MNST,PG,TGT","ADBE,ADSK,AMAT,AMD,GLW,IBM,INTC,LRCX,MCHP,MSI,MU,NXPI,QCOM,TEL,TRMB,ZBRA,DVN,EOG,HAL,BLDR,CAT,CMI,DAL,ETN,EXPD,IEX,LHX,LII,MMM,ROK,LNT,NEE,CRH,FCX,IFF,PPG"
2014-10-24,4,5,26,34,26,34,0.5,0.5,1.0,mixed,0.5000000000000001,0.3888888888888889,"ACGL,ALL,CBOE,CINF,FISV,MS,AMGN,BMY,EW,HSIC,REGN,UNH,VRTX,WST,DPZ,HD,LOW,LULU,NKE,TSLA,BG,CASY,COST,HRL,MNST,SJM","ADBE,AMAT,AMD,GLW,INTC,MCHP,MSI,MU,NXPI,QCOM,TEL,TRMB,WDC,DVN,EOG,HAL,BLDR,CAT,CMI,DAL,ETN,EXPD,IEX,LHX,PCAR,WAB,AWK,LNT,NEE,BALL,CRH,FCX,IFF,PPG"
2014-10-31,4,5,24,34,24,34,0.5,0.5,1.0,mixed,0.6153846153846153,0.1764705882352941,"ACGL,ALL,CBOE,CINF,CME,ERIE,FISV,HIG,AMGN,HSIC,REGN,UNH,VRTX,WST,DPZ,GPC,LOW,LULU,NKE,TPR,CASY,COST,HRL,PEP","ADBE,AMAT,AMD,CTSH,GLW,INTC,MCHP,MPWR,MU,NXPI,QCOM,TEL,TRMB,WDC,DVN,EOG,HAL,BLDR,CAT,CMI,DAL,ETN,EXPD,IEX,LHX,PCAR,PH,WAB,AWK,LNT,NEE,BALL,FCX,IFF"
2014-11-07,5,4,27,28,27,28,0.5,0.5,1.0,mixed,0.3703703703703704,0.7647058823529411,"ACGL,ALL,CBOE,CINF,CME,ERIE,HIG,WRB,AMGN,DHR,GILD,HSIC,REGN,UNH,VRTX,WST,DPZ,DRI,GPC,LOW,LULU,NKE,CASY,COST,HRL,PEP,NI","ADBE,AMAT,AMD,CTSH,FSLR,GLW,INTC,MCHP,MPWR,MU,NXPI,ORCL,TER,TRMB,WDC,HAL,BLDR,CAT,DAL,EFX,IEX,LHX,SNA,WAB,BALL,DD,FCX,NEM"
2014-11-14,6,3,38,22,38,22,0.5,0.5,1.0,mixed,0.7368421052631579,0.5714285714285714,"ACGL,ALL,CBOE,CINF,CME,ERIE,FISV,HIG,WRB,AMGN,CNC,DHR,GILD,HSIC,REGN,UNH,VRTX,WST,ADP,AXON,CTAS,EMR,FDX,GD,J,RTX,UNP,DPZ,DRI,GPC,LOW,NKE,ORLY,ULTA,CASY,COST,HRL,SRE","ADBE,AMAT,AMD,CTSH,FSLR,GLW,IBM,INTC,MCHP,MPWR,MU,NXPI,ORCL,TER,TRMB,WDC,HAL,BALL,DD,FCX,LYB,NEM"
2014-11-21,6,3,44,25,44,25,0.5,0.5,1.0,mixed,0.5454545454545453,0.39999999999999997,"ACGL,ALL,APO,BLK,CINF,CME,ERIE,FISV,GPN,HIG,L,SPGI,TROW,WRB,WTW,AMGN,CNC,DHR,HSIC,INCY,REGN,SYK,UNH,VRTX,WST,ADP,AXON,CTAS,EMR,FDX,J,RTX,VRSK,DPZ,DRI,GPC,LEN,LOW,NKE,ORLY,ULTA,CASY,HRL,FE","ADBE,AMAT,AMD,FSLR,HPQ,IBM,INTC,MCHP,MPWR,MU,NXPI,ON,ORCL,PTC,TER,TRMB,WDC,APA,HAL,BALL,DD,FCX,LYB,MOS,NEM"
2014-11-28,6,3,53,22,53,22,0.5,0.5,1.0,mixed,0.49056603773584906,0.39999999999999997,"ACGL,ALL,APO,BLK,CINF,ERIE,FISV,GPN,HIG,L,MA,MS,RF,SPGI,TROW,WRB,WTW,AMGN,CNC,DHR,HSIC,INCY,MDT,REGN,SYK,UNH,VRTX,WST,ZBH,ADP,AXON,BA,BR,EMR,J,NOC,RTX,UAL,VRSK,DPZ,DRI,GPC,LEN,LOW,NKE,ORLY,ROST,ULTA,CASY,CLX,DLTR,ES,FE","FSLR,IBM,INTC,MCHP,MPWR,MU,NXPI,ON,ORCL,PTC,TER,TRMB,WDC,APA,HAL,TPL,BALL,DD,FCX,LYB,NEM,STLD"
2014-12-05,6,3,59,19,59,19,0.5,0.5,1.0,mixed,0.3728813559322034,0.2727272727272726,"ACGL,ALL,APO,BLK,CB,ERIE,FISV,GPN,HIG,IBKR,L,MA,MS,RF,SPGI,TROW,WRB,WTW,A,AMGN,CNC,CVS,DHR,HSIC,INCY,MDT,REGN,UNH,VTRS,WST,ZBH,ADP,AXON,BA,BR,EMR,GWW,J,NOC,PH,ROL,RTX,UAL,DPZ,DRI,GPC,LEN,LOW,LVS,ORLY,ROST,ULTA,CASY,CL,CLX,DLTR,CMS,ES,FE","FSLR,IBM,INTC,MCHP,MU,NXPI,ON,PTC,TER,TRMB,WDC,APA,HAL,BALL,DD,FCX,LYB,NEM,STLD"
2014-12-12,6,3,64,17,64,17,0.5,0.5,1.0,mixed,0.4062499999999999,0.631578947368421,"ACGL,AJG,APO,BLK,CB,ERIE,GPN,HIG,IBKR,JKHY,L,MA,RF,SPGI,TROW,TRV,WRB,WTW,A,AMGN,BDX,BSX,CNC,COR,CVS,DHR,HSIC,INCY,MDT,REGN,STE,UNH,VTRS,WAT,WST,ZBH,ADP,AXON,BR,DE,EMR,J,LMT,NOC,PH,RTX,UAL,DPZ,GPC,LEN,LOW,LVS,ORLY,RL,ROST,TSCO,ULTA,CASY,CL,CLX,DLTR,AEP,ES,FE","FSLR,IBM,JBL,MCHP,MU,NXPI,ON,ORCL,PTC,APA,HAL,OKE,WMB,DD,FCX,LYB,STLD"
2014-12-19,6,3,74,12,74,12,0.5,0.5,1.0,mixed,0.43243243243243235,0.7058823529411764,"ACGL,AFL,AJG,APO,BLK,CB,ERIE,GPN,HIG,IBKR,JKHY,L,MA,MRSH,RF,SPGI,TROW,TRV,V,WTW,A,AMGN,BDX,BMY,BSX,CNC,COR,CVS,DHR,HSIC,INCY,MDT,REGN,STE,UNH,WAT,WST,ZBH,AXON,BR,CMI,DAL,DE,EMR,J,JBHT,MMM,NOC,PH,ROL,RTX,UAL,CCL,DPZ,GM,GPC,LEN,LOW,LVS,ORLY,ROST,TSCO,ULTA,YUM,CASY,CL,DLTR,KMB,TGT,AEP,ES,FE,LNT,PNW","FSLR,IBM,MCHP,MSFT,APA,HAL,OKE,WMB,DD,FCX,LYB,STLD"
2014-12-26,6,3,67,13,67,13,0.5,0.5,1.0,mixed,0.4054054054054054,0.30769230769230754,"AFL,AON,APO,BEN,BLK,CB,HIG,IBKR,JKHY,MA,MRSH,SPGI,TROW,TRV,V,WTW,ALGN,AMGN,BDX,BMY,BSX,CNC,COR,CVS,DHR,HSIC,INCY,MDT,REGN,STE,VRTX,WST,ZBH,AXON,CMI,DAL,DE,EMR,J,JBHT,MMM,NOC,PH,ROK,ROL,RTX,UAL,CCL,DRI,GM,LEN,LOW,LVS,ORLY,TSCO,YUM,CASY,CL,COST,DLTR,KMB,KR,TGT,AEP,FE,LNT,PNW","FSLR,IBM,LRCX,MCHP,MSFT,APA,HAL,OKE,TRGP,WMB,DD,FCX,LYB"
2015-01-02,6,3,67,9,67,9,0.5,0.5,1.0,mixed,0.208955223880597,0.9230769230769231,"AFL,AMP,AON,APO,BEN,BLK,CB,HIG,IBKR,JKHY,MA,MRSH,SPGI,TRV,V,WTW,ALGN,AMGN,BDX,BMY,BSX,CNC,COR,CVS,DXCM,HSIC,INCY,MDT,STE,WST,ZBH,AOS,AXON,CMI,DAL,DE,EMR,J,JBHT,LII,MMM,NOC,PH,ROK,ROL,UAL,AZO,BBY,CCL,DRI,GM,LOW,LVS,ORLY,TSCO,CASY,CL,COST,DLTR,KMB,KR,TGT,AEP,FE,LNT,PCG,PNW","MSFT,APA,HAL,OKE,TRGP,DD,ECL,LYB,MLM"
2015-01-09,5,4,56,17,56,17,0.5,0.5,1.0,mixed,0.5970149253731344,1.0588235294117647,"AFL,AMP,AON,APO,BEN,BLK,FIS,HIG,IBKR,JKHY,MA,MRSH,RF,TRV,V,WTW,AOS,AXON,BLDR,CMI,DAL,DE,J,JBHT,LII,PH,ROK,ROL,UAL,UPS,AZO,BBY,CCL,DRI,GM,LOW,LULU,LVS,NKE,ORLY,PHM,TSCO,CASY,CL,COST,DLTR,KMB,KR,STZ,TGT,AEP,D,FE,LNT,PCG,PNW","INTC,MSFT,HAL,OKE,TRGP,BAX,DVA,EW,GILD,JNJ,MCK,MRK,VRTX,DD,ECL,LYB,MLM"
2015-01-16,5,4,51,15,51,15,0.5,0.5,1.0,mixed,0.49999999999999994,0.47058823529411753,"AFL,AMP,AON,BEN,FIS,HIG,IBKR,JKHY,MRSH,RF,V,AOS,AXON,BLDR,BR,CMI,DAL,ETN,J,JBHT,LDOS,ROK,ROL,TXT,UPS,AZO,BBY,CCL,DRI,GM,LOW,LULU,LVS,ORLY,PHM,RCL,CASY,CHD,CL,DLTR,KMB,KR,STZ,TGT,WMT,AES,D,LNT,PCG,PNW,XEL","INTC,MSFT,HAL,OKE,TPL,TRGP,BAX,DVA,GILD,JNJ,VRTX,DD,ECL,MLM,NEM"
2015-01-23,5,4,57,20,57,20,0.5,0.5,1.0,mixed,0.49122807017543857,0.7,"AIZ,AMP,AON,FDS,FIS,HIG,IBKR,MET,NDAQ,V,AOS,AXON,BLDR,BR,CMI,DAL,ETN,J,JBHT,LDOS,ROK,ROL,TXT,UAL,UPS,AMZN,AZO,BBY,CCL,DPZ,DRI,F,GM,LOW,LULU,ORLY,RCL,ROST,SBUX,ULTA,CASY,CHD,CL,DLTR,KMB,KR,MKC,STZ,WMT,AES,D,ES,EVRG,LNT,PCG,PNW,XEL","INTC,MSFT,ROP,KMI,OKE,SLB,TPL,TRGP,AMGN,DVA,GILD,JNJ,VRTX,DD,ECL,FCX,MLM,NEM,NUE,SHW"
2015-01-30,5,4,50,23,50,23,0.5,0.5,1.0,mixed,0.5263157894736843,0.4347826086956523,"AIG,AIZ,AMP,AON,BX,CINF,CME,FDS,FIS,GL,IBKR,KEY,KKR,NDAQ,AOS,AXON,BLDR,BR,CMI,DAL,FAST,J,JBHT,LDOS,ROL,TXT,AMZN,AZO,CCL,DRI,F,GM,LULU,RCL,ROST,SBUX,ULTA,CHD,KR,MKC,STZ,WMT,AES,D,ES,EVRG,LNT,PCG,PNW,XEL","IBM,MSFT,PTC,ROP,KMI,OKE,SLB,TPL,TRGP,ABT,AMGN,GILD,HCA,JNJ,REGN,VRTX,DD,ECL,FCX,MLM,NEM,NUE,SHW"
2015-02-06,6,3,57,16,57,16,0.5,0.5,1.0,mixed,0.4561403508771931,0.6956521739130435,"AIG,AIZ,AJG,AMP,AON,BX,CINF,CME,FIS,GL,HBAN,IBKR,KEY,KKR,NDAQ,BKR,EOG,VLO,AOS,AXON,BLDR,BR,EFX,FAST,J,JBHT,LDOS,TXT,AMZN,AZO,DRI,F,GM,LULU,ORLY,ROST,SBUX,ULTA,WSM,CASY,CHD,EL,GIS,KR,MKC,STZ,WMT,AES,D,DTE,ES,EVRG,FE,LNT,PCG,PNW,XEL","FSLR,MSFT,PTC,ABT,AMGN,GILD,HCA,JNJ,REGN,VRTX,DD,ECL,FCX,MLM,NUE,SHW"
2015-02-13,7,2,56,7,56,7,0.5,0.5,1.0,mixed,0.3508771929824561,1.125,"AIG,AJG,AMP,BX,CINF,CME,FIS,GL,HBAN,HIG,IBKR,KEY,KKR,MA,MSCI,NDAQ,BKR,EOG,VLO,AOS,BLDR,BR,EFX,HII,J,JBHT,LDOS,LUV,RTX,TXT,AZO,DRI,F,GM,LULU,ROST,SBUX,WSM,CASY,CHD,COST,EL,GIS,KR,STZ,WMT,AES,DTE,ES,EVRG,FE,PCG,PNW,XEL,AVY,IFF","MSFT,PTC,ABT,AMGN,JNJ,REGN,VRTX"
2015-02-20,6,3,38,15,38,15,0.5,0.5,1.0,mixed,1.0714285714285712,1.3333333333333333,"APA,BKR,VLO,AME,AOS,BLDR,BR,EFX,HII,HON,HUBB,IEX,ITW,LHX,RTX,TDG,TXT,AMZN,DRI,F,LULU,SBUX,WSM,CASY,CHD,COST,EL,GIS,KR,STZ,AES,DTE,EVRG,XEL,IFF,IP,MOS,VMC","LRCX,MSFT,NTAP,C,ERIE,JPM,MCO,MTB,PFG,AMGN,JNJ,MRK,REGN,STE,VRTX"
2015-02-27,4,5,32,15,32,15,0.5,0.5,1.0,mixed,0.736842105263158,0.26666666666666666,"APA,BKR,VLO,XOM,AME,AOS,BA,BR,DOV,EFX,HII,HON,HUBB,IEX,JCI,LHX,RTX,TDG,TT,TXT,VRSK,AMZN,DRI,F,LULU,MGM,SBUX,WSM,IFF,MOS,PKG,VMC","KLAC,LRCX,MSFT,NTAP,C,ERIE,MCO,MTB,PFG,AMGN,JNJ,MRK,REGN,STE,EXC"
2015-03-06,4,5,36,23,36,23,0.5,0.5,1.0,mixed,0.2777777777777778,0.8695652173913043,"APA,BKR,MPC,VLO,XOM,AME,AOS,BA,BR,DAL,DOV,EFX,HII,HON,HUBB,JCI,LHX,ROL,RTX,TDG,TT,TXT,VRSK,AMZN,DRI,F,LULU,MGM,SBUX,WSM,WYNN,IFF,MOS,PKG,PPG,VMC","CDNS,FFIV,KLAC,LRCX,MSFT,MU,NTAP,C,ERIE,HIG,MTB,PFG,AMGN,DVA,JNJ,PODD,REGN,STE,KMB,KO,PG,CMS,EXC"
2015-03-13,4,5,33,24,33,24,0.5,0.5,1.0,mixed,0.5000000000000001,0.33333333333333337,"APA,MPC,VLO,AME,AXON,BA,DOV,EFX,FIX,HII,HON,HUBB,JCI,LII,LMT,MAS,ROL,RTX,TDG,TT,TXT,VRSK,AMZN,BKNG,F,MGM,SBUX,WSM,WYNN,IFF,MOS,PKG,VMC","CDNS,FFIV,KLAC,LRCX,MSFT,MU,NTAP,C,ERIE,HIG,MS,AMGN,DVA,JNJ,PODD,REGN,ADM,CASY,KMB,KO,PG,PM,CMS,EXC"
2015-03-20,4,5,32,24,32,24,0.5,0.5,1.0,mixed,0.2424242424242424,0.5,"APA,MPC,VLO,AME,AXON,BA,EFX,FIX,HII,HON,HUBB,JCI,LDOS,LII,LMT,ROL,RTX,TDG,TT,TXT,VRSK,AMZN,BKNG,MGM,SBUX,WSM,WYNN,IFF,MOS,NEM,SW,VMC","CDNS,FFIV,HPQ,KLAC,LRCX,MSFT,MU,NTAP,STX,AXP,BAC,HIG,MS,JNJ,PODD,SYK,ADM,CASY,KMB,KO,PG,TGT,CMS,EXC"
2015-03-27,4,5,27,31,27,31,0.5,0.5,1.0,mixed,0.49999999999999994,0.7096774193548385,"APA,BKR,MPC,VLO,BA,EFX,EME,FIX,HON,HUBB,JCI,LII,LMT,TDG,TT,TXT,VRSK,AMZN,BKNG,GM,MGM,SBUX,WYNN,MOS,NEM,SW,VMC","AMAT,CDNS,CSCO,FFIV,GEN,HPQ,KLAC,MSFT,MU,NTAP,STX,AXP,BAC,HIG,AMGN,MDT,PODD,UNH,ADM,BG,CASY,KMB,KO,PG,TGT,AEP,CMS,EXC,PCG,PNW,PPL"
2015-04-03,4,5,23,32,23,32,0.5,0.5,1.0,mixed,0.5925925925925928,0.3124999999999999,"APA,BKR,HAL,MPC,BA,EME,FIX,HON,J,JCI,LHX,LII,TDG,TT,TXT,VRSK,WAB,AMZN,BKNG,MGM,WYNN,SW,VMC","AMAT,CDNS,CSCO,FFIV,GEN,HPQ,KLAC,MSFT,MU,NTAP,STX,AIZ,AXP,BAC,MCO,DHR,MDT,PODD,UNH,BG,CASY,KMB,KO,PG,TGT,AEP,CMS,ETR,EXC,PCG,PNW,SO"
2015-04-10,4,5,22,38,22,38,0.5,0.5,1.0,mixed,0.4347826086956522,0.4736842105263158,"BKR,HAL,WMB,EME,FIX,J,JCI,LHX,LII,SNA,TDG,TXT,VRSK,WAB,AMZN,BKNG,MCD,MGM,WYNN,MLM,SW,VMC","AMAT,CDNS,CSCO,FFIV,GEN,HPQ,KLAC,MSFT,MU,NTAP,STX,AIZ,AXP,BAC,MS,PFG,ALGN,DHR,EW,LLY,MDT,PODD,SYK,UNH,BG,CASY,KMB,KO,PG,SYY,TGT,CMS,ETR,FE,PCG,PNW,SO,XEL"
2015-04-17,4,5,23,37,23,37,0.5,0.5,1.0,mixed,0.17391304347826092,0.3157894736842106,"BKR,HAL,TPL,WMB,AOS,EME,FIX,J,JCI,LHX,LII,SNA,TDG,TXT,VRSK,WAB,AMZN,BKNG,MCD,MGM,WYNN,MLM,SW","AMAT,CSCO,GEN,HPQ,KLAC,MU,NTAP,STX,AIZ,AXP,BAC,BLK,IBKR,MS,ALGN,DHR,EW,LLY,SYK,UNH,BG,CASY,KMB,KO,PG,SYY,TGT,WMT,CMS,DUK,ES,ETR,FE,PCG,PNW,SO,XEL"
2015-04-24,4,5,22,35,22,35,0.5,0.5,1.0,mixed,0.26086956521739135,0.4324324324324324,"BKR,HAL,TPL,WMB,AOS,EME,EXPD,FIX,J,JCI,LHX,LII,PNR,SNA,TDG,TXT,WAB,AMZN,BKNG,MGM,MLM,SW","AMAT,CSCO,GEN,HPQ,KLAC,NTAP,SMCI,STX,WDC,AIZ,BAC,BLK,BRK-B,FIS,ALGN,DHR,EW,LLY,SYK,UNH,BG,CASY,DLTR,SYY,TGT,WMT,CMS,DUK,ES,FE,LNT,PCG,PNW,SO,XEL"
2015-05-01,4,5,22,40,22,40,0.5,0.5,1.0,mixed,0.36363636363636365,0.5499999999999999,"BKR,HAL,TPL,VLO,WMB,BLDR,EME,EXPD,FIX,J,JCI,LHX,PNR,SNA,TDG,WAB,AMZN,BKNG,EXPE,MLM,NUE,SW","AMAT,CSCO,FICO,GEN,HPQ,KLAC,MSI,SMCI,STX,WDC,AMP,BAC,BLK,BRK-B,CB,CME,ERIE,FIS,ALGN,DHR,EW,MDT,PODD,SYK,UNH,CASY,CHD,DLTR,HSY,STZ,TGT,WMT,CMS,DUK,FE,LNT,PCG,PNW,SO,XEL"
2015-05-08,3,6,11,44,11,44,0.5,0.5,1.0,mixed,1.2727272727272725,0.681818181818182,"BKR,TPL,VLO,WMB,AMZN,AZO,EXPE,HAS,TSLA,MLM,NUE","AMAT,CSCO,FICO,MSI,SMCI,TXN,WDC,AMP,BAC,BLK,BRK-B,CB,CME,FIS,V,ALGN,DHR,EW,MDT,RMD,SYK,UNH,ZBH,AOS,BR,CTAS,GD,LMT,MMM,NOC,ODFL,SWK,UAL,UNP,CASY,CHD,DLTR,HSY,STZ,WMT,CMS,DUK,LNT,XEL"
2015-05-15,3,6,13,45,13,45,0.5,0.5,1.0,mixed,0.6153846153846153,0.2222222222222222,"BKR,EQT,OKE,SLB,TPL,WMB,AMZN,AZO,EXPE,HAS,TSLA,DD,NUE","AMAT,CSCO,FICO,MSI,SMCI,TXN,WDC,AMP,BAC,BLK,BRK-B,CB,CME,FIS,FISV,MSCI,V,DGX,DHR,MDT,RMD,UNH,ZBH,AOS,BR,CTAS,HII,LMT,MMM,NOC,ODFL,SWK,UAL,UNP,CASY,CHD,DLTR,HSY,STZ,WMT,CMS,DUK,EVRG,LNT,XEL"
2015-05-22,3,6,13,51,13,51,0.5,0.5,1.0,mixed,0.15384615384615385,0.5098039215686275,"BKR,EQT,OKE,SLB,TPL,WMB,AMZN,AZO,EXPE,HAS,TSLA,BALL,NUE","AMAT,FICO,MSI,MU,SMCI,TXN,WDC,AMP,APO,BLK,BRK-B,CB,CINF,CME,EG,FIS,FISV,IBKR,MSCI,SPGI,V,COR,CVS,DGX,DHR,MDT,RMD,UNH,ZBH,BA,BR,CHRW,HII,LMT,NOC,ODFL,UAL,UNP,CASY,CHD,DLTR,HSY,KDP,KR,STZ,WMT,CMS,DUK,EIX,EVRG,LNT"
2015-05-29,2,7,4,60,4,60,0.5,0.5,1.0,mixed,1.3846153846153846,0.5333333333333334,"BKR,EQT,SLB,NUE","AMAT,APH,FICO,MPWR,MSI,MU,NXPI,SMCI,AMP,APO,BLK,BRK-B,CB,CINF,CME,FIS,FISV,GPN,IBKR,MA,SPGI,TRV,USB,V,COR,CVS,DGX,DHR,MDT,RMD,UNH,ZBH,BA,BR,CHRW,HII,LMT,LUV,NOC,ODFL,UAL,UNP,BBY,CMG,LULU,MAR,PHM,SBUX,WSM,CHD,DLTR,HSY,KDP,KR,PG,STZ,WMT,EIX,EVRG,LNT"
2015-06-05,2,7,4,74,4,74,0.5,0.5,1.0,mixed,0.0,0.5675675675675674,"BKR,EQT,SLB,NUE","AMAT,APH,FICO,GEN,HPQ,MPWR,MSI,MU,NTAP,NXPI,SMCI,STX,TYL,AMP,APO,BLK,BRK-B,CB,FIS,FISV,IBKR,MA,NDAQ,SPGI,TRV,USB,V,WRB,WTW,CAH,COR,CRL,CVS,DGX,IDXX,MDT,RMD,UNH,ZBH,BA,BR,CHRW,GNRC,HII,HON,ITW,LMT,LUV,MMM,NOC,ODFL,TT,UAL,UNP,UPS,BBY,F,GM,LEN,LULU,PHM,RCL,SBUX,WSM,CHD,DLTR,HSY,KDP,KR,PG,STZ,EIX,EVRG,LNT"
2015-06-12,2,7,5,88,5,88,0.5,0.5,1.0,mixed,0.39999999999999997,0.4772727272727272,"BKR,EQT,SLB,NUE,SW","AMAT,APH,COHR,FICO,GEN,HPQ,MPWR,MSI,MU,NTAP,NXPI,ROP,SMCI,STX,TYL,ALL,AMP,BLK,BRK-B,BRO,CB,CINF,FIS,FISV,HBAN,IBKR,ICE,MA,MRSH,NDAQ,SPGI,TRV,USB,V,WRB,WTW,CAH,CI,COR,CRL,CVS,DGX,IDXX,ISRG,MDT,RMD,UNH,ZBH,AOS,BA,BR,CHRW,GNRC,HII,HON,ITW,LII,LMT,LUV,MMM,NOC,NSC,ODFL,TT,UAL,UNP,BBY,DHI,F,GM,MAR,PHM,RCL,TPR,WSM,CHD,DLTR,HSY,KDP,KR,MNST,MO,STZ,SYY,EIX,LNT,SO,XEL"
2015-06-19,4,5,24,53,24,53,0.5,0.5,1.0,mixed,1.8333333333333335,1.0,"AKAM,CDNS,CIEN,CRM,PTC,QCOM,STX,TRMB,ZBRA,AIG,AJG,BNY,BX,GS,JPM,MRSH,MS,NTRS,PRU,RJF,EQT,SLB,LIN,MLM","BIIB,CAH,CI,COR,CRL,EW,IDXX,ISRG,MDT,RMD,UNH,ZBH,BA,BR,CHRW,FDX,FIX,GNRC,HII,HON,ITW,LII,LMT,LUV,MMM,NSC,ODFL,UAL,UNP,VRSK,BBY,CMG,DHI,F,GM,LEN,MAR,PHM,RCL,TPR,CHD,DLTR,HSY,KDP,KR,MO,STZ,AEE,EIX,ETR,LNT,SO,XEL"
2015-06-26,4,5,28,57,28,57,0.5,0.5,1.0,mixed,0.6428571428571428,0.28070175438596484,"CDNS,CIEN,CRM,JBL,PTC,QCOM,STX,TER,TRMB,ZBRA,ACGL,AIG,BAC,BNY,FITB,GS,JPM,MRSH,MS,NTRS,PNC,PRU,SCHW,STT,SLB,AVY,LIN,MLM","BIIB,CAH,CRL,EW,HUM,IDXX,INCY,ISRG,MDT,RMD,UNH,ZBH,AOS,BA,BR,CHRW,FDX,FIX,GNRC,HII,ITW,LII,LMT,LUV,MMM,NSC,ODFL,UAL,UNP,VRSK,WM,BBY,CMG,DHI,F,GM,LEN,MAR,PHM,RCL,TPR,CHD,DLTR,HSY,KDP,KR,MO,SJM,STZ,WMT,AEE,AEP,DTE,EIX,ETR,SO,XEL"
2015-07-03,4,5,29,54,29,54,0.5,0.5,1.0,mixed,0.4137931034482758,0.38596491228070173,"CDNS,CIEN,CRM,MSFT,NTAP,PTC,QCOM,STX,TER,TRMB,ZBRA,ACGL,AIG,AXP,BAC,FITB,GS,MS,NTRS,PNC,PRU,RF,SCHW,STT,WFC,AVY,CF,LIN,MLM","BIIB,CAH,CRL,DXCM,EW,HUM,IDXX,INCY,ISRG,MDT,PFE,RMD,ZBH,BA,CHRW,FIX,GNRC,HII,ITW,J,JBHT,LII,LMT,LUV,MMM,NSC,ODFL,UAL,VRSK,WAB,WM,BBY,CMG,F,GM,MAR,RCL,TPR,CHD,DLTR,HSY,KDP,MO,SJM,STZ,WMT,AEE,AEP,ATO,DTE,EIX,ES,ETR,PCG"
2015-07-10,4,5,28,46,28,46,0.5,0.5,1.0,mixed,0.20689655172413787,0.5185185185185186,"CDNS,CIEN,CRM,FFIV,MSFT,NTAP,PTC,QCOM,STX,TER,TRMB,ZBRA,ACGL,AIG,BAC,BEN,FITB,GS,MS,NTRS,PNC,RF,SCHW,WFC,AVY,CF,LIN,MLM","A,CAH,CRL,IDXX,INCY,ISRG,MDT,PFE,RMD,ZBH,CHRW,CTAS,FIX,GNRC,HII,J,JBHT,LII,LMT,LUV,MMM,NSC,ODFL,ROL,UAL,VRSK,WAB,WM,BBY,F,GM,MAR,TPR,CHD,MO,TAP,WMT,AEE,AEP,ATO,AWK,DTE,EIX,ETR,NEE,PCG"
2015-07-17,4,5,21,48,21,48,0.5,0.5,1.0,mixed,0.5714285714285712,0.33333333333333337,"CDNS,CIEN,NTAP,PTC,QCOM,STX,TER,TRMB,ZBRA,ACGL,AIG,AIZ,BAC,BEN,FITB,MS,RF,SCHW,WFC,AVY,CF","A,CAH,COR,CRL,CVS,DGX,ELV,INCY,ISRG,MDT,PFE,RMD,STE,ZBH,FIX,GNRC,HII,J,JBHT,LII,LUV,MMM,NSC,ODFL,ROL,TT,UAL,UNP,VRSK,WAB,WM,BBY,F,GM,MAR,TPR,CHD,CL,MO,TAP,WMT,AEE,AEP,ATO,AWK,DTE,EIX,PCG"
2015-07-24,3,6,14,58,14,58,0.5,0.5,1.0,mixed,0.8571428571428572,0.8275862068965518,"ACGL,AIG,AIZ,BAC,BEN,FITB,MCO,MS,RF,SCHW,TFC,WFC,AVY,CF","AMAT,APH,CRM,FLEX,FTNT,GEN,GLW,JBL,KLAC,MPWR,MRVL,NVDA,NXPI,ON,ORCL,SMCI,SNPS,A,CAH,CRL,CVS,ELV,HUM,INCY,MDT,PFE,RMD,STE,VTRS,ZBH,FIX,GNRC,HII,J,JBHT,LUV,MMM,NOC,ODFL,TT,UAL,VRSK,WAB,BBY,F,GM,MAR,ORLY,TPR,CL,KR,STZ,TAP,WMT,AEE,AWK,D,PCG"
2015-07-31,3,6,15,54,15,54,0.5,0.5,1.0,mixed,0.39999999999999997,0.37931034482758613,"ACGL,AIG,AIZ,BAC,BEN,C,FITB,MS,RF,SCHW,TFC,WFC,SLB,CF,PPG","AAPL,AMAT,CRM,FLEX,FTNT,GEN,GLW,JBL,KLAC,MPWR,MRVL,NVDA,NXPI,ON,ORCL,SMCI,SNPS,A,CAH,COO,CVS,DGX,ELV,HUM,INCY,PFE,STE,VTRS,ZBH,FIX,GNRC,HII,J,JBHT,LUV,MMM,NOC,TT,WAB,APTV,BBY,F,GM,ORLY,TPR,CL,KDP,KR,STZ,TAP,WMT,AWK,DUK,NI"
2015-08-07,2,7,18,50,18,50,0.5,0.5,1.0,mixed,0.6666666666666665,0.48148148148148157,"ACGL,AIG,AIZ,AXP,BAC,BEN,C,FITB,JPM,PRU,RF,SCHW,TFC,WFC,WRB,MPC,OXY,SLB","AAPL,FLEX,GEN,GLW,JBL,KLAC,MPWR,MRVL,NXPI,ON,ORCL,SMCI,A,CAH,COO,ELV,HUM,INCY,MCK,STE,UNH,VTRS,ZBH,AOS,BLDR,BR,FIX,GNRC,J,LII,LUV,TT,WAB,APTV,BBY,F,GM,TPR,CL,CLX,KDP,KR,STZ,TAP,WMT,AWK,DUK,NI,XEL,SW"
2015-08-14,3,6,18,43,18,43,0.5,0.5,1.0,mixed,0.5555555555555556,0.56,"ACGL,AIG,AIZ,AXP,BAC,FITB,PGR,PRU,RF,WFC,WRB,MPC,OXY,SLB,VLO,WMB,ED,NRG","AAPL,AKAM,FLEX,GEN,GLW,INTU,JBL,KLAC,MPWR,MRVL,NXPI,ORCL,SMCI,A,CAH,COO,COR,ELV,HUM,INCY,MCK,UNH,WAT,ZBH,BLDR,BR,EMR,GNRC,LUV,PH,WAB,APTV,BBY,F,GM,HAS,CL,CLX,KDP,KR,STZ,TAP,WMT"
2015-08-21,4,5,21,40,21,40,0.5,0.5,1.0,mixed,0.6666666666666666,0.5116279069767442,"ACGL,AIZ,AXP,FITB,HIG,MTB,PGR,PRU,USB,WRB,MPC,OXY,SLB,VLO,WMB,BF-B,CASY,MDLZ,MKC,ED,NRG","AAPL,AKAM,FLEX,GLW,INTU,JBL,KLAC,MPWR,MRVL,NXPI,ORCL,QCOM,SMCI,ZBRA,A,CAH,CNC,COO,COR,DVA,ELV,HUM,INCY,MCK,UNH,WAT,BLDR,BR,EMR,PH,RTX,WAB,AMZN,APTV,BBY,F,GM,HAS,FCX,IFF"
2015-08-28,5,4,31,41,31,41,0.5,0.5,1.0,mixed,0.8387096774193548,0.7804878048780488,"AIZ,AXP,BRO,FISV,HIG,MTB,PFG,PGR,USB,WRB,MPC,OXY,SLB,VLO,WMB,CVS,DXCM,EW,HCA,PODD,UHS,BF-B,CASY,HSY,KDP,MDLZ,MKC,MO,WMT,ED,NRG","AAPL,ADSK,CRM,FLEX,GLW,INTU,JBL,KLAC,MCHP,MPWR,MRVL,NXPI,ON,ORCL,QCOM,SMCI,TRMB,VRSN,ZBRA,AXON,BLDR,CMI,CSX,EMR,ETN,GWW,LUV,PH,RTX,SWK,URI,WAB,AMZN,APTV,BBY,F,GM,HAS,MAR,ALB,FCX"
2015-09-04,5,4,41,46,41,46,0.5,0.5,1.0,mixed,0.5853658536585366,0.5217391304347826,"AIG,AIZ,AXP,BRO,CINF,FISV,HIG,MTB,PFG,PGR,USB,WRB,MPC,OXY,SLB,VLO,CVS,DHR,DXCM,EW,HCA,LLY,PODD,SYK,TMO,UHS,WST,BF-B,CASY,HRL,HSY,KDP,KMB,MDLZ,MKC,MO,WMT,AEP,ED,EVRG,XEL","AAPL,AVGO,CRM,FLEX,GLW,INTU,KLAC,MCHP,MPWR,MRVL,NXPI,ON,ORCL,QCOM,SMCI,SWKS,TER,TRMB,AXON,CMI,CSX,DOV,EMR,ETN,GWW,HON,NDSN,PAYX,PH,RTX,SWK,TXT,URI,WAB,AMZN,APTV,DPZ,F,GM,HAS,MAR,SBUX,ALB,AVY,FCX,VMC"
2015-09-11,3,6,28,50,28,50,0.5,0.5,1.0,mixed,0.8292682926829266,0.5999999999999999,"AIG,AIZ,AXP,BRO,CINF,FIS,FISV,HIG,MTB,NDAQ,PFG,PGR,USB,WRB,CASY,HRL,HSY,KDP,MDLZ,MKC,MO,WMT,AEP,ATO,DTE,ED,EVRG,XEL","AVGO,CIEN,CRM,FLEX,GLW,INTU,MCHP,MPWR,MRVL,NXPI,ON,QCOM,SWKS,TER,TRMB,APA,CVX,DVN,BIIB,CNC,COO,COR,ELV,HUM,MCK,UNH,WAT,CMI,CSX,DOV,EMR,ETN,FDX,GWW,NDSN,PH,RTX,SWK,TT,TXT,URI,APTV,F,HAS,MAR,SBUX,ALB,AVY,FCX,VMC"
2015-09-18,3,6,29,52,29,52,0.5,0.5,1.0,mixed,0.48275862068965514,0.30769230769230765,"ACGL,AIG,AIZ,BRO,CBOE,CINF,FIS,FISV,HIG,NDAQ,PFG,USB,V,CASY,CLX,HRL,HSY,KDP,MDLZ,MNST,MO,AEE,AEP,ATO,D,DTE,ED,EVRG,XEL","AAPL,AMD,AVGO,CIEN,CRM,INTU,MCHP,MPWR,MRVL,NXPI,ON,QCOM,TER,TRMB,APA,CVX,DVN,BIIB,CNC,COO,ELV,HUM,MCK,UNH,WAT,CMI,CSX,DE,DOV,EMR,ETN,FDX,FIX,GWW,LII,NDSN,PH,RTX,TT,TXT,URI,VRSK,APTV,F,HAS,MAR,TPR,ALB,AVY,FCX,NEM,VMC"
2015-09-25,5,4,49,17,49,17,0.5,0.5,1.0,mixed,0.9387755102040818,1.4230769230769231,"ADSK,INTC,IT,MSI,NVDA,TYL,VRSN,AIG,AIZ,BRO,CBOE,CINF,FIS,FISV,HIG,NDAQ,PFG,V,BR,CHRW,CPRT,CTAS,DAL,EXPD,JCI,LDOS,LMT,MAS,NOC,WM,CASY,CLX,HRL,HSY,KDP,MDLZ,MNST,MO,SYY,TAP,TSN,AEE,AEP,ATO,AWK,D,DTE,ED,XEL","APA,DVN,BIIB,CNC,ELV,MTD,WAT,APTV,HAS,MAR,TPR,YUM,ALB,AVY,FCX,NEM,VMC"
2015-10-02,4,5,41,30,41,30,0.5,0.5,1.0,mixed,0.5714285714285715,1.2000000000000002,"ADSK,FSLR,INTC,IT,MSI,MU,NVDA,TYL,VRSN,BR,CHRW,CTAS,DAL,EXPD,JCI,LDOS,MAS,NOC,WM,CASY,CLX,HRL,HSY,KDP,MDLZ,MO,PEP,STZ,SYY,TAP,TSN,AEE,AEP,ATO,AWK,D,DTE,ED,EIX,WEC,XEL","AIG,AMP,APO,BEN,GS,IVZ,JPM,KKR,MCO,MS,NTRS,PNC,RJF,SCHW,WFC,APA,DVN,CAH,CI,CNC,ELV,MTD,HAS,LVS,TPR,YUM,ALB,AVY,FCX,VMC"
2015-10-09,4,5,47,26,47,26,0.5,0.5,1.0,mixed,0.3404255319148937,0.6666666666666666,"ADSK,FSLR,INTC,IT,KLAC,MSI,MU,NVDA,TYL,VRSN,ADP,BR,CHRW,CTAS,DAL,EXPD,GD,JCI,LDOS,LUV,NOC,PAYX,WM,CASY,CLX,HRL,HSY,KDP,MDLZ,MO,PEP,STZ,SYY,TAP,TSN,AEE,AEP,ATO,AWK,CMS,DTE,ED,EIX,ETR,PPL,WEC,XEL","AIG,GS,JPM,KKR,MCO,MS,NTRS,PNC,RJF,SCHW,TFC,TROW,WFC,APA,TRGP,ABT,CI,CNC,COO,MTD,HAS,LVS,MAR,YUM,ALB,VMC"
2015-10-16,5,4,48,23,48,23,0.5,0.5,1.0,mixed,0.33333333333333326,0.6153846153846152,"ADBE,ADSK,FSLR,INTC,KLAC,MSI,MU,NVDA,TYL,VRSN,APA,EOG,OXY,XOM,ADP,BR,CHRW,CTAS,DAL,EXPD,GD,GNRC,JCI,LDOS,LUV,PAYX,WM,CASY,CHD,CLX,COST,HRL,KDP,MDLZ,PEP,STZ,SYY,TAP,AEE,AEP,ATO,AWK,CMS,DTE,EIX,PPL,WEC,XEL","AIG,C,GS,JPM,KKR,MCO,MS,NTRS,RF,RJF,SCHW,TFC,WFC,ABT,CNC,COO,HCA,MTD,VTRS,EBAY,HAS,LVS,YUM"
2015-10-23,6,3,42,20,42,20,0.5,0.5,1.0,mixed,0.41666666666666663,0.34782608695652184,"ADBE,FSLR,GLW,INTC,KLAC,MSI,MU,NVDA,TYL,APA,EOG,TPL,XOM,ADP,BR,CHRW,CTAS,DAL,GNRC,JCI,LDOS,LUV,PAYX,WM,CLX,COST,HRL,KDP,PEP,STZ,SYY,TAP,AEE,ATO,AWK,CMS,EIX,ETR,EVRG,PPL,WEC,XEL","GS,KKR,MCO,MS,NTRS,PGR,RF,RJF,SCHW,TFC,WFC,ABT,CNC,HCA,MTD,VTRS,EBAY,HAS,LVS,YUM"
2015-10-30,6,3,43,22,43,22,0.5,0.5,1.0,mixed,0.23255813953488363,0.4545454545454546,"FSLR,GLW,INTC,KLAC,MPWR,MSI,MU,NVDA,SMCI,TYL,APA,COP,EOG,TPL,XOM,ADP,BR,CTAS,DAL,DOV,GNRC,JCI,LDOS,LUV,PAYX,URI,CLX,COST,KDP,PEP,STZ,SYY,TAP,AEE,ATO,AWK,CMS,EIX,ETR,EVRG,PPL,WEC,XEL","GS,KKR,MCO,MS,PGR,RF,SCHW,TFC,WFC,ABT,CNC,DXCM,ELV,HCA,LLY,MCK,MTD,VTRS,HAS,LVS,WSM,YUM"
2015-11-06,6,3,44,21,44,21,0.5,0.5,1.0,mixed,0.2727272727272727,0.4545454545454544,"INTC,KLAC,MPWR,MU,NVDA,ORCL,SMCI,TYL,APA,COP,EOG,TPL,XOM,ADP,CTAS,DAL,DOV,GNRC,JCI,LDOS,LMT,LUV,PAYX,RSG,URI,CLX,COST,KDP,PEP,STZ,TAP,AEE,ATO,AWK,CMS,EIX,ES,ETR,EVRG,NI,PNW,PPL,WEC,XEL","AJG,KKR,MCO,PGR,RF,SCHW,TFC,ABT,BMY,CNC,DXCM,HCA,HUM,LLY,MCK,VTRS,HAS,LULU,LVS,WSM,YUM"
2015-11-13,6,3,37,18,37,18,0.5,0.5,1.0,mixed,0.5,0.47619047619047605,"FLEX,INTC,KLAC,MPWR,ORCL,SMCI,COP,EOG,TPL,XOM,ADP,DOV,JCI,LDOS,LUV,PAYX,URI,ADM,CLX,COST,KDP,KMB,MO,PEP,TAP,ATO,AWK,CMS,EIX,ES,ETR,EVRG,NI,PNW,PPL,WEC,XEL","AJG,KEY,KKR,PGR,RF,SCHW,TFC,ABT,CNC,DXCM,HCA,HUM,HAS,LULU,LVS,PHM,WSM,YUM"
2015-11-20,5,4,30,22,30,22,0.5,0.5,1.0,mixed,0.756756756756757,0.9999999999999998,"FLEX,KLAC,MPWR,ORCL,SMCI,TER,COP,DVN,EOG,OKE,TPL,XOM,ADP,JCI,LDOS,PAYX,URI,ATO,CMS,DTE,ES,ETR,EVRG,NI,PCG,PNW,PPL,XEL,DD,NEM","AIZ,AJG,KEY,PGR,WFC,CNC,HCA,VRTX,WAT,AMZN,DRI,HAS,LULU,LVS,NVR,PHM,ROST,WSM,YUM,DG,MKC,MNST"
2015-11-27,5,4,31,28,31,28,0.5,0.5,1.0,mixed,0.25806451612903225,0.6428571428571427,"FLEX,KLAC,MPWR,MSFT,ORCL,SMCI,TER,COP,DVN,OKE,XOM,ADP,EMR,JCI,LDOS,URI,XYL,AEP,ATO,CMS,DTE,ES,ETR,EVRG,NI,PCG,PNW,PPL,XEL,DD,NEM","AIZ,AJG,AON,KEY,PGR,PNC,USB,CNC,CVS,HCA,SYK,TECH,VRTX,AMZN,DHI,DPZ,DRI,HAS,LEN,LULU,LVS,NVR,PHM,ROST,WSM,YUM,DG,MKC"
2015-12-04,5,4,31,28,31,28,0.5,0.5,1.0,mixed,0.32258064516129026,0.2857142857142857,"KLAC,MPWR,MRVL,MSFT,ORCL,ROP,SMCI,TER,COP,DVN,XOM,ADP,EMR,LDOS,NDSN,URI,WM,XYL,AEP,CMS,DTE,ES,ETR,EVRG,NI,PCG,PNW,SO,XEL,DD,NEM","AIG,AIZ,AJG,AON,KEY,USB,WRB,CNC,CVS,HCA,LLY,SYK,TECH,AMZN,DHI,DPZ,DRI,EXPE,LEN,LULU,LVS,NVR,PHM,ROST,WSM,YUM,DG,MKC"
2015-12-11,4,5,22,36,22,36,0.5,0.5,1.0,mixed,0.9677419354838709,0.6666666666666666,"ADSK,KLAC,MPWR,MRVL,MSFT,PTC,ROP,TER,COP,DVN,XOM,DAL,EMR,ETN,LDOS,LUV,MMM,NDSN,URI,XYL,DD,NEM","AIG,AIZ,AON,CPAY,FIS,KEY,MS,PFG,USB,WRB,CNC,CVS,HCA,LLY,SYK,TECH,CMG,DHI,DPZ,DRI,EXPE,LEN,LULU,NVR,PHM,RCL,TJX,WSM,YUM,DG,MKC,TGT,CNP,D,ED,EXC"
2015-12-18,3,6,20,40,20,40,0.5,0.5,1.0,mixed,0.5454545454545454,0.5499999999999999,"ADSK,INTC,KLAC,MPWR,MRVL,MSFT,NVDA,PTC,ROP,TRMB,CSX,EMR,ETN,LDOS,LUV,MMM,NDSN,XYL,DD,NEM","AIZ,AON,AXP,CPAY,KEY,MS,PFG,USB,WRB,BKR,EQT,KMI,OKE,OXY,WMB,CNC,CVS,HCA,LLY,SYK,TECH,UHS,UNH,CMG,DPZ,DRI,EXPE,LEN,NVR,PHM,RCL,TJX,TSCO,WSM,HSY,MKC,TGT,CNP,D,EXC"
2015-12-25,3,6,19,45,19,45,0.5,0.5,1.0,mixed,0.39999999999999997,0.44444444444444453,"ADSK,KLAC,MRVL,MSFT,NVDA,PTC,ROP,TRMB,CSX,DOV,ETN,ITW,LDOS,LUV,MMM,NDSN,RTX,XYL,DD","AIZ,AON,AXP,BRO,CPAY,KEY,KKR,MS,PFG,WRB,BKR,EQT,KMI,OKE,WMB,CVS,DVA,HCA,LLY,SYK,TECH,UHS,UNH,CMG,DPZ,EXPE,LEN,LVS,NKE,NVR,PHM,RCL,TJX,TSCO,WSM,CHD,HSY,MO,TGT,AES,CNP,D,EXC,NRG,PEG"
2016-01-01,3,6,20,53,20,53,0.5,0.5,1.0,mixed,0.29999999999999993,0.490566037735849,"ADSK,KLAC,MRVL,MSFT,NTAP,PTC,ROP,TRMB,CSX,DOV,ETN,ITW,LDOS,LUV,MMM,NDSN,RTX,UNP,XYL,SHW","ACGL,AIZ,AON,AXP,BRO,CPAY,FDS,HIG,KEY,KKR,PFG,PGR,PNC,STT,WFC,WRB,BKR,EQT,KMI,OKE,WMB,CVS,DVA,HCA,HUM,LLY,PFE,TECH,UHS,UNH,BBY,CMG,EXPE,F,LEN,LVS,NKE,NVR,PHM,TJX,TSCO,ADM,CHD,HRL,HSY,MO,TGT,AES,CNP,D,EXC,NRG,PEG"
2016-01-08,4,5,27,35,27,35,0.5,0.5,1.0,mixed,0.8888888888888888,0.8679245283018867,"ADSK,FSLR,KLAC,LRCX,MRVL,MSFT,NOW,ROP,TER,TRMB,ALL,BAC,ERIE,IVZ,KKR,MSCI,WFC,CSX,ETN,ITW,LUV,MMM,PAYX,RTX,UNP,XYL,SHW","BKR,EOG,OKE,WMB,CVS,DHR,DVA,HUM,INCY,LLY,PFE,SYK,TECH,UHS,UNH,BBY,CMG,EXPE,F,LEN,LVS,NKE,NVR,TJX,TSCO,ADM,CHD,HSY,MO,TGT,AES,CNP,D,PEG,PPL"
2016-01-15,4,5,32,32,32,32,0.5,0.5,1.0,mixed,0.6874999999999998,0.4571428571428572,"ADSK,FSLR,KLAC,LRCX,MRVL,NOW,PTC,ROP,TDY,TER,TRMB,ERIE,IVZ,KKR,MS,MSCI,PNC,RJF,TRV,WFC,CSX,ETN,HUBB,ITW,J,LHX,LUV,RTX,UNP,URI,IP,SHW","BKR,EOG,TPL,WMB,CVS,DHR,DVA,GILD,HUM,INCY,PFE,SYK,UHS,UNH,BBY,CMG,EXPE,F,LVS,NKE,TSCO,YUM,ADM,CHD,HSY,TGT,AEE,AES,ATO,D,PEG,PPL"
2016-01-22,5,4,38,27,38,27,0.5,0.5,1.0,mixed,1.1578947368421049,1.1874999999999998,"EG,ERIE,KKR,MS,MSCI,PNC,TRV,WFC,A,AMGN,BAX,CRL,ISRG,MDT,MTD,PODD,CMI,CPRT,ETN,FDX,HUBB,ITW,J,LHX,PCAR,SNA,UNP,URI,CMS,DUK,EXC,LNT,NRG,SO,ALB,IFF,IP,SHW","ACN,ADI,APH,CDNS,CIEN,CSCO,CTSH,FLEX,NTAP,SNPS,TYL,ZBRA,EOG,TPL,WMB,BBY,BKNG,CMG,EXPE,F,LVS,NKE,WSM,YUM,ADM,HSY,TGT"
2016-01-29,6,3,46,19,46,19,0.5,0.5,1.0,mixed,0.5652173913043477,0.6666666666666665,"EG,ERIE,KKR,MRSH,MS,MSCI,PNC,TRV,USB,WFC,A,AMGN,BAX,CRL,ISRG,MDT,PODD,STE,CPRT,ETN,FAST,HON,HUBB,ITW,J,LHX,NOC,SNA,TDG,UNP,URI,DLTR,KDP,KR,CMS,DUK,EVRG,EXC,LNT,NEE,NRG,ALB,IFF,IP,MOS,SHW","ADI,APH,CDNS,CIEN,CSCO,CTSH,FLEX,NTAP,NVDA,SNPS,ZBRA,EOG,WMB,BBY,BKNG,EXPE,F,NKE,WSM"
2016-02-05,5,4,31,27,31,27,0.5,0.5,1.0,mixed,0.826086956521739,0.8148148148148147,"BAX,CNC,CRL,ISRG,JNJ,MDT,ETN,FAST,HON,HUBB,J,LHX,NOC,SNA,TDG,UNP,URI,DLTR,AES,CMS,DUK,EXC,LNT,NEE,NRG,ALB,IFF,IP,MOS,PPG,SHW","ADI,APH,CDNS,CIEN,CTSH,MCHP,NTAP,NVDA,ON,SNPS,VRSN,ZBRA,BNY,COF,FDS,HIG,KEY,PFG,COP,EOG,HAL,WMB,BKNG,EXPE,F,NKE,WSM"
2016-02-12,4,5,18,32,18,32,0.5,0.5,1.0,mixed,0.9032258064516129,0.7499999999999998,"BAX,CNC,CRL,ISRG,ETN,FAST,HON,HUBB,LHX,NOC,TDG,XYL,DLTR,AES,CMS,DUK,LNT,NEE","ADI,CIEN,CTSH,MCHP,NTAP,NVDA,ON,SNPS,TEL,VRSN,ZBRA,BNY,C,COF,FDS,HBAN,KEY,MET,PGR,COP,DVN,EOG,HAL,TPL,WMB,APTV,BKNG,EXPE,CF,CRH,DD,FCX"
2016-02-19,4,5,23,31,23,31,0.5,0.5,1.0,mixed,0.6956521739130435,0.3749999999999999,"BAX,CNC,HCA,ISRG,TMO,AXON,FAST,HII,HON,HUBB,LHX,NOC,RSG,WM,XYL,DLTR,KMB,AES,CMS,CNP,DUK,LNT,NEE","ADI,AKAM,CIEN,MCHP,NTAP,NVDA,ON,TEL,ZBRA,BNY,C,COF,FDS,HBAN,IBKR,KEY,MET,PGR,COP,DVN,EOG,HAL,TPL,WMB,APTV,EXPE,LEN,MCD,NVR,CF,DD"
2016-02-26,4,5,19,40,19,40,0.5,0.5,1.0,mixed,0.6086956521739129,0.6999999999999998,"BAX,CNC,HCA,ISRG,MDT,AXON,FAST,HII,HON,JCI,NOC,RSG,WM,XYL,DLTR,CMS,CNP,ED,NEE","AKAM,MCHP,MSFT,NOW,NTAP,NVDA,ON,TEL,TYL,ZBRA,AXP,BAC,BNY,C,CPAY,HBAN,IBKR,KEY,MET,NTRS,PGR,PRU,COP,DVN,EOG,HAL,MPC,TPL,WMB,APTV,CMG,LEN,MCD,MGM,NKE,NVR,RL,CF,DD,LYB"
2016-03-04,4,5,20,39,20,39,0.5,0.5,1.0,mixed,0.4999999999999999,0.44999999999999996,"BAX,HCA,MDT,UNH,AXON,FAST,HON,JCI,NOC,PWR,RSG,WM,XYL,HSY,TGT,CMS,CNP,ED,NEE,WEC","MSFT,NOW,NVDA,ON,PTC,TEL,TYL,AXP,BAC,BNY,C,CPAY,GS,HBAN,IBKR,KEY,MET,NTRS,PRU,RF,RJF,SCHW,TFC,APA,COP,DVN,EOG,HAL,MPC,WMB,AMZN,APTV,LEN,MCD,MGM,NVR,RL,DD,LYB"
2016-03-11,4,5,25,37,25,37,0.5,0.5,1.0,mixed,0.56,0.30769230769230776,"CVS,HCA,MDT,SYK,UNH,AXON,BR,FAST,HON,ITW,JCI,NOC,PWR,RSG,WM,ADM,HSY,TGT,AES,CMS,CNP,ED,NEE,PNW,WEC","MPWR,MSFT,NOW,NVDA,PTC,TEL,TYL,AXP,BAC,BNY,C,CPAY,FITB,GS,HBAN,HIG,IBKR,KEY,MET,NTRS,PRU,RF,RJF,SCHW,TFC,V,COP,HAL,MPC,WMB,AMZN,APTV,LEN,MGM,NVR,RL,DD"
2016-03-18,6,3,38,34,38,34,0.5,0.5,1.0,mixed,0.9473684210526315,0.4324324324324324,"OKE,SLB,TRGP,WMB,BAX,CVS,HCA,MRK,SYK,UNH,AXON,BR,ITW,JCI,MMM,PWR,UNP,WM,ADM,HSY,TGT,AEP,AES,CMS,CNP,ED,NEE,PNW,WEC,APD,CF,IP,LIN,NEM,NUE,PPG,SHW,STLD","CRM,MPWR,MSFT,NOW,NVDA,PTC,ROP,TEL,TYL,AXP,BAC,BNY,C,CPAY,FITB,GS,HBAN,IBKR,KEY,MTB,NTRS,PFG,PRU,RF,RJF,SCHW,TFC,AMZN,APTV,DHI,LEN,MGM,NVR,RL"
2016-03-25,5,4,31,41,31,41,0.5,0.5,1.0,mixed,0.6842105263157894,0.7317073170731706,"OKE,SLB,TRGP,WMB,AXON,BR,HII,ITW,JCI,MMM,PWR,UNP,ADM,CHD,HSY,MO,TGT,CMS,ED,LNT,PNW,WEC,APD,AVY,CF,LIN,NEM,NUE,SHW,STLD,VMC","ADBE,CRM,CTSH,MPWR,MSFT,NOW,PTC,ROP,TEL,TER,TYL,AXP,BAC,FITB,GPN,HBAN,IBKR,NTRS,PFG,PRU,RF,RJF,SCHW,TFC,COR,DXCM,INCY,LH,PFE,PODD,REGN,STE,TMO,AMZN,APTV,DHI,LEN,MCD,MGM,NKE,RL"
2016-04-01,5,4,29,40,29,40,0.5,0.5,1.0,mixed,0.4516129032258065,0.3902439024390244,"BKR,OKE,SLB,TRGP,AXON,BR,GWW,HII,ITW,JCI,MMM,WAB,ADM,CHD,HSY,MKC,TGT,CMS,LNT,PNW,APD,AVY,CF,FCX,LIN,NEM,NUE,STLD,VMC","ADBE,CRM,CTSH,FSLR,MPWR,MSFT,NOW,PANW,PTC,ROP,TER,TYL,AIG,AXP,BAC,ERIE,FITB,GPN,NTRS,RF,RJF,SCHW,TFC,COR,DXCM,PFE,PODD,REGN,STE,TMO,AMZN,DHI,EBAY,LEN,MCD,MGM,NKE,RCL,RL,ULTA"
2016-04-08,5,4,25,32,25,32,0.5,0.5,1.0,mixed,0.3448275862068967,0.6,"BKR,OKE,TRGP,AXON,BR,GWW,HII,JCI,MMM,ADM,CHD,EL,HSY,MKC,TGT,CMS,LNT,PNW,APD,CF,FCX,NEM,NUE,STLD,VMC","ADBE,CRM,CTSH,FSLR,IT,JBL,MPWR,MSFT,NOW,PANW,ROP,TER,TYL,AIG,AXP,ERIE,GPN,V,AMGN,COR,DXCM,PFE,PODD,STE,TMO,AMZN,EBAY,MCD,NKE,RCL,RL,ULTA"
2016-04-15,4,5,18,36,18,36,0.5,0.5,1.0,mixed,1.12,0.6111111111111112,"BKR,OKE,TPL,AXON,BR,DOV,ETN,GNRC,HII,NDSN,ODFL,LNT,PNW,CF,FCX,NUE,PPG,VMC","ADBE,CIEN,FSLR,IT,JBL,MPWR,MSFT,PANW,ROP,TER,TYL,AIG,AXP,ERIE,GPN,ICE,PNC,V,WFC,AMGN,COR,DXCM,GILD,PODD,TMO,CCL,EBAY,MCD,NKE,RL,ULTA,CASY,CLX,KDP,KR,STZ"
2016-04-22,4,5,22,29,22,29,0.5,0.5,1.0,mixed,0.7272727272727271,0.6111111111111112,"BKR,DVN,TPL,DOV,ETN,FAST,GNRC,HII,MAS,NDSN,ODFL,UAL,UNP,CNP,EIX,EXC,LNT,PNW,CF,FCX,PPG,VMC","CIEN,FSLR,IT,JBL,MPWR,MSFT,ROP,TYL,AIG,ERIE,ICE,PNC,TRV,V,WFC,AMGN,GILD,ISRG,MDT,CCL,EBAY,MCD,NKE,RL,BF-B,CASY,CLX,KDP,KR"
2016-04-29,5,4,25,27,25,27,0.5,0.5,1.0,mixed,0.64,0.4827586206896551,"APA,BKR,DVN,DOV,ETN,FAST,GNRC,HII,LII,MAS,NDSN,PH,UNP,DPZ,F,GRMN,WYNN,CNP,EIX,EXC,LNT,PNW,SRE,FCX,VMC","CIEN,IT,JBL,MPWR,MSFT,NVDA,ROP,TYL,AIG,ERIE,ICE,JKHY,MSCI,PNC,TRV,USB,V,WFC,AMGN,ISRG,MDT,RVTY,BF-B,CASY,CLX,KDP,KR"
2016-05-06,5,4,31,20,31,20,0.5,0.5,1.0,mixed,0.9677419354838711,0.962962962962963,"AMP,BRO,BX,COF,CPAY,GPN,MCO,MET,SPGI,APA,BKR,COP,DVN,HAL,OKE,GNRC,HII,LII,MAS,NDSN,PH,UNP,DPZ,F,GRMN,LEN,TJX,WYNN,AMCR,FCX,VMC","CIEN,JBL,MPWR,MSFT,NVDA,ROP,INCY,ISRG,MDT,RVTY,BF-B,CASY,CLX,HRL,KDP,KR,PG,AEP,ES,XEL"
2016-05-13,5,4,30,17,30,17,0.5,0.5,1.0,mixed,0.3870967741935484,0.7999999999999999,"AMP,BX,COF,CPAY,GPN,HBAN,IBKR,MCO,MET,SPGI,APA,BKR,COP,DVN,HAL,OKE,AOS,CAT,HII,LII,MAS,NDSN,PH,UNP,APTV,DPZ,LEN,AMCR,FCX,VMC","CIEN,JBL,MPWR,MSFT,VRSN,ISRG,BF-B,CLX,COST,KDP,MO,PG,AEP,ED,ES,EVRG,XEL"
2016-05-20,5,4,33,20,33,20,0.5,0.5,1.0,mixed,0.606060606060606,0.5,"AMP,AON,CPAY,GPN,HBAN,MCO,MET,NTRS,SPGI,APA,BKR,COP,DVN,HAL,OKE,AOS,BA,CPRT,FDX,HII,J,JCI,LII,MAS,PH,UNP,APTV,GM,LEN,LOW,FCX,PKG,VMC","CIEN,JBL,MPWR,MSFT,BAX,BDX,CI,ISRG,STE,BF-B,CLX,COST,KDP,MO,PG,AEP,ATO,ED,ES,XEL"
2016-05-27,5,4,34,17,34,17,0.5,0.5,1.0,mixed,0.411764705882353,0.4999999999999999,"AMP,AON,FIS,GPN,HBAN,MA,MET,NTRS,SPGI,COP,DVN,HAL,OKE,AOS,BA,CPRT,FDX,HII,J,LII,MAS,UNP,AMZN,APTV,GM,LEN,LOW,MAR,FCX,MLM,NEM,PKG,SW,VMC","CIEN,COHR,FSLR,JBL,MPWR,BAX,BDX,CI,ISRG,BF-B,COST,MO,PG,AEP,ATO,ED,ES"
2016-06-03,6,3,49,11,49,11,0.5,0.5,1.0,mixed,0.8979591836734693,0.9411764705882354,"AMP,C,FIS,GPN,GS,HBAN,MA,MET,NTRS,COP,DVN,HAL,OKE,A,BIIB,BMY,COR,CRL,DVA,IDXX,LH,PFE,RVTY,ZBH,AOS,BA,CPRT,EFX,FIX,HII,J,LII,MAS,AMZN,APTV,CMG,GPC,HAS,LOW,MAR,MGM,WYNN,FCX,MLM,NEM,NUE,PKG,STLD,SW","COHR,FSLR,MPWR,COST,PG,TSN,AEP,ATO,ED,ES,FE"
2016-06-10,6,3,50,13,50,13,0.5,0.5,1.0,mixed,0.31999999999999995,0.3076923076923077,"BNY,C,FIS,GPN,GS,HBAN,MET,NTRS,PRU,SCHW,COP,DVN,HAL,OKE,A,BIIB,BMY,COR,CRL,DVA,IDXX,LH,MRK,PFE,RVTY,ZBH,AOS,BA,CPRT,EFX,FIX,HII,J,LII,PNR,AMZN,APTV,CMG,F,HAS,LOW,MAR,MGM,PHM,RCL,WYNN,MLM,PKG,STLD,SW","COHR,FSLR,MPWR,STX,COST,PG,TSN,AEP,ATO,AWK,ED,ES,FE"
2016-06-17,4,5,31,30,31,30,0.5,0.5,1.0,mixed,0.9599999999999997,1.4000000000000004,"BAC,BNY,C,FIS,GL,GPN,GS,HBAN,MET,NTRS,PRU,SCHW,COP,DVN,HAL,OKE,A,BIIB,BMY,COR,IDXX,LH,MCK,PFE,RVTY,TECH,FCX,MLM,PKG,STLD,SW","FSLR,STX,ADP,DAL,FAST,GE,ITW,MMM,ODFL,PAYX,UAL,UPS,AZO,DPZ,EBAY,GPC,HD,NKE,ORLY,ROST,HRL,KMB,KR,PG,TSN,AEP,ATO,ED,ES,FE"
2016-06-24,4,5,32,29,32,29,0.5,0.5,1.0,mixed,0.3749999999999999,0.33333333333333337,"BAC,BNY,C,FIS,GL,GS,IVZ,KEY,MET,NTRS,PRU,RF,SPGI,WTW,COP,HAL,OKE,A,BIIB,BMY,COR,IDXX,INCY,LH,MCK,PFE,RVTY,TECH,FCX,MLM,PKG,SW","FSLR,STX,VRSN,ADP,DAL,GE,ITW,MMM,ODFL,UAL,UPS,AZO,DPZ,GPC,NKE,ORLY,ROST,TJX,EL,HRL,KMB,KR,TGT,TSN,AEP,ATO,ED,ES,FE"
2016-07-01,4,5,28,29,28,29,0.5,0.5,1.0,mixed,0.6874999999999999,0.3448275862068966,"AJG,BAC,BNY,FIS,GL,GS,ICE,JPM,KEY,RF,SPGI,WTW,OKE,A,BIIB,BMY,COR,DGX,INCY,MCK,MRK,PFE,RVTY,TECH,VTRS,FCX,PKG,VMC","COHR,FSLR,NTAP,VRSN,ADP,DAL,ITW,ODFL,UAL,AZO,DPZ,GPC,NKE,ORLY,ROST,TJX,BF-B,EL,HRL,KMB,KO,KR,PM,TGT,TSN,ATO,ED,ES,FE"
2016-07-08,4,5,21,23,21,23,0.5,0.5,1.0,mixed,0.714285714285714,0.6896551724137931,"AIZ,AJG,BNY,FIS,GL,ICE,JPM,SPGI,WTW,APA,OKE,BIIB,CNC,COR,DGX,MCK,MRK,PFE,TECH,VTRS,VMC","AVGO,COHR,FSLR,NTAP,VRSN,DAL,GE,ITW,MAS,ODFL,DPZ,GPC,NKE,SBUX,TJX,EL,HRL,KO,TGT,TSN,ATO,ES,FE"
2016-07-15,4,5,18,20,18,20,0.5,0.5,1.0,mixed,0.6666666666666667,0.608695652173913,"AIZ,AJG,FIS,GL,ICE,JPM,SPGI,STT,WTW,APA,BIIB,CNC,MCK,PFE,REGN,VTRS,ZBH,AMCR","COHR,FSLR,SMCI,VRSN,HON,ITW,MAS,ODFL,GPC,SBUX,EL,HRL,KO,PM,TGT,TSN,ATO,ES,FE,PEG"
2016-07-22,4,5,12,21,12,21,0.5,0.5,1.0,mixed,1.1111111111111112,0.38095238095238104,"AIZ,FDS,FIS,GL,JPM,SPGI,STT,TFC,BSX,CNC,MDT,VTRS","COHR,FICO,FSLR,MSI,SMCI,TEL,VRSN,HON,ITW,MAS,ODFL,HD,SBUX,EL,HRL,KO,PM,TGT,ATO,ES,PEG"
2016-07-29,4,5,16,19,16,19,0.5,0.5,1.0,mixed,0.8750000000000001,0.47619047619047616,"AIG,AMP,BX,FDS,GL,JPM,MCO,SPGI,STT,TFC,CNC,DHR,DXCM,LH,MDT,VTRS","ACN,AMD,COHR,FICO,MSI,SMCI,TEL,VRSN,ITW,LUV,HD,SBUX,EL,HRL,KO,TGT,ATO,ES,PEG"
2016-08-05,4,5,15,17,15,17,0.5,0.5,1.0,mixed,0.625,0.31578947368421056,"BX,CME,FDS,GPN,JPM,MCO,SPGI,TFC,WFC,CNC,DHR,DXCM,LH,VTRS,MLM","ACN,AMD,COHR,FICO,MSI,ROP,SMCI,TEL,VRSN,LUV,HD,EL,HRL,KO,ATO,ES,PEG"
2016-08-12,4,5,17,20,17,20,0.5,0.5,1.0,mixed,0.7058823529411764,0.3999999999999999,"CME,FDS,GS,MCO,MSCI,PNC,SPGI,TFC,WFC,HAL,OKE,CNC,DHR,DXCM,RMD,VTRS,MLM","ACN,ADBE,AMD,FICO,MSI,ROP,SMCI,TEL,VRSN,FIX,LUV,CCL,HD,EL,HRL,KO,STZ,ATO,ES,PEG"
2016-08-19,5,4,25,15,25,15,0.5,0.5,1.0,mixed,0.8,1.3,"GEN,MCHP,PTC,SWKS,TXN,ZBRA,AMP,CME,FDS,GS,MCO,MSCI,PNC,TFC,WFC,WRB,HAL,CNC,DHR,DXCM,LLY,PFE,RMD,VTRS,MLM","DAL,FIX,LUV,HAS,HD,LOW,MGM,TJX,ULTA,KO,STZ,ATO,ED,PEG,PPL"
2016-08-26,4,5,17,18,17,18,0.5,0.5,1.0,mixed,0.7999999999999999,0.7777777777777777,"GEN,MCHP,ZBRA,CME,FDS,MCO,MSCI,NDAQ,TFC,WFC,CNC,DHR,DXCM,LLY,RMD,VTRS,WAT","CHRW,DAL,FIX,J,LUV,F,HAS,LOW,MGM,TJX,ULTA,KO,AEP,ATO,CNP,PPL,STLD,SW"
2016-09-02,4,5,16,21,16,21,0.5,0.5,1.0,mixed,0.3529411764705882,0.47619047619047616,"GEN,MCHP,PTC,ZBRA,CME,FDS,MCO,MSCI,NDAQ,DHR,DXCM,LLY,PODD,RMD,VTRS,WAT","CHRW,CPRT,DAL,FIX,HON,J,LUV,NOC,F,HAS,LOW,MGM,TJX,TSCO,ULTA,KO,ATO,CNP,PPL,AMCR,SW"
2016-09-09,3,6,20,21,20,21,0.5,0.5,1.0,mixed,0.6999999999999998,0.6666666666666667,"AAPL,MRVL,MU,NTAP,PTC,ZBRA,CME,KKR,MCO,MSCI,NDAQ,AMGN,CAH,DHR,DXCM,LLY,PODD,RMD,VTRS,WAT","COP,HAL,OKE,OXY,CHRW,CPRT,FIX,HON,ITW,J,NOC,F,LOW,TSCO,ULTA,KO,CNP,PPL,NEM,PPG,SW"
2016-09-16,3,6,23,26,23,26,0.5,0.5,1.0,mixed,0.5217391304347826,0.5384615384615383,"MRVL,MU,NTAP,PTC,ZBRA,ACGL,AIG,BX,CPAY,KKR,MCO,MSCI,NDAQ,AMGN,BIIB,CAH,DXCM,GILD,LLY,PODD,RMD,VTRS,WAT","COP,HAL,OKE,OXY,CHRW,CPRT,FIX,HON,ITW,J,JBHT,JCI,NOC,F,LOW,TSCO,ULTA,KO,MKC,ES,NI,PPL,MLM,NEM,PPG,VMC"
2016-09-23,3,6,22,27,22,27,0.5,0.5,1.0,mixed,0.34782608695652173,0.37037037037037046,"MRVL,MU,NTAP,PANW,PTC,ACGL,AIG,BX,CPAY,ICE,MCO,MSCI,NDAQ,STT,AMGN,BIIB,CAH,DXCM,GILD,LLY,PODD,WAT","COP,HAL,OXY,CHRW,FIX,HON,ITW,J,JBHT,JCI,NOC,F,LOW,TSCO,ULTA,CHD,CLX,EL,GIS,KO,MKC,NI,MLM,NEM,PPG,STLD,VMC"
2016-09-30,3,6,26,35,26,35,0.5,0.5,1.0,mixed,0.46153846153846145,0.5142857142857142,"INTC,MRVL,MU,NTAP,PANW,PTC,QCOM,STX,ACGL,AIG,BX,CPAY,GS,ICE,MCO,STT,AMGN,BIIB,CAH,DXCM,ELV,EW,GILD,LLY,PODD,WAT","HAL,OXY,ADP,CHRW,DOV,FIX,HON,ITW,J,JBHT,JCI,LMT,MMM,NOC,RSG,F,LOW,TSCO,ULTA,CHD,CLX,EL,GIS,KO,MKC,PM,CMS,NI,NRG,XEL,MLM,NEM,PPG,STLD,VMC"
2016-10-07,3,6,27,37,27,37,0.5,0.5,1.0,mixed,0.44444444444444453,0.32432432432432423,"ADSK,INTC,MRVL,MU,NTAP,PANW,PTC,QCOM,STX,ACGL,AIG,BEN,CPAY,GS,STT,TFC,AMGN,BIIB,CAH,CVS,DXCM,ELV,EW,GILD,IDXX,PODD,ZTS","HAL,OXY,XOM,ADP,DOV,EMR,GE,GNRC,HON,ITW,J,JBHT,JCI,LMT,MMM,NOC,RSG,LOW,NVR,TSCO,ULTA,CHD,CLX,GIS,KO,MKC,MO,PM,CMS,NI,NRG,XEL,MLM,NEM,PPG,STLD,VMC"
2016-10-14,3,6,31,41,31,41,0.5,0.5,1.0,mixed,0.9677419354838708,0.6341463414634146,"ADSK,INTC,MPWR,MRVL,MU,NTAP,ON,PANW,PTC,QCOM,SNPS,STX,ACGL,AIG,BEN,COF,CPAY,GS,STT,TFC,APTV,BBY,BKNG,CCL,EXPE,LVS,NCLH,NKE,RCL,ROST,WSM","HAL,OXY,XOM,BAX,BMY,DVA,MCK,PFE,TECH,UNH,VTRS,ADP,DOV,EMR,GE,GNRC,HII,HON,ITW,J,JBHT,LMT,NOC,RSG,CLX,EL,GIS,HSY,KO,MKC,MO,PM,CMS,EIX,ES,NI,NRG,NEM,PPG,STLD,VMC"
2016-10-21,3,6,38,40,38,40,0.5,0.5,1.0,mixed,0.36842105263157887,0.48780487804878053,"ADSK,AKAM,INTC,MPWR,MRVL,MU,NTAP,ON,PANW,PTC,QCOM,ROP,SNPS,STX,ZBRA,ACGL,AIG,BEN,COF,CPAY,GS,JPM,RF,STT,TFC,V,APTV,BBY,BKNG,CCL,EXPE,LVS,NCLH,NKE,RCL,ROST,WSM,YUM","HAL,OXY,XOM,BAX,MCK,PFE,VTRS,ADP,AOS,BR,DOV,EMR,GE,J,JBHT,LMT,LUV,PAYX,RSG,RTX,CLX,DLTR,EL,GIS,HSY,KO,MKC,MO,PM,SJM,EIX,ES,NI,NRG,WEC,NEM,NUE,PPG,STLD,VMC"
2016-10-28,4,5,43,35,43,35,0.5,0.5,1.0,mixed,0.5116279069767442,0.5,"ADSK,COHR,CTSH,MPWR,MRVL,MSI,MU,NTAP,ON,PANW,PTC,QCOM,ROP,STX,ZBRA,ACGL,AIG,BX,COF,FITB,GS,JPM,MA,MS,RF,STT,TFC,V,BKR,PSX,VLO,APTV,BBY,BKNG,CCL,CMG,EXPE,LVS,NCLH,NKE,RCL,WSM,YUM","BSX,CRL,MCK,PFE,VTRS,AOS,BR,DOV,EMR,GE,JBHT,LMT,PAYX,RSG,RTX,CLX,DLTR,EL,GIS,HSY,KO,MKC,PM,SJM,AEP,EIX,ES,NI,NRG,WEC,MOS,NUE,PPG,SHW,VMC"
2016-11-04,4,5,40,34,40,34,0.5,0.5,1.0,mixed,0.3255813953488371,0.4571428571428571,"ADBE,ADSK,COHR,CTSH,MPWR,MSI,MU,ON,PANW,PTC,QCOM,ROP,STX,ZBRA,BX,COF,FITB,GS,JPM,MA,MS,PRU,RF,TFC,V,APA,BKR,PSX,APTV,BBY,BKNG,CCL,CMG,EXPE,LVS,MGM,NCLH,NKE,RCL,WSM","BSX,CNC,MCK,VTRS,WST,AOS,BR,DOV,EFX,EMR,GE,LMT,PAYX,RTX,CLX,DG,DLTR,GIS,HSY,KO,MKC,PM,WMT,AEP,ATO,AWK,EIX,NI,NRG,WEC,MOS,PPG,SHW,VMC"
2016-11-11,4,5,35,28,35,28,0.5,0.5,1.0,mixed,0.49999999999999994,0.4705882352941176,"ADBE,ADSK,COHR,CTSH,MPWR,NXPI,ON,PTC,ROP,STX,ZBRA,COF,FITB,GS,HIG,JPM,KEY,MA,MET,MS,PRU,RF,RJF,V,APA,BKR,PSX,APTV,BKNG,CCL,CMG,EXPE,MGM,NCLH,RCL","BSX,MCK,VTRS,WST,AOS,BR,CTAS,EFX,EMR,GE,LII,LMT,PAYX,RTX,CLX,DLTR,GIS,HSY,MKC,AEP,ATO,EIX,NI,NRG,WEC,MOS,PPG,SHW"
2016-11-18,4,5,36,29,36,29,0.5,0.5,1.0,mixed,0.2777777777777778,0.4137931034482759,"AAPL,ADBE,ADSK,APH,COHR,CTSH,FTNT,MPWR,NXPI,ON,PTC,ROP,STX,WDC,ZBRA,COF,FITB,GS,HIG,KEY,MA,MET,MS,PRU,RF,RJF,TFC,APA,BKR,PSX,BKNG,CMG,EXPE,MGM,NCLH,RCL","BSX,CAH,MCK,VTRS,WST,AOS,BR,CTAS,EFX,GE,LII,MAS,PAYX,RTX,SWK,DLTR,GIS,HSY,MKC,SJM,AEP,AWK,EIX,NI,WEC,MOS,NEM,PPG,SHW"
2016-11-25,4,5,34,40,34,40,0.5,0.5,1.0,mixed,0.2777777777777778,0.8500000000000001,"ADBE,ADSK,APH,COHR,CTSH,MPWR,NXPI,ON,PTC,ROP,WDC,ZBRA,COF,FITB,GS,HIG,IBKR,KEY,MET,MS,PRU,RF,RJF,TFC,APA,BKR,PSX,TPL,CMG,EXPE,GM,MGM,NCLH,RCL","BMY,CAH,DGX,DVA,VTRS,WST,AOS,BLDR,BR,CPRT,CTAS,DOV,EFX,GE,HII,HON,IEX,LII,MAS,MMM,PAYX,PNR,SWK,TDG,CL,DLTR,GIS,MKC,SJM,TSN,AEP,DUK,EIX,ETR,NI,WEC,ALB,MOS,PPG,SHW"
2016-12-02,4,5,32,39,32,39,0.5,0.5,1.0,mixed,0.3529411764705882,0.39999999999999997,"ADBE,APH,COHR,CTSH,MPWR,NXPI,QCOM,ROP,TER,WDC,ZBRA,COF,GS,HIG,IBKR,KEY,MET,MS,MTB,PRU,RF,RJF,TFC,APA,BKR,TPL,CMG,EXPE,F,GM,NCLH,RCL","BMY,CAH,CNC,DGX,EW,LH,PODD,AOS,BLDR,BR,CPRT,CTAS,DOV,EFX,HII,HON,HUBB,IEX,LII,MAS,MMM,PAYX,PNR,SWK,TDG,CL,GIS,MKC,SJM,TSN,AEP,DUK,ETR,NI,PCG,WEC,ALB,IP,PPG"
2016-12-09,4,5,36,26,36,26,0.5,0.5,1.0,mixed,1.0555555555555558,1.282051282051282,"COF,GS,HIG,KEY,MET,MS,MTB,PRU,RF,TFC,BKR,HAL,TPL,ADP,AME,CHRW,DE,EME,FDX,GD,LUV,NOC,ODFL,PWR,ROK,ROL,SNA,UPS,AZO,CMG,DRI,EXPE,GM,LVS,NCLH,RCL","AMAT,FICO,FTNT,MCHP,MRVL,ORCL,AMGN,BSX,CNC,EW,LH,CL,EL,MKC,PG,TSN,AEP,DUK,ETR,NI,PCG,WEC,ALB,AVY,IP,NEM"
2016-12-16,4,5,30,33,30,33,0.5,0.5,1.0,mixed,0.5555555555555556,0.48484848484848486,"BAC,COF,GS,HIG,KEY,MET,MS,MTB,BKR,HAL,ADP,AME,CHRW,DE,EME,GD,LDOS,LUV,NOC,ODFL,ROK,ROL,RSG,SNA,AZO,CMG,DRI,EXPE,F,GM","AMAT,FICO,FTNT,GLW,INTC,MCHP,MRVL,ORCL,AMGN,BIIB,BSX,CNC,EW,LH,ZTS,CL,EL,MKC,PG,STZ,TSN,DUK,ED,ETR,NI,PCG,WEC,ALB,AVY,IFF,IP,NEM,PKG"
2016-12-23,4,5,27,42,27,42,0.5,0.5,1.0,mixed,0.4666666666666667,0.4761904761904762,"BAC,COF,GS,KEY,MS,MTB,BKR,CVX,HAL,TPL,ADP,AME,DE,GD,LDOS,LUV,NOC,ODFL,ROK,ROL,RSG,SNA,AZO,BBY,BKNG,DRI,GM","AMAT,FICO,FTNT,GLW,INTC,MRVL,ORCL,QCOM,TXN,AMGN,BIIB,BSX,CNC,CRL,EW,LH,VRTX,WAT,ZBH,ZTS,CL,EL,MKC,MNST,PG,STZ,TSN,DUK,ED,ETR,NI,PCG,WEC,ALB,AVY,CRH,ECL,IFF,IP,NEM,PKG,SW"
2016-12-30,4,5,29,43,29,43,0.5,0.5,1.0,mixed,0.6896551724137928,0.23255813953488358,"BAC,COF,GS,JPM,KEY,MTB,NTRS,SCHW,BKR,COP,CVX,HAL,ADP,AME,CSX,GD,JBHT,LDOS,LUV,NSC,ODFL,ROL,RSG,WM,AZO,DRI,GM,MAR,RCL","AMAT,FICO,FTNT,GLW,INTC,MRVL,NTAP,TXN,TYL,AMGN,BIIB,BSX,CNC,CRL,EW,IQV,LH,VRTX,WAT,ZBH,ZTS,CL,EL,MKC,MNST,PG,PM,STZ,TSN,DUK,ED,ETR,NEE,NI,PCG,WEC,AVY,CRH,ECL,IFF,IP,PKG,SW"
2017-01-06,4,5,30,45,30,45,0.5,0.5,1.0,mixed,0.39999999999999997,0.3555555555555555,"BAC,GS,HBAN,JPM,MTB,NTRS,SCHW,TROW,COP,CVX,HAL,ADP,AME,CSX,FIX,GD,HII,JBHT,LDOS,LHX,LUV,NSC,RSG,TT,WM,AZO,DRI,GM,MAR,RCL","AMAT,FICO,FTNT,GLW,INTC,MRVL,NTAP,TXN,TYL,WDAY,AMGN,BDX,BIIB,BSX,CNC,CRL,EW,LH,MCK,MDT,RVTY,WAT,ZBH,ZTS,CL,EL,MKC,MNST,PM,STZ,TAP,TSN,DUK,ED,NEE,NI,PCG,AVY,CRH,ECL,IFF,IP,LIN,SHW,SW"
2017-01-13,4,5,29,45,29,45,0.5,0.5,1.0,mixed,0.2,0.35555555555555557,"BAC,FITB,GS,HBAN,JPM,MTB,NTRS,PRU,SCHW,TROW,COP,CVX,HAL,ADP,AME,CSX,FIX,GD,HII,JBHT,LDOS,LUV,RSG,TT,AZO,DRI,GM,MAR,RCL","AMAT,FTNT,GLW,MRVL,NTAP,PANW,TXN,TYL,WDAY,BDX,BIIB,BSX,CNC,DHR,EW,IQV,ISRG,LH,MCK,MDT,RVTY,TMO,VRTX,WAT,ZBH,ZTS,CL,MKC,MNST,PEP,PM,STZ,TAP,TSN,DUK,ED,NEE,AMCR,AVY,CRH,ECL,IFF,LIN,SHW,SW"
2017-01-20,5,4,32,33,32,33,0.5,0.5,1.0,mixed,0.625,0.8444444444444446,"BAC,FITB,HBAN,JPM,MTB,NTRS,PRU,SCHW,TROW,COP,CVX,HAL,ADP,AME,CSX,GD,HII,JBHT,LDOS,TXT,URI,AZO,DRI,LEN,MAR,MCD,NCLH,CF,FCX,MOS,NUE,STLD","FTNT,GLW,MCHP,NTAP,PANW,TXN,TYL,WDAY,BDX,DHR,EW,HCA,IQV,MCK,MDT,RMD,TMO,VRTX,WAT,CL,MKC,MNST,PEP,PM,STZ,TSN,AEP,DUK,ED,FE,NEE,SO,SRE"
2017-01-27,4,5,23,33,23,33,0.5,0.5,1.0,mixed,0.8749999999999998,0.48484848484848486,"BX,HBAN,JPM,PRU,RF,TROW,ADP,AME,GD,HII,JBHT,LDOS,TXT,URI,APTV,LEN,MCD,NVR,CF,FCX,MOS,NUE,SHW","ADSK,CSCO,GLW,MCHP,PANW,TXN,TYL,WDAY,EQT,KMI,ABBV,BDX,DHR,IQV,JNJ,MDT,RMD,TMO,VRTX,WAT,CHD,MKC,MNST,PEP,STZ,TSN,DUK,ED,FE,NEE,PCG,SO,SRE"
2017-02-03,4,5,20,29,20,29,0.5,0.5,1.0,mixed,0.5217391304347826,0.4242424242424242,"BX,HBAN,JPM,RF,TROW,AME,GD,HII,HUBB,JBHT,LDOS,URI,LEN,MCD,NVR,RCL,CF,DD,MOS,SHW","ADSK,APH,CSCO,MCHP,PANW,TYL,WDAY,EQT,ABBV,BDX,DHR,IQV,MDT,RMD,TMO,UHS,VRTX,CHD,MNST,PEP,STZ,TSN,DUK,ED,EVRG,FE,PCG,SO,SRE"
2017-02-10,5,4,30,19,30,19,0.5,0.5,1.0,mixed,1.0666666666666669,1.1724137931034484,"BX,CAH,GILD,HUM,REGN,RMD,SYK,VTRS,WST,BA,DE,GD,HII,HON,HUBB,LDOS,PCAR,ROK,URI,HD,LEN,LOW,MCD,NVR,RCL,TSLA,CF,DD,MOS,SHW","APH,CSCO,PANW,QCOM,TYL,APA,EQT,BF-B,MNST,PEP,STZ,TAP,ETR,EVRG,FE,NI,PNW,SO,SRE"
2017-02-17,5,4,31,25,31,25,0.5,0.5,1.0,mixed,0.9032258064516129,1.28,"BEN,BX,PGR,WRB,A,CAH,CRL,GILD,HSIC,HUM,MCK,RMD,SYK,VTRS,DHI,HD,LEN,LOW,MCD,NKE,NVR,RCL,TSLA,CLX,COST,EL,KDP,KMB,CF,DD,SHW","CSCO,LRCX,MU,QCOM,TYL,EQT,TPL,CSX,EME,FDX,GNRC,MAS,MMM,NDSN,NOC,ODFL,RTX,UPS,WAB,XYL,EVRG,FE,PNW,SO,SRE"
2017-02-24,4,5,27,35,27,35,0.5,0.5,1.0,mixed,0.4516129032258064,0.9142857142857144,"A,CAH,CRL,GILD,HSIC,MCK,PODD,RMD,SYK,VTRS,DHI,GM,HD,LEN,MCD,NKE,NVR,RCL,TSLA,BG,CLX,COST,EL,KMB,CF,DD,SHW","LRCX,QCOM,TYL,AIG,BLK,BNY,CINF,FITB,GPN,ICE,JPM,KEY,MCO,MS,PRU,RF,BKR,CSX,FDX,GNRC,MAS,MMM,NDSN,NOC,ODFL,RTX,UPS,WAB,XYL,AES,EVRG,FE,PNW,SO,WEC"
2017-03-03,4,5,25,31,25,31,0.5,0.5,1.0,mixed,0.6666666666666667,0.7999999999999999,"A,CAH,CRL,HSIC,MCK,PODD,RMD,DHI,GM,HD,LEN,MCD,NKE,NVR,RCL,TSLA,EL,KMB,MO,AEP,CMS,EIX,ETR,NRG,XEL","ADI,LRCX,MRVL,AIG,BAC,BLK,BNY,CINF,FITB,GS,IVZ,JPM,KEY,MS,PRU,RF,BKR,CSX,DE,GD,GNRC,NDSN,NOC,ODFL,RTX,UPS,WAB,XYL,APD,BALL,LIN"
2017-03-10,5,4,35,22,35,22,0.5,0.5,1.0,mixed,0.8571428571428572,0.7741935483870968,"AAPL,AVGO,JBL,SWKS,TER,WDC,A,ABT,CAH,CRL,ELV,HSIC,INCY,LLY,PODD,RMD,AMZN,APTV,DHI,HD,NKE,RCL,SBUX,TSLA,EL,KMB,KR,MO,PM,AEP,CMS,EIX,ETR,NRG,XEL","AIG,BNY,BRK-B,BRO,FITB,GS,IVZ,JPM,KEY,PRU,RF,BKR,DE,GD,GNRC,NOC,ODFL,RTX,XYL,APD,BALL,IFF"
2017-03-17,5,4,40,22,40,22,0.5,0.5,1.0,mixed,0.5,0.5454545454545454,"AAPL,ADBE,AVGO,CTSH,JBL,KLAC,SWKS,A,ABT,CRL,ELV,HCA,HSIC,INCY,ISRG,LLY,MCK,PODD,RMD,AMZN,APTV,DHI,NKE,RCL,SBUX,TSLA,CLX,EL,KMB,MO,PM,AEP,ATO,CMS,EIX,ETR,NEE,NRG,PCG,XEL","AIG,BNY,BRO,FITB,GS,JPM,KEY,L,PRU,RF,SCHW,TFC,BKR,CPRT,GD,GNRC,JBHT,ODFL,XYL,APD,BALL,FCX"
2017-03-24,5,4,38,26,38,26,0.5,0.5,1.0,mixed,0.24999999999999994,0.6153846153846153,"AAPL,ADBE,AVGO,CTSH,JBL,KLAC,SWKS,A,ABT,BAX,BDX,CRL,CVS,ELV,HCA,HSIC,INCY,ISRG,LLY,PODD,RMD,AMZN,APTV,DHI,RCL,TSLA,CLX,EL,MO,PM,ATO,CMS,EIX,ETR,NEE,NRG,PCG,XEL","AIG,BRO,CINF,FITB,GS,JPM,L,MTB,PRU,RF,SCHW,TFC,APA,BKR,EQT,TPL,CSX,GD,GNRC,JBHT,ODFL,SNA,APD,BALL,FCX,VMC"
2017-03-31,5,4,40,21,40,21,0.5,0.5,1.0,mixed,0.35000000000000003,0.6923076923076921,"AAPL,ADBE,CDNS,CTSH,JBL,KLAC,SNPS,SWKS,A,ABT,BAX,BDX,CRL,CVS,ELV,HCA,HSIC,ISRG,LLY,RMD,VRTX,AMZN,APTV,BKNG,DHI,DPZ,LEN,PHM,RCL,CLX,EL,MO,PM,ATO,CMS,EIX,ETR,NEE,PCG,XEL","AIG,BRO,GS,HBAN,JPM,MTB,PRU,RF,APA,TPL,GD,GNRC,JBHT,ODFL,SNA,TDG,WAB,AMCR,APD,BALL,VMC"
2017-04-07,5,4,44,25,44,25,0.5,0.5,1.0,mixed,0.5454545454545456,0.6400000000000001,"AAPL,ADBE,CDNS,CTSH,GEN,KLAC,SNPS,SWKS,TYL,WDAY,A,ABT,BAX,BDX,CAH,CVS,HCA,HSIC,IDXX,ISRG,LH,LLY,VRTX,AMZN,APTV,BKNG,DHI,DPZ,HAS,LEN,NCLH,NVR,PHM,CLX,COST,KMB,MKC,PM,ATO,CMS,EIX,NEE,PCG,XEL","AIG,BRO,GS,JPM,MTB,NTRS,PRU,APA,COP,EOG,TPL,CSX,GD,JBHT,PWR,ROK,SNA,TDG,WAB,XYL,AMCR,APD,BALL,LIN,VMC"
2017-04-14,5,4,45,25,45,25,0.5,0.5,1.0,mixed,0.39999999999999997,0.56,"AAPL,ADBE,CDNS,FSLR,FTNT,GEN,KLAC,ROP,SNPS,TYL,A,BAX,BDX,CAH,CVS,HCA,IDXX,ISRG,LLY,MTD,UHS,VRTX,AMZN,APTV,BKNG,DHI,DPZ,HAS,HD,LEN,NCLH,NVR,PHM,TJX,CLX,HRL,KMB,MKC,PM,ATO,CMS,EIX,NEE,NI,PCG","BRO,COF,JPM,MTB,NTRS,PRU,RF,TFC,APA,EOG,TPL,CSX,GD,JBHT,PCAR,PWR,ROK,SNA,TDG,UPS,WAB,XYL,CF,MOS,VMC"
2017-04-21,5,4,42,26,42,26,0.5,0.5,1.0,mixed,0.3999999999999999,0.30769230769230765,"ADBE,CDNS,FSLR,GEN,HPQ,KLAC,ROP,SNPS,TYL,A,BAX,BDX,IDXX,ISRG,JNJ,LLY,MTD,UHS,VRTX,AMZN,APTV,BKNG,DHI,DPZ,HAS,HD,LEN,NVR,PHM,TJX,TPR,WYNN,CHD,CLX,HRL,KMB,MKC,ATO,FE,NEE,NI,PCG","BNY,COF,JPM,MTB,PRU,RF,TFC,APA,EOG,HAL,TPL,CSX,GD,JBHT,PCAR,PWR,ROK,SNA,TDG,UPS,WAB,CF,FCX,MLM,MOS,VMC"
2017-04-28,5,4,41,23,41,23,0.5,0.5,1.0,mixed,0.38095238095238104,0.3846153846153846,"ADBE,CDNS,FSLR,HPQ,KLAC,ROP,SNPS,TYL,A,BAX,IDXX,JNJ,MTD,UHS,VRTX,AMZN,BKNG,DHI,HAS,HD,LEN,NKE,NVR,PHM,RCL,SBUX,TJX,TPR,TSLA,WYNN,CHD,CLX,KMB,MKC,ATO,FE,NI,NRG,PCG,SO,SRE","COF,JPM,MTB,PRU,RF,TFC,APA,TPL,CSX,DE,GD,HUBB,JBHT,PCAR,ROK,SNA,TDG,UPS,WAB,CF,FCX,MLM,MOS"
2017-05-05,5,4,41,23,41,23,0.5,0.5,1.0,mixed,0.4390243902439025,0.608695652173913,"ACN,ADBE,FSLR,HPQ,KLAC,SNPS,TYL,A,ALGN,BAX,IDXX,JNJ,UHS,VRTX,AMZN,BKNG,CMG,HD,LEN,MCD,NKE,NVR,RL,SBUX,TJX,TPR,TSLA,WYNN,CHD,MKC,PEP,ATO,DUK,ED,FE,NI,NRG,PCG,SO,SRE,XEL","COF,JPM,MTB,TFC,WFC,EOG,HAL,TPL,AXON,CSX,DE,GD,GWW,HII,HUBB,JBHT,ROK,ROL,SNA,TDG,CF,FCX,MOS"
2017-05-12,5,4,44,23,44,23,0.5,0.5,1.0,mixed,0.4545454545454545,0.34782608695652173,"ACN,ADBE,AVGO,FSLR,HPQ,TYL,A,ALGN,BAX,CVS,IDXX,JNJ,RVTY,SYK,UHS,VEEV,VRTX,VTRS,AMZN,CMG,HD,LEN,MCD,NKE,NVR,RL,SBUX,TJX,TPR,TSLA,WSM,WYNN,CHD,DLTR,MKC,PEP,ATO,ED,NI,PNW,SO,SRE,WEC,XEL","COF,JPM,MS,MTB,TFC,WFC,DVN,HAL,SLB,TPL,CSX,DE,GD,GWW,HII,HUBB,JBHT,ROK,ROL,CF,FCX,MOS,STLD"
2017-05-19,5,4,43,24,43,24,0.5,0.5,1.0,mixed,0.3636363636363636,0.33333333333333337,"ACN,AMAT,FSLR,HPQ,LRCX,TYL,A,ABBV,ALGN,BAX,CNC,CVS,IDXX,ISRG,JNJ,RVTY,VEEV,VRTX,AMZN,CMG,DRI,HD,MCD,NKE,NVR,RL,TJX,TPR,TSCO,TSLA,WSM,WYNN,DLTR,MKC,PEP,ATO,ED,NI,PNW,SO,SRE,WEC,XEL","COF,JPM,MTB,TFC,WFC,DVN,HAL,SLB,TPL,WMB,CSX,GD,GNRC,GWW,HII,HUBB,J,JBHT,ROK,CF,FCX,MOS,NUE,STLD"
2017-05-26,5,4,44,25,44,25,0.5,0.5,1.0,mixed,0.3636363636363636,0.31999999999999984,"ACN,AMAT,FSLR,HPQ,LRCX,TYL,A,ABBV,ALGN,BAX,CNC,CVS,HSIC,ISRG,REGN,RVTY,VEEV,VRTX,WAT,AMZN,AZO,CMG,DRI,HD,MCD,NKE,NVR,ORLY,RL,TPR,TSLA,WSM,WYNN,DG,DLTR,PEP,PM,STZ,ED,PNW,SO,SRE,WEC,XEL","COF,MTB,TFC,USB,WFC,DVN,HAL,SLB,TPL,WMB,FAST,GD,GNRC,GWW,HII,HUBB,J,JBHT,LDOS,ROK,CF,DD,FCX,MOS,STLD"
2017-06-02,5,4,42,26,42,26,0.5,0.5,1.0,mixed,0.3181818181818181,0.3076923076923077,"ACN,AMAT,FSLR,HPQ,LRCX,MSI,TYL,ABBV,ALGN,BAX,CNC,COO,CVS,EW,ISRG,REGN,RVTY,VEEV,WAT,AMZN,AZO,BBY,CMG,DRI,HD,MCD,ORLY,RL,TSLA,WSM,WYNN,DG,DLTR,PEP,PM,STZ,WMT,ED,PNW,SO,WEC,XEL","COF,TFC,USB,WFC,DVN,HAL,SLB,TPL,CHRW,CMI,FAST,GD,GNRC,GWW,HII,HUBB,J,JBHT,LDOS,PH,ROK,DD,FCX,LYB,MOS,STLD"
2017-06-09,5,4,47,32,47,32,0.5,0.5,1.0,mixed,0.42553191489361697,0.37500000000000006,"ACN,AMAT,CDNS,FSLR,KLAC,LRCX,MSI,TYL,ABBV,BAX,BDX,CNC,COO,CVS,DGX,EW,ISRG,REGN,RVTY,UNH,VEEV,WAT,AMZN,AZO,BBY,CMG,DRI,EXPE,GPC,HD,MCD,NVR,ORLY,RL,WYNN,DG,DLTR,PEP,PM,STZ,TGT,WMT,ED,NEE,PNW,WEC,XEL","AMP,COF,JPM,TFC,USB,WFC,DVN,HAL,KMI,SLB,TPL,CHRW,CMI,EMR,FAST,GD,GNRC,GWW,HII,HUBB,J,JBHT,LDOS,PH,ROK,RSG,WAB,DD,FCX,LYB,MOS,STLD"
2017-06-16,5,4,53,31,53,31,0.5,0.5,1.0,mixed,0.5283018867924528,0.3124999999999999,"ACN,ADBE,ADSK,AMAT,CDNS,KLAC,LRCX,MSFT,NVDA,TYL,ABBV,BDX,CNC,COO,CVS,DGX,EW,HSIC,MTD,REGN,RVTY,STE,UNH,VEEV,WAT,WST,ZTS,AMZN,APTV,AZO,BBY,CMG,DRI,EXPE,GPC,HAS,HD,MCD,NVR,ORLY,RL,CASY,DG,DLTR,GIS,STZ,TGT,WMT,DTE,ED,NEE,WEC,XEL","AMP,COF,JPM,TFC,USB,WFC,DVN,FANG,HAL,KMI,SLB,TPL,CHRW,CMI,EMR,EXPD,FAST,GD,GNRC,GWW,HII,LDOS,PCAR,PH,RSG,URI,DD,FCX,LYB,MOS,STLD"
2017-06-23,5,4,55,32,55,32,0.5,0.5,1.0,mixed,0.32727272727272727,0.3124999999999999,"ACN,ADBE,ADSK,AMAT,CDNS,LRCX,MCHP,MSFT,NVDA,TRMB,TYL,ABBV,BSX,CNC,COO,CVS,DGX,EW,HSIC,REGN,RVTY,STE,TECH,TMO,UNH,VEEV,WAT,WST,ZTS,AMZN,APTV,AZO,BBY,EXPE,GPC,HD,MCD,MGM,NVR,ORLY,RL,TPR,BF-B,CASY,DG,EL,GIS,STZ,TGT,WMT,DTE,ED,NEE,WEC,XEL","AMP,BAC,COF,JPM,TFC,USB,WFC,DVN,EOG,FANG,HAL,KMI,SLB,TPL,ADP,CHRW,DE,EMR,EXPD,FAST,GD,GNRC,HII,NSC,PCAR,PH,RSG,URI,DD,FCX,LYB,MOS"
2017-06-30,7,2,65,11,65,11,0.5,0.5,1.0,mixed,0.4615384615384615,1.375,"ACN,ADBE,ADSK,AMAT,CTSH,LRCX,MSFT,NOW,NVDA,TRMB,TYL,ABBV,BSX,CNC,COO,CRL,CVS,DGX,EW,HSIC,REGN,RVTY,STE,TECH,TMO,UNH,VEEV,VRTX,WAT,WST,ZTS,CAT,IEX,ITW,AMZN,AZO,BBY,EXPE,GPC,HD,MCD,MGM,NVR,TPR,ULTA,BF-B,CASY,DG,EL,GIS,STZ,TGT,TSN,WMT,DTE,ED,LNT,NEE,WEC,XEL,APD,ECL,LIN,NEM,PKG","AMP,COF,JPM,WFC,DVN,EOG,FANG,HAL,KMI,SLB,VLO"
2017-07-07,7,2,67,8,67,8,0.5,0.5,1.0,mixed,0.2985074626865672,0.5454545454545454,"ACN,ADSK,AMAT,CTSH,FICO,LRCX,MPWR,MSFT,NOW,NVDA,TRMB,TYL,WDAY,ABBV,BSX,CNC,COO,CRL,CVS,DGX,EW,HSIC,JNJ,REGN,STE,TECH,TMO,UNH,VEEV,VRTX,WAT,WST,ZTS,CAT,IEX,ITW,AMZN,BBY,EXPE,GPC,HLT,LULU,MCD,MGM,NVR,TPR,ULTA,BF-B,CASY,DG,EL,GIS,MNST,STZ,TGT,TSN,DTE,ED,LNT,SO,XEL,ALB,ECL,LIN,NEM,PKG,SW","AMP,WFC,DVN,EOG,FANG,HAL,KMI,SLB"
2017-07-14,7,2,55,10,55,10,0.5,0.5,1.0,mixed,0.7462686567164178,1.8,"APA,PSX,TPL,XOM,ABBV,ALGN,BSX,CNC,CRL,CVS,GILD,HSIC,JNJ,REGN,STE,TECH,TMO,UNH,VEEV,VRTX,WST,ZTS,AXON,CAT,GE,ITW,J,AMZN,BBY,DPZ,EXPE,GPC,HLT,LULU,MGM,NVR,TPR,TSCO,YUM,BF-B,CASY,DG,EL,GIS,MNST,STZ,TGT,DTE,LNT,XEL,ECL,NEM,PKG,SW,VMC","ADBE,CSCO,HPQ,IBM,KLAC,STX,SWKS,TER,TXN,AMP"
2017-07-21,7,2,50,8,50,8,0.5,0.5,1.0,mixed,0.5454545454545455,0.6000000000000001,"APA,PSX,TPL,ABBV,ALGN,BAX,BMY,CNC,CRL,CVS,GILD,HSIC,ISRG,JNJ,TECH,ZTS,AXON,CAT,DE,GE,ITW,J,JCI,BBY,DPZ,EXPE,GPC,HLT,LULU,MGM,NVR,TPR,TSCO,WYNN,YUM,BF-B,CASY,DG,EL,GIS,KO,MNST,PEP,STZ,TAP,TGT,BALL,NEM,PKG,SW","ADBE,CSCO,HPQ,IBM,KLAC,TER,TXN,GL"
2017-07-28,6,3,37,14,37,14,0.5,0.5,1.0,mixed,0.9600000000000002,1.1428571428571428,"APA,TPL,ALGN,BAX,BMY,CNC,CRL,CVS,IQV,ISRG,PODD,TECH,AME,AXON,CAT,DE,FDX,GE,GWW,J,JCI,TDG,CASY,CHD,DG,EL,GIS,HRL,KO,MNST,SJM,TAP,CMS,EVRG,NEM,PKG,SW","ADBE,AKAM,GEN,HPQ,KLAC,STX,TER,TXN,COF,GL,CMG,TJX,TSLA,WSM"
2017-08-04,6,3,37,14,37,14,0.5,0.5,1.0,mixed,0.4864864864864865,0.2857142857142857,"CVX,WMB,ABBV,ABT,BMY,CNC,CRL,MTD,PODD,RMD,RVTY,TECH,AME,AXON,CAT,FDX,GE,GWW,J,JBHT,JCI,TDG,CASY,CHD,DG,EL,GIS,HRL,KO,MNST,SJM,STZ,TAP,CMS,EVRG,NEM,PKG","ADBE,AKAM,FFIV,KLAC,STX,TER,TXN,COF,GL,CMG,DRI,TJX,TSLA,WSM"
2017-08-11,6,3,37,13,37,13,0.5,0.5,1.0,mixed,0.3783783783783784,0.7142857142857144,"CVX,OKE,WMB,ABT,BMY,CNC,CRL,PODD,RMD,RVTY,AXON,CAT,FDX,GE,GWW,J,JBHT,JCI,PAYX,TDG,DG,EL,GIS,HRL,KO,MNST,SJM,STZ,TAP,TSN,WMT,ED,EVRG,NRG,AVY,NEM,PKG","ADBE,FFIV,KLAC,STX,TER,COF,EG,GL,USB,CMG,SBUX,TSLA,ULTA"
2017-08-18,6,3,37,15,37,15,0.5,0.5,1.0,mixed,0.16216216216216217,0.2666666666666667,"CVX,OKE,SLB,TPL,WMB,ABT,BMY,CNC,PODD,RMD,AXON,CAT,FDX,GE,GWW,J,JBHT,JCI,PAYX,TDG,DG,GIS,HRL,KO,MNST,SJM,STZ,TAP,TSN,WMT,ED,EVRG,NRG,AVY,MOS,NEM,PKG","ADBE,FFIV,KLAC,STX,TER,COF,EG,GL,USB,WFC,WRB,CMG,SBUX,TSLA,ULTA"
2017-08-25,4,5,19,27,19,27,0.5,0.5,1.0,mixed,1.2972972972972971,1.1851851851851851,"EQT,OKE,SLB,TPL,WMB,ABT,BMY,COO,IQV,LH,PODD,REGN,STE,ED,EVRG,NRG,AVY,MOS,NEM","ADBE,JBL,KLAC,STX,TER,EG,GL,WFC,WRB,AME,BA,ETN,ITW,ROK,ROL,UAL,UNP,CMG,LOW,MAR,ROST,SBUX,ULTA,COST,MDLZ,MKC,PM"
2017-09-01,4,5,18,30,18,30,0.5,0.5,1.0,mixed,0.3157894736842104,0.33333333333333326,"EQT,OKE,SLB,TPL,WMB,ABT,BDX,IQV,LH,PFE,PODD,REGN,STE,EVRG,NRG,AVY,MOS,NEM","ADBE,JBL,KLAC,STX,BEN,EG,WFC,WRB,AME,BA,ETN,ITW,PH,ROK,ROL,UAL,UNP,CMG,EXPE,LOW,MAR,MCD,ROST,SBUX,ULTA,WYNN,COST,MDLZ,MKC,PM"
2017-09-08,4,5,20,34,20,34,0.5,0.5,1.0,mixed,0.3999999999999998,0.5882352941176471,"EQT,OKE,PSX,SLB,TPL,WMB,BDX,DXCM,IQV,LH,PFE,PODD,STE,ATO,EVRG,NEE,NRG,AVY,MOS,NEM","ADBE,FTNT,GLW,KLAC,STX,AIG,AMP,BEN,BX,EG,NTRS,USB,WFC,WRB,AME,ETN,FIX,ITW,PH,ROK,RSG,UAL,WAB,CMG,EXPE,LOW,MCD,SBUX,ULTA,WYNN,COST,MDLZ,MKC,PM"
2017-09-15,4,5,16,37,16,37,0.5,0.5,1.0,mixed,0.5999999999999999,0.4864864864864865,"EQT,PSX,SLB,TPL,WMB,CNC,DXCM,IQV,LH,PFE,PODD,AEE,ATO,NRG,MOS,NEM","ADBE,AMAT,AVGO,FTNT,GLW,KLAC,NOW,PTC,STX,AIG,BEN,BX,EG,NTRS,USB,WFC,WRB,AME,DAL,FIX,ITW,PH,RSG,UAL,WAB,APTV,DPZ,EXPE,HAS,MCD,SBUX,ULTA,WYNN,KMB,MDLZ,MKC,PM"
2017-09-22,4,5,14,38,14,38,0.5,0.5,1.0,mixed,0.37499999999999994,0.26315789473684215,"EQT,SLB,TPL,CNC,DXCM,IQV,LH,PFE,PODD,AEE,NRG,DD,MOS,NEM","ADBE,AMAT,AVGO,FTNT,GLW,NOW,PTC,STX,AIG,BEN,BX,EG,NTRS,SCHW,USB,WFC,WRB,AME,AXON,DAL,FIX,ITW,LUV,PH,RSG,RTX,UAL,WAB,DPZ,EXPE,HAS,MCD,ULTA,WYNN,KMB,MDLZ,MO,PM"
2017-09-29,4,5,13,40,13,40,0.5,0.5,1.0,mixed,0.5714285714285714,0.29999999999999993,"EQT,SLB,TPL,CNC,CRL,GILD,IQV,PFE,AEE,CNP,DD,MOS,NEM","ADBE,AMAT,AVGO,CIEN,FTNT,GLW,MPWR,NOW,PTC,TRMB,TYL,AIG,BEN,BX,EG,NTRS,PRU,SCHW,WRB,AME,AXON,DAL,FIX,ITW,LUV,PH,RSG,RTX,UAL,WAB,DPZ,EXPE,HAS,MCD,WYNN,CHD,KMB,MDLZ,MO,PM"
2017-10-06,4,5,12,40,12,40,0.5,0.5,1.0,mixed,0.4615384615384614,0.25,"SLB,TPL,CNC,CVS,GILD,IQV,PFE,AEE,CNP,LNT,DD,NEM","ADBE,AVGO,CIEN,FLEX,FTNT,GLW,MPWR,NOW,PTC,TRMB,TYL,AIG,AIZ,BEN,BX,EG,NTRS,PRU,SCHW,TRV,WRB,AXON,DAL,FIX,ITW,LUV,RTX,UAL,WAB,AMZN,DPZ,EXPE,HAS,MCD,MGM,CHD,KMB,MDLZ,MO,PM"
2017-10-13,5,4,19,29,19,29,0.5,0.5,1.0,mixed,1.0526315789473684,0.7999999999999999,"CRM,CSCO,HPQ,INTU,ON,SNPS,TDY,VRSN,TPL,GILD,IQV,PFE,AEE,CNP,LNT,PEG,ALB,DD,NEM","AIG,AIZ,APO,BEN,EG,NTRS,PFG,PRU,SCHW,TRV,WRB,AXON,DAL,EFX,ITW,LUV,RTX,TT,UAL,DPZ,DRI,EXPE,HAS,MCD,MGM,CHD,KMB,MO,PM"
2017-10-20,5,4,27,29,27,29,0.5,0.5,1.0,mixed,0.8148148148148147,0.27586206896551724,"ACN,APH,CRM,CSCO,HPQ,INTU,MCHP,MU,ON,SNPS,TDY,TXN,COP,OKE,TPL,BIIB,BMY,GILD,IQV,AEE,CNP,LNT,PEG,SO,ALB,AVY,DD","AIG,AIZ,APO,BEN,EG,ERIE,PFG,PRU,SCHW,TRV,WRB,AXON,DAL,EFX,LUV,RTX,TT,UAL,AMZN,CMG,DRI,EXPE,HAS,MCD,MGM,CHD,KMB,PM,STZ"
2017-10-27,5,4,27,26,27,26,0.5,0.5,1.0,mixed,0.2222222222222222,0.4827586206896553,"ACN,APH,CRM,GEN,HPQ,LRCX,MCHP,MU,ON,SNPS,TDY,TXN,COP,OKE,BIIB,BMY,GILD,IQV,LLY,AEE,CNP,LNT,PEG,SO,ALB,AVY,DD","AIG,AIZ,APO,EG,ERIE,PFG,PRU,TRV,AXON,DAL,EFX,RTX,TT,UAL,VRSK,CMG,DRI,EXPE,HAS,NKE,SBUX,ULTA,CHD,KMB,PM,STZ"
2017-11-03,5,4,36,22,36,22,0.5,0.5,1.0,mixed,0.6666666666666669,0.5384615384615383,"AMAT,APH,CDNS,CRM,FSLR,GEN,HPQ,LRCX,MCHP,MRVL,MU,ON,SNPS,TDY,TER,TXN,COP,A,BIIB,BMY,GILD,IQV,LLY,PODD,AEE,AWK,CNP,ETR,LNT,PEG,SO,WEC,ALB,CF,CRH,DD","AIG,AIZ,APO,EG,ERIE,L,PFG,TRV,EFX,NDSN,RTX,TT,VRSK,DRI,HAS,NKE,ULTA,CHD,EL,KMB,PM,STZ"
2017-11-10,6,3,51,18,51,18,0.5,0.5,1.0,mixed,0.823529411764706,0.9090909090909088,"ACN,AMAT,APH,CRM,FSLR,GEN,HPQ,LRCX,MCHP,MRVL,MU,ON,SNPS,TDY,TER,TXN,COP,A,BIIB,BMY,BSX,IQV,MTD,PODD,TMO,AOS,BR,CPRT,CTAS,EME,EMR,GE,LDOS,LMT,NSC,ODFL,PAYX,PH,ROK,SWK,URI,XYL,AEE,AWK,ETR,SO,WEC,ALB,CF,CRH,DD","ACGL,AIG,AIZ,APO,EG,ERIE,L,PGR,RJF,STT,BBY,BKNG,DRI,NKE,CHD,EL,KMB,STZ"
2017-11-17,4,5,34,35,34,35,0.5,0.5,1.0,mixed,0.8627450980392157,1.1428571428571426,"ACN,AMAT,APH,HPQ,INTC,LRCX,MRVL,MU,ON,TDY,TEL,TER,TXN,COP,OXY,AOS,BR,CTAS,EME,GE,ITW,LDOS,NOC,NSC,ODFL,PAYX,PH,ROK,SWK,URI,XYL,ALB,CF,CRH","ACGL,AIG,AIZ,CINF,EG,ERIE,L,NDAQ,PGR,STT,BAX,COO,DGX,DXCM,HCA,INCY,ISRG,LH,MCK,MDT,PODD,BBY,BKNG,DRI,NKE,YUM,BG,CHD,EL,MDLZ,STZ,ATO,NEE,PNW,PPL"
2017-11-24,4,5,33,32,33,32,0.5,0.5,1.0,mixed,0.3529411764705884,0.4571428571428572,"ACN,AMAT,COHR,INTC,LRCX,MRVL,MU,ON,PTC,TDY,TEL,TER,TXN,COP,FANG,HAL,OXY,AOS,BR,EME,GE,HII,ITW,NSC,ODFL,PAYX,PH,ROK,SWK,URI,XYL,CF,CRH","ACGL,AIG,AIZ,BEN,CINF,ERIE,L,NDAQ,NTRS,STT,BAX,COO,COR,DGX,DXCM,HCA,INCY,LH,MCK,MDT,PODD,RVTY,BBY,BKNG,YUM,BG,CHD,EL,KMB,ATO,PNW,PPL"
2017-12-01,3,6,22,38,22,38,0.5,0.5,1.0,mixed,0.909090909090909,0.5789473684210527,"ACN,AMAT,COHR,INTC,LRCX,MPWR,MRVL,MU,NTAP,ON,PTC,TEL,TER,TXN,COP,FANG,HAL,OXY,CF,CRH,LYB,VMC","ACGL,AIG,BEN,CBOE,CINF,ERIE,L,NDAQ,NTRS,STT,BAX,CNC,COO,COR,CVS,DXCM,INCY,LH,MCK,MDT,PODD,CAT,GD,GE,LMT,RSG,UAL,BBY,BKNG,YUM,BG,CHD,EL,KDP,KMB,PCG,PNW,PPL"
2017-12-08,4,5,27,25,27,25,0.5,0.5,1.0,mixed,0.8888888888888888,0.9473684210526316,"ACN,COHR,INTC,MRVL,NTAP,PTC,TDY,TEL,TER,AJG,BAC,FDS,GL,IBKR,JPM,MET,WFC,WRB,APA,COP,EOG,FANG,HAL,OXY,CF,LYB,VMC","BAX,COO,CVS,HSIC,INCY,MCK,PODD,STE,VEEV,CAT,DAL,GD,GE,LMT,RSG,UAL,BBY,BKNG,EXPE,YUM,BG,CHD,KMB,PCG,PPL"
2017-12-15,5,4,43,20,43,20,0.5,0.5,1.0,mixed,0.8837209302325583,0.6400000000000001,"ACN,ADBE,COHR,FTNT,INTC,NTAP,PTC,TDY,TEL,TER,BAC,CME,FDS,GL,IBKR,JPM,MS,NTRS,RF,SCHW,TROW,WFC,WRB,APA,COP,EOG,FANG,HAL,OXY,AMZN,GRMN,HLT,LEN,LVS,MAR,PHM,SBUX,TJX,ULTA,CF,LYB,NUE,VMC","AMGN,BAX,COO,CRL,CVS,HSIC,INCY,PODD,CAT,DAL,GD,LMT,RSG,UAL,BG,CHD,KMB,CNP,PCG,PPL"
2017-12-22,5,4,43,16,43,16,0.5,0.5,1.0,mixed,0.23255813953488375,0.7,"ACN,ADBE,COHR,FTNT,INTC,NTAP,TDY,TEL,TER,BAC,CME,FDS,GL,IBKR,JPM,MS,NTRS,PFG,PRU,RF,SCHW,WFC,WRB,APA,COP,EOG,FANG,OXY,AMZN,DHI,LEN,LVS,MAR,PHM,SBUX,TJX,ULTA,CF,LYB,MLM,NUE,SHW,VMC","ABBV,AMGN,BAX,COO,CRL,HSIC,PODD,CAT,GD,LHX,LMT,BG,KMB,KO,CNP,PPL"
2017-12-29,5,4,43,19,43,19,0.5,0.5,1.0,mixed,0.3255813953488372,0.631578947368421,"ACN,ADBE,COHR,FLEX,FTNT,INTC,MSI,NTAP,TDY,TEL,TXN,BAC,CME,CPAY,FDS,GL,IBKR,JPM,MS,NTRS,PFG,PRU,RF,SCHW,WRB,APA,FANG,MPC,OXY,AMZN,GPC,LEN,LVS,MAR,PHM,TJX,CF,LYB,MLM,NUE,SHW,STLD,VMC","ABBV,AMGN,BAX,BSX,COO,CRL,PODD,CAT,GD,LHX,TT,XYL,ADM,BF-B,BG,KO,STZ,CNP,PPL"
2018-01-05,5,4,39,26,39,26,0.5,0.5,1.0,mixed,0.6976744186046512,1.0769230769230769,"ACN,ANET,COHR,MRVL,MSI,NTAP,TDY,TEL,TXN,BAC,CME,COF,CPAY,FDS,GL,IBKR,JPM,NTRS,PFG,PRU,RF,SCHW,WRB,APA,FANG,HAL,MPC,OXY,AMZN,GPC,LVS,MAR,COST,DLTR,GIS,HRL,SJM,SYY,TAP","ABBV,AMGN,BAX,BMY,BSX,CRL,DGX,MTD,TMO,ALLE,CAT,GD,LHX,ROL,TT,XYL,CNP,NEE,PPL,ALB,AMCR,BALL,DD,IP,NEM,PKG"
2018-01-12,4,5,32,36,32,36,0.5,0.5,1.0,mixed,0.5641025641025642,0.9444444444444444,"AIZ,BAC,CME,COF,CPAY,FITB,GL,IBKR,JPM,KEY,NTRS,PFG,PRU,RF,SCHW,WRB,APA,FANG,HAL,MPC,OXY,AMZN,GPC,MAR,CLX,COST,DLTR,GIS,HRL,SJM,SYY,TAP","ADSK,AMAT,CTSH,GEN,HPQ,LRCX,MCHP,SMCI,SWKS,TRMB,WDAY,WDC,ZBRA,ABBV,BAX,BMY,BSX,CRL,MTD,TMO,ALLE,CAT,CMI,DOV,GD,LHX,ROL,TT,CNP,LNT,ALB,AMCR,BALL,DD,ECL,NEM"
2018-01-19,5,4,42,26,42,26,0.5,0.5,1.0,mixed,0.9523809523809524,0.8333333333333334,"BAC,CME,COF,CPAY,FITB,JPM,KEY,PRU,RF,SCHW,APA,BKR,HAL,MPC,BLDR,CPRT,DE,EFX,FAST,FDX,MAS,NDSN,NSC,PH,RTX,UAL,UNP,URI,VRSK,BBY,GRMN,MAR,TJX,CLX,COST,DG,DLTR,GIS,HRL,SJM,SYY,TAP","ADSK,AMAT,CTSH,GEN,HPQ,LRCX,MCHP,MPWR,MU,ORCL,SWKS,TRMB,WDAY,WDC,ABBV,BAX,BMY,BSX,MTD,AEE,LNT,SRE,ALB,AMCR,BALL,ECL"
2018-01-26,5,4,39,31,39,31,0.5,0.5,1.0,mixed,0.42857142857142855,0.5161290322580646,"BAC,CME,COF,FITB,HBAN,KEY,NTRS,PRU,RF,SCHW,APA,BKR,EOG,HAL,MPC,BLDR,CPRT,DAL,DE,EFX,FDX,MAS,NSC,PH,RTX,UAL,UNP,URI,AZO,BBY,CLX,COST,DG,DLTR,GIS,SJM,SYY,TAP,TSN","ADI,ADSK,AMAT,CTSH,HPQ,IT,LRCX,MCHP,MPWR,MU,ORCL,SNPS,SWKS,TRMB,WDAY,WDC,ABBV,ALGN,BMY,BSX,MTD,PODD,REGN,AEE,EIX,LNT,SO,SRE,ALB,AMCR,BALL"
2018-02-02,5,4,35,36,35,36,0.5,0.5,1.0,mixed,0.41025641025641024,0.5555555555555555,"BAC,FITB,HBAN,KEY,PRU,RF,SCHW,APA,BKR,EOG,HAL,MPC,BLDR,CPRT,DAL,EFX,FDX,JCI,MAS,NSC,PH,RTX,UAL,UNP,URI,BBY,CHD,COST,DG,DLTR,GIS,KR,SYY,TAP,TGT","ADI,ADSK,AMAT,CTSH,IT,JBL,LRCX,MCHP,MPWR,MU,ORCL,SNPS,SWKS,TDY,WDAY,WDC,A,ABBV,ALGN,BMY,BSX,CRL,ISRG,LLY,MTD,PODD,REGN,AEE,EIX,LNT,PPL,SO,ALB,AVY,DD,PPG"
2018-02-09,5,4,32,35,32,35,0.5,0.5,1.0,mixed,0.5714285714285714,0.3888888888888889,"ARES,BAC,FITB,HBAN,JPM,KEY,MTB,PNC,APA,BKR,HAL,DAL,EFX,EMR,FDX,JCI,NSC,RTX,UAL,UNP,URI,BBY,DRI,TSCO,CHD,DG,DLTR,GIS,KR,SYY,TAP,TGT","ADSK,AMAT,AVGO,CDNS,JBL,LRCX,MCHP,MPWR,MU,ORCL,SNPS,TDY,VRSN,WDAY,A,ALGN,BMY,BSX,CRL,LLY,MTD,PODD,REGN,AEE,DUK,EIX,LNT,PPL,SO,ALB,AVY,DD,IFF,PKG,PPG"
2018-02-16,5,4,24,30,24,30,0.5,0.5,1.0,mixed,0.6874999999999999,0.4571428571428571,"ARES,FITB,HBAN,JPM,KEY,MTB,PNC,APA,BKR,HAL,EFX,EMR,JCI,URI,BBY,DRI,LOW,BG,CHD,GIS,KDP,KR,TAP,TGT","ADSK,AMAT,AVGO,CDNS,JBL,LRCX,MPWR,MU,ORCL,SNPS,TDY,VRSN,A,ALGN,CI,LLY,MTD,PODD,REGN,AEE,AWK,DUK,LNT,PPL,SO,WEC,ALB,DD,IFF,PPG"
2018-02-23,5,5,28,29,28,29,0.5,0.5,1.0,mixed,0.4285714285714285,0.19999999999999998,"ARES,FITB,HBAN,JPM,KEY,KKR,MTB,PNC,RF,APA,BKR,HAL,TPL,BA,EMR,PWR,TXT,URI,BBY,DRI,LOW,BG,CHD,GIS,KDP,KR,TAP,TGT","AMAT,AVGO,CDNS,LRCX,MPWR,MU,ORCL,SNPS,TDY,VRSN,A,ALGN,BDX,CI,JNJ,LLY,MTD,PODD,REGN,AEE,AWK,DUK,LNT,SO,WEC,ALB,DD,IFF,PPG"
2018-03-02,5,5,29,32,29,32,0.5,0.5,1.0,mixed,0.4827586206896552,0.3125,"ARES,FITB,HBAN,JPM,KKR,MS,MTB,PNC,RF,USB,APA,BKR,FANG,HAL,TPL,AXON,BA,JCI,TXT,BBY,DPZ,DRI,BG,CHD,KDP,KR,SJM,TAP,TGT","AMAT,AVGO,CDNS,FSLR,LRCX,MPWR,MSFT,MU,ORCL,SNPS,TDY,TER,VRSN,A,BDX,CI,JNJ,LLY,MTD,PODD,REGN,SYK,WST,AEE,AWK,DUK,LNT,SO,WEC,ALB,IFF,PPG"
2018-03-09,5,5,29,33,29,33,0.5,0.5,1.0,mixed,0.4137931034482759,0.36363636363636376,"ARES,CINF,FITB,HBAN,JPM,KKR,MS,MTB,PNC,RF,TFC,USB,APA,HAL,TPL,AXON,BA,DE,JCI,RSG,TXT,DECK,DPZ,BG,COST,KDP,SJM,TAP,TGT","AAPL,AVGO,CDNS,COHR,LRCX,MPWR,MSFT,ORCL,SNPS,TDY,VRSN,A,BDX,CI,JNJ,LLY,MTD,PODD,REGN,WST,AEE,AWK,DUK,LNT,NI,PEG,PNW,SO,WEC,ALB,CF,IFF,PPG"
2018-03-16,5,5,30,33,30,33,0.5,0.5,1.0,mixed,0.2,0.42424242424242425,"ARES,CINF,FITB,GS,HBAN,JPM,KKR,MS,MTB,PNC,RF,SCHW,TFC,USB,APA,TPL,AXON,BA,JCI,RSG,TXT,DECK,DPZ,BG,COST,KDP,KMB,SJM,TAP,TGT","AAPL,AVGO,CDNS,COHR,FLEX,GLW,MRVL,ORCL,SNPS,TDY,TRMB,TXN,A,BDX,BSX,CI,JNJ,LLY,MTD,REGN,WST,AEE,AWK,DUK,LNT,NI,PEG,PNW,SO,ALB,CF,IFF,LYB"
2018-03-23,3,7,20,42,20,42,0.5,0.5,1.0,mixed,0.9333333333333333,0.7142857142857143,"ACGL,AIG,ARES,CINF,FITB,GS,HBAN,MS,MTB,RF,SCHW,TFC,AXON,BA,JCI,LMT,TXT,DECK,DPZ,EXPE","AAPL,ACN,AVGO,CDNS,COHR,FLEX,GLW,MRVL,NTAP,SNPS,TDY,TRMB,CVX,EQT,OXY,XOM,A,ABBV,CI,JNJ,LLY,MDT,REGN,WST,CLX,DLTR,HSY,PEP,PG,WMT,AEP,AWK,DUK,LNT,NI,PEG,PNW,SO,ALB,CF,IFF,LYB"
2018-03-30,4,6,40,29,40,29,0.5,0.5,1.0,mixed,1.1999999999999997,0.8571428571428573,"ADBE,ADI,CRM,FICO,FTNT,IBM,INTU,MSI,NOW,NVDA,NXPI,ORCL,PANW,PTC,TYL,WDAY,WDC,ZBRA,ACGL,AIG,BAC,FITB,GPN,GS,HBAN,MSCI,MTB,RF,TFC,AXON,BA,GD,JCI,LMT,PCAR,ROL,TXT,DECK,DPZ,EXPE","CVX,EQT,OXY,XOM,A,ABBV,CI,JNJ,LLY,MDT,REGN,WST,CLX,DG,DLTR,GIS,PEP,PG,WMT,AEP,AWK,ES,EXC,NI,PEG,ALB,CF,DD,LYB"
2018-04-06,6,4,47,19,47,19,0.5,0.5,1.0,mixed,0.5531914893617023,0.8965517241379309,"ADBE,CRM,FICO,FTNT,IBM,INTU,MSI,NOW,NXPI,ORCL,PANW,PTC,TYL,WDAY,WDC,ZBRA,ACGL,AIG,AJG,BAC,GPN,GS,MA,MSCI,MTB,RF,SPGI,TFC,USB,AXON,GD,GE,HII,JCI,LHX,LMT,NOC,ROL,TXT,DECK,DPZ,EXPE,LULU,EIX,FE,NEE,SRE","CVX,DVN,EQT,A,BIIB,CI,JNJ,MCK,MDT,WST,CLX,DG,DLTR,GIS,PEP,WMT,CF,DD,LYB"
2018-04-13,5,5,41,29,41,29,0.5,0.5,1.0,mixed,0.7234042553191491,1.0344827586206897,"ADBE,AMAT,CRM,FTNT,IBM,INTU,MSI,NOW,ORCL,PANW,PTC,SWKS,TYL,WDAY,WDC,ZBRA,ACGL,AIG,AIZ,AJG,CB,CFG,GPN,GS,JPM,MA,MCO,MSCI,PGR,RF,SPGI,TFC,USB,V,DPZ,EBAY,EXPE,HAS,EIX,FE,SRE","CVX,DVN,A,BIIB,CI,MCK,WST,CAT,DOV,FDX,HON,MAS,NSC,PCAR,PH,PWR,ROK,SNA,SWK,UPS,DG,DLTR,GIS,SYY,WMT,ALB,CF,DD,LYB"
2018-04-20,5,5,41,30,41,30,0.5,0.5,1.0,mixed,0.34146341463414637,0.4666666666666667,"ADBE,ADSK,CRM,FICO,FTNT,GEN,IBM,INTU,MSI,MU,NOW,PANW,PTC,SWKS,TYL,WDAY,WDC,ACGL,AIZ,AJG,CB,CFG,FISV,GPN,GS,JPM,MA,MCO,MSCI,NDAQ,PGR,PNC,RF,SPGI,TFC,USB,V,DPZ,HAS,EIX,SRE","CVX,DVN,WMB,A,BIIB,CI,CVS,MCK,MTD,PODD,CAT,HON,MMM,NSC,PCAR,PH,PNR,PWR,ROK,SNA,DG,DLTR,GIS,SYY,WMT,ALB,CF,DD,LYB,VMC"
2018-04-27,4,6,21,37,21,37,0.5,0.5,1.0,mixed,1.170731707317073,0.8648648648648649,"ADBE,ADSK,CRM,GEN,IBM,INTU,JBL,MSI,MU,PANW,PTC,SWKS,TYL,WDAY,BKNG,DPZ,HAS,TJX,WYNN,EIX,SRE","AMP,APO,C,HIG,JPM,WFC,WTW,DVN,EOG,FANG,WMB,XOM,A,BIIB,CI,MCK,MTD,CAT,DE,HUBB,MMM,PCAR,PNR,SNA,DG,DLTR,GIS,HSY,PG,WMT,ALB,CF,DD,FCX,IP,LYB,VMC"
2018-05-04,5,5,24,37,24,37,0.5,0.5,1.0,mixed,0.6666666666666665,0.3783783783783784,"ADI,ADSK,AVGO,CRM,GEN,IBM,INTC,INTU,JBL,KEYS,MU,PANW,SWKS,TYL,WDAY,EQT,BKNG,HAS,TJX,WYNN,ATO,EIX,LNT,NRG","AMP,APO,C,HIG,IVZ,JPM,WFC,WTW,A,BIIB,CI,MCK,MTD,ZBH,BLDR,CAT,CPRT,DE,EMR,HUBB,MAS,MMM,PCAR,PNR,SNA,DG,DLTR,GIS,WMT,ALB,CF,DD,FCX,IP,LYB,STLD,VMC"
2018-05-11,4,6,17,43,17,43,0.5,0.5,1.0,mixed,0.9166666666666666,0.7441860465116281,"ADI,ADSK,AVGO,INTC,INTU,JBL,MCHP,MU,PANW,VRSN,EQT,PSX,ATO,EIX,EVRG,LNT,NRG","AMP,APO,C,CFG,IVZ,JPM,RF,WFC,WTW,A,ABBV,ALGN,CI,MTD,ZBH,BA,BLDR,DE,EMR,HUBB,MAS,MMM,ODFL,PCAR,SNA,AZO,GPC,HLT,LEN,LOW,LVS,MGM,RCL,CASY,GIS,ALB,CF,DD,FCX,IFF,IP,LYB,STLD"
2018-05-18,4,6,18,44,18,44,0.5,0.5,1.0,mixed,0.4444444444444444,0.2727272727272727,"AAPL,ADI,ADSK,AVGO,FFIV,INTC,INTU,JBL,MCHP,VRSN,EQT,PSX,ATO,CMS,DUK,EVRG,LNT,NRG","AMP,APO,C,CFG,IVZ,JPM,RF,WFC,WTW,A,ABBV,ALGN,CI,JNJ,MTD,WST,ZBH,BA,BLDR,DE,HUBB,MAS,MMM,ODFL,PCAR,URI,DRI,GPC,HLT,LOW,MGM,RCL,CASY,GIS,KR,TAP,ALB,CF,DD,FCX,IFF,IP,LYB,STLD"
2018-05-25,5,5,24,27,24,27,0.5,0.5,1.0,mixed,0.8333333333333331,1.0454545454545452,"AAPL,ADI,AVGO,FFIV,INTU,MCHP,TYL,VRSN,ZBRA,APA,KMI,PSX,TRGP,HRL,KMB,KO,STZ,AEE,ATO,CMS,DUK,EVRG,LNT,NRG","APO,ARES,CFG,FITB,IVZ,JPM,RF,WTW,A,ABBV,AMGN,CAH,MTD,BA,BLDR,DE,HUBB,ITW,MAS,MMM,SWK,URI,DRI,MGM,RCL,IFF,IP"
2018-06-01,5,5,26,27,26,27,0.5,0.5,1.0,mixed,0.23076923076923067,0.37037037037037035,"AAPL,ADI,AVGO,FFIV,INTU,PTC,TYL,VRSN,ZBRA,APA,KMI,OXY,PSX,TRGP,HRL,HSY,KMB,KO,STZ,AEE,ATO,CMS,DUK,EVRG,LNT,NRG","APO,ARES,CFG,FITB,JPM,RF,WTW,A,ABBV,CAH,EW,GILD,MTD,BA,BLDR,DE,HUBB,ITW,MAS,MMM,SWK,URI,EBAY,LEN,MGM,RCL,CF"
2018-06-08,5,5,29,32,29,32,0.5,0.5,1.0,mixed,0.41379310344827597,0.6249999999999998,"AAPL,ADI,AVGO,FFIV,FICO,FTNT,INTU,MSI,PTC,TYL,VRSN,ZBRA,APA,OKE,OXY,PSX,HRL,HSY,KO,MO,STZ,AEE,ATO,CMS,DUK,EVRG,LNT,NRG,XEL","ARES,BAC,BLK,CFG,FITB,GS,JPM,RF,A,ABBV,BMY,CAH,ELV,EW,GILD,RMD,BA,DE,HUBB,ITW,MAS,MMM,SWK,URI,EBAY,LEN,MAR,MGM,RCL,FCX,PPG,SHW"
2018-06-15,5,5,28,41,28,41,0.5,0.5,1.0,mixed,0.2758620689655172,0.5365853658536586,"AAPL,ADI,AVGO,FFIV,FICO,FTNT,INTU,KEYS,MSI,PANW,TYL,VRSN,ZBRA,APA,OKE,OXY,PSX,HSY,KO,MO,STZ,AEE,CMS,DUK,EVRG,NRG,PNW,XEL","ARES,BAC,BLK,CFG,CME,FITB,GS,HBAN,JPM,RF,TFC,TRV,A,ABBV,BMY,CAH,ELV,EW,GILD,RMD,VRTX,BA,BLDR,CAT,DE,HUBB,ITW,LHX,MAS,NOC,SWK,URI,XYL,EBAY,LEN,MAR,MGM,FCX,PPG,SHW,STLD"
2018-06-22,4,6,21,55,21,55,0.5,0.5,1.0,mixed,0.8571428571428571,0.6545454545454547,"AAPL,CDNS,CDW,FFIV,FICO,FTNT,GEN,KEYS,KLAC,MPWR,TYL,VRSN,APA,OKE,OXY,PSX,AEE,CMS,DUK,EVRG,NRG","ARES,BAC,BLK,CFG,CME,FITB,GS,JPM,MSCI,PNC,RF,SPGI,TRV,A,BIIB,BMY,CAH,ELV,EW,GILD,HCA,RMD,TECH,VRTX,WAT,ZTS,BA,BLDR,BR,CAT,DE,HUBB,ITW,LHX,MAS,NOC,SWK,URI,XYL,EBAY,LEN,MAR,MGM,RL,DG,MKC,MO,PM,TAP,WMT,AVY,BALL,FCX,PPG,SHW"
2018-06-29,6,4,38,42,38,42,0.5,0.5,1.0,mixed,1.1578947368421053,0.7999999999999998,"CDNS,CDW,COHR,FFIV,FICO,GEN,KEYS,MPWR,SNPS,TYL,VRSN,APA,OKE,OXY,PSX,ALGN,BAX,CNC,DXCM,HUM,IDXX,INCY,ISRG,LLY,MCK,MDT,UNH,VEEV,WST,AEE,AES,EVRG,NRG,ALB,CRH,LIN,MOS,VMC","AJG,ARES,BAC,BLK,CME,FITB,GS,JPM,MS,MSCI,PNC,RF,SPGI,TRV,AOS,AXON,BLDR,BR,CAT,DE,ITW,LDOS,LHX,NOC,ODFL,SWK,URI,VRSK,XYL,EBAY,GPC,LEN,MAR,MGM,RL,DG,GIS,MKC,MO,PM,TAP,WMT"
2018-07-06,7,3,39,36,39,36,0.5,0.5,1.0,mixed,0.6666666666666665,0.6666666666666666,"ADI,AMD,CDNS,CDW,COHR,FICO,GEN,MPWR,SNPS,TRMB,VRSN,APA,OXY,ALGN,BSX,CNC,CVS,IDXX,ISRG,LLY,MDT,SYK,UNH,VEEV,WST,ZBH,ADM,CHD,GIS,AEE,EXC,NI,NRG,ALB,CRH,LIN,MLM,MOS,VMC","AJG,BAC,BRK-B,CINF,CME,FITB,GS,JPM,MS,MSCI,PNC,RF,SPGI,TRV,ALLE,AOS,AXON,BLDR,BR,DE,HII,LDOS,LHX,LMT,NOC,SWK,URI,VRSK,XYL,AMZN,EBAY,MAR,MGM,RL,SBUX,YUM"
2018-07-13,7,3,29,31,29,31,0.5,0.5,1.0,mixed,0.717948717948718,0.49999999999999994,"AMD,CDNS,CDW,FICO,IT,MPWR,SNPS,TRMB,VRSN,APA,OXY,TPL,ALGN,BSX,IDXX,ISRG,LLY,MDT,VEEV,WST,GIS,KR,AEE,D,NI,LIN,MLM,MOS,VMC","AJG,BAC,BRK-B,CINF,FITB,JPM,MS,MSCI,PNC,RF,SPGI,TRV,AOS,AXON,BR,DE,HII,LDOS,LHX,PNR,SWK,VRSK,XYL,BBY,EBAY,MAR,RL,SBUX,TPR,WYNN,YUM"
2018-07-20,7,3,26,36,26,36,0.5,0.5,1.0,mixed,0.48275862068965525,0.5555555555555555,"AMD,CDNS,CDW,FICO,GLW,MPWR,TRMB,VRSN,TPL,ALGN,BSX,ISRG,LLY,MDT,WST,CLX,GIS,KMB,KR,AEE,D,NI,CF,LIN,MLM,VMC","BAC,BRK-B,CINF,FITB,JPM,MS,PNC,RF,SCHW,SPGI,STT,TRV,AME,AOS,AXON,BA,BLDR,BR,HII,HUBB,LDOS,LHX,MAS,PNR,TDG,URI,VRSK,XYL,BBY,HLT,MAR,RL,SBUX,TPR,WYNN,YUM"
2018-07-27,7,3,27,31,27,31,0.5,0.5,1.0,mixed,0.44444444444444453,0.3333333333333334,"AMD,APH,CDNS,FICO,FLEX,MPWR,TRMB,VRSN,DVN,TPL,ALGN,AMGN,BSX,ISRG,LLY,MTD,WST,CLX,GIS,KMB,KR,AEE,D,CF,IP,MLM,VMC","BAC,BRK-B,FITB,MS,PNC,RF,SCHW,SPGI,STT,TRV,AME,AOS,AXON,BA,BLDR,BR,HII,LHX,MAS,MMM,PNR,TDG,URI,VRSK,XYL,BBY,HLT,MAR,SBUX,WYNN,YUM"
2018-08-03,6,4,22,27,22,27,0.5,0.5,1.0,mixed,0.6666666666666667,0.7096774193548385,"AMD,APH,FLEX,TRMB,VRSN,DVN,TPL,AMGN,BSX,DXCM,ISRG,LLY,MTD,WST,CLX,GIS,KMB,KR,MO,PEP,CMS,D","FITB,MS,NDAQ,SCHW,SPGI,STT,AOS,AXON,BA,BLDR,BR,GD,LHX,TDG,UNP,URI,VRSK,BBY,F,HLT,LVS,MAR,SBUX,WYNN,YUM,APD,STLD"
2018-08-10,5,5,20,34,20,34,0.5,0.5,1.0,mixed,0.5454545454545454,0.6470588235294119,"AMD,APH,FLEX,TRMB,VRSN,AMGN,COO,CRL,DXCM,LLY,MTD,REGN,WST,CLX,GIS,MO,PEP,TAP,CMS,D","BLK,FITB,MS,NDAQ,SCHW,SPGI,STT,CVX,EOG,HAL,MPC,SLB,AOS,AXON,BA,BLDR,CAT,GD,ITW,TDG,UNP,URI,AMZN,BBY,F,HLT,LULU,LVS,MAR,NVR,SBUX,WYNN,YUM,APD"
2018-08-17,4,6,15,41,15,41,0.5,0.5,1.0,mixed,0.7,0.8292682926829269,"COO,CRL,DXCM,IQV,LLY,MTD,REGN,WST,CHD,CLX,GIS,MO,PEP,TAP,D","ADBE,ANET,FSLR,FTNT,INTU,KEYS,KLAC,MU,ON,PTC,TYL,WDC,ZBRA,BLK,CPAY,FITB,MS,SCHW,SPGI,STT,SYF,HAL,MPC,SLB,AOS,BA,CAT,EXPD,FDX,TDG,UNP,URI,AMZN,F,HLT,LULU,LVS,MAR,NVR,SBUX,WYNN"
2018-08-24,4,6,18,41,18,41,0.5,0.5,1.0,mixed,0.4444444444444445,0.3902439024390244,"COO,DXCM,GILD,IQV,LLY,MTD,REGN,VRTX,WST,CHD,CLX,GIS,MO,PEP,PM,TAP,AEE,D","ADBE,ANET,MU,NVDA,ON,PTC,TEL,TYL,WDC,ZBRA,BLK,BRO,CPAY,FITB,GPN,MS,SCHW,SPGI,STT,SYF,HAL,OXY,AOS,BA,CAT,EXPD,FDX,TDG,TXT,UNP,URI,AMZN,F,HLT,LULU,LVS,MAR,NVR,WYNN,NEM,PKG"
2018-08-31,4,6,15,51,15,51,0.5,0.5,1.0,mixed,0.44444444444444453,0.5490196078431373,"COO,GILD,IQV,LLY,REGN,VRTX,WST,CHD,CLX,MO,PEP,TAP,AEE,D,PNW","ADBE,AMAT,ANET,IBM,INTC,MU,NVDA,ON,PTC,TEL,TYL,WDC,BAC,BLK,BNY,BRO,CPAY,FITB,GPN,JPM,NDAQ,RJF,SCHW,SPGI,STT,SYF,OXY,AOS,BA,BLDR,CAT,CSX,EXPD,FDX,GE,PWR,TDG,TXT,UNP,URI,AMZN,APTV,EBAY,F,HLT,LULU,LVS,MAR,NVR,NEM,PKG"
2018-09-07,4,6,15,59,15,59,0.5,0.5,1.0,mixed,0.4,0.6101694915254237,"COO,GILD,INCY,IQV,LLY,REGN,VRTX,WST,CLX,MO,TAP,AEE,CNP,ED,PNW","ADBE,ADI,AMAT,INTC,MCHP,MRVL,MU,NVDA,ON,SMCI,TEL,WDC,BAC,BLK,BNY,GPN,MS,MSCI,NDAQ,RJF,SCHW,SPGI,STT,SYF,TFC,TRV,COP,OXY,SLB,VLO,ADP,AOS,BA,BLDR,CAT,CSX,EXPD,FDX,GD,GE,PWR,TDG,TXT,UNP,AMZN,APTV,BKNG,EBAY,F,HLT,LULU,LVS,NVR,TJX,CRH,NEM,PKG,SW,VMC"
2018-09-14,5,5,31,43,31,43,0.5,0.5,1.0,mixed,1.4193548387096773,0.7796610169491525,"INCY,IQV,LLY,REGN,VRTX,WST,DAL,DOV,EFX,ETN,FAST,FIX,GD,GNRC,HON,IEX,ITW,J,LDOS,LII,LUV,MAS,MMM,PCAR,TT,UAL,WM,AEE,ED,PNW,WEC","ADBE,ADI,AVGO,CDW,INTC,MCHP,MRVL,MU,NOW,ON,SMCI,TEL,WDC,BAC,BLK,BNY,FIS,FISV,KKR,MS,MSCI,NDAQ,RJF,SCHW,SPGI,STT,SYF,TFC,OKE,OXY,SLB,AMZN,APTV,BKNG,EBAY,F,LVS,TJX,CRH,NEM,PKG,SW,VMC"
2018-09-21,5,5,33,44,33,44,0.5,0.5,1.0,mixed,0.6666666666666665,0.3636363636363636,"BMY,INCY,IQV,LLY,PFE,RVTY,WST,AME,DAL,DOV,ETN,FAST,GD,HON,HUBB,IEX,ITW,J,LDOS,LHX,LUV,PCAR,TT,UAL,XYL,CASY,CL,PM,AEE,DTE,ED,PNW,WEC","ADBE,ADI,AVGO,CDW,FTNT,INTC,KEYS,LRCX,MCHP,MRVL,MU,NOW,ON,PANW,SMCI,TEL,WDC,BLK,BNY,FIS,FISV,KKR,MS,MSCI,NDAQ,RJF,SPGI,SYF,WTW,OKE,OXY,SLB,AMZN,APTV,BKNG,DECK,F,TJX,CRH,FCX,MLM,NEM,SW,VMC"
2018-09-28,6,4,45,35,45,35,0.5,0.5,1.0,mixed,0.6666666666666667,0.7272727272727273,"ACGL,AJG,APO,BAC,BEN,BRK-B,CINF,EG,GS,JPM,TRV,BMY,CAH,INCY,IQV,PFE,RVTY,TMO,WST,AME,CMI,DAL,DOV,ETN,FAST,GD,HON,HUBB,IEX,ITW,J,LDOS,LHX,LUV,PCAR,TT,XYL,CASY,CL,KMB,AEE,DTE,ED,PNW,WEC","ADBE,ADI,AKAM,CDW,FTNT,INTC,LRCX,MCHP,MPWR,MRVL,MU,NOW,NXPI,ON,PANW,SMCI,TXN,VRSN,WDC,OKE,SLB,AMZN,APTV,BKNG,DECK,DPZ,F,RL,TJX,CRH,FCX,MLM,NEM,SW,VMC"
2018-10-05,7,3,43,27,43,27,0.5,0.5,1.0,mixed,0.4888888888888888,0.6285714285714288,"AJG,APO,BEN,BRK-B,CINF,GS,JPM,PGR,TRV,CAH,INCY,PFE,RVTY,TECH,TMO,CHRW,CMI,DOV,ETN,GD,HON,HUBB,J,LDOS,LHX,LUV,PCAR,TT,XYL,CASY,CL,KMB,AEE,DTE,ED,PNW,WEC,XEL,APD,AVY,BALL,CF,IP","ADBE,ADI,AKAM,CDW,FICO,FTNT,INTC,MCHP,MRVL,MU,NOW,NXPI,ON,SMCI,TXN,VRSN,WDC,HAL,OKE,SLB,APTV,BKNG,DECK,DPZ,RL,TJX,WYNN"
2018-10-12,7,3,35,29,35,29,0.5,0.5,1.0,mixed,0.5581395348837208,0.2758620689655172,"AJG,BEN,BRK-B,BX,CINF,FDS,PGR,USB,CAH,INCY,MRK,PFE,RVTY,TECH,TMO,CHRW,CMI,DOV,ETN,GD,HON,J,LHX,LUV,PCAR,XYL,CASY,CL,KMB,ED,WEC,XEL,APD,BALL,CF","ADBE,ADI,AKAM,CDW,FICO,FTNT,INTC,MCHP,MRVL,MU,NOW,NXPI,ON,SMCI,STX,TXN,VRSN,WDC,HAL,OKE,SLB,TPL,VLO,BKNG,DECK,DPZ,RL,WSM,WYNN"
2018-10-19,6,4,35,29,35,29,0.5,0.5,1.0,mixed,0.45714285714285713,0.20689655172413796,"AJG,AXP,BEN,BRK-B,BX,CINF,FDS,PGR,USB,CAH,INCY,LLY,MRK,PFE,TECH,TMO,WST,DOV,GD,HON,J,LHX,LUV,PNR,CASY,CL,KMB,MO,WMT,NRG,WEC,XEL,APD,BALL,SHW","ADBE,ADI,AKAM,CDW,FICO,FTNT,GDDY,INTC,MCHP,MRVL,MU,NOW,NXPI,ON,SMCI,STX,TXN,VRSN,HAL,OKE,SLB,TPL,VLO,BKNG,DPZ,LULU,LVS,WSM,WYNN"
2018-10-26,6,4,34,27,34,27,0.5,0.5,1.0,mixed,0.39999999999999997,0.5517241379310344,"AJG,AON,AXP,BEN,BRK-B,BX,CBOE,CINF,FDS,PFG,PGR,USB,CAH,INCY,LLY,MRK,PODD,TECH,WST,DOV,GD,J,LHX,CASY,DG,MO,WMT,NRG,WEC,XEL,APD,BALL,ECL,SHW","ADBE,ADI,AKAM,ANET,CDW,FICO,GDDY,INTU,MCHP,MU,NOW,SMCI,STX,TXN,VRSN,EQT,OKE,SLB,VLO,DPZ,HLT,LULU,LVS,MAR,TSLA,WSM,WYNN"
2018-11-02,6,4,37,26,37,26,0.5,0.5,1.0,mixed,0.43243243243243246,0.5185185185185187,"AJG,AON,AXP,BX,CBOE,CINF,CME,FDS,PGR,USB,ABT,CAH,CVS,ELV,INCY,LLY,MRK,TECH,VRTX,WST,DOV,GD,J,LHX,TT,CASY,CLX,DG,MO,WMT,NRG,WEC,XEL,AMCR,APD,BALL,ECL","ADBE,AKAM,ANET,CDW,GDDY,INTU,JBL,MU,NOW,SMCI,STX,TXN,DVN,EQT,OKE,OXY,SLB,DPZ,DRI,F,LULU,LVS,ORLY,TSLA,WSM,WYNN"
2018-11-09,6,4,30,21,30,21,0.5,0.5,1.0,mixed,0.5945945945945945,0.46153846153846134,"AJG,AON,AXP,BX,CBOE,CINF,CME,PGR,SYF,USB,A,ABT,CAH,CVS,ELV,HSIC,INCY,MRK,BA,TT,CASY,CLX,DG,MO,WMT,NRG,AMCR,APD,BALL,ECL","ADBE,ANET,INTU,JBL,MU,NOW,SMCI,STX,TXN,DVN,EQT,OKE,OXY,SLB,TPL,DPZ,DRI,LULU,LVS,ORLY,WSM"
2018-11-16,6,4,29,17,29,17,0.5,0.5,1.0,mixed,0.3333333333333333,0.7619047619047619,"AJG,AON,AXP,CBOE,CINF,CME,PGR,SYF,USB,A,ABT,CAH,CVS,ELV,HSIC,MRK,WAT,ALLE,BA,TT,BG,CLX,MO,PG,NRG,AMCR,APD,BALL,ECL","ADBE,ANET,INTU,JBL,NOW,SMCI,STX,VRSN,BKR,DVN,EQT,OXY,TPL,AMZN,APTV,LULU,ORLY"
2018-11-23,7,3,28,21,28,21,0.5,0.5,1.0,mixed,0.5517241379310345,0.4761904761904763,"AON,BNY,CBOE,CINF,CME,EG,SYF,USB,A,ABT,CAH,CVS,ELV,HSIC,MRK,RVTY,WAT,ALLE,BA,GD,PWR,TT,BG,KO,PG,DTE,NRG,APD","ADBE,ANET,FLEX,INTU,JBL,NOW,ON,SMCI,STX,BKR,DVN,EQT,OXY,PSX,TPL,TRGP,AMZN,APTV,LULU,ORLY,TPR"
2018-11-30,7,3,32,22,32,22,0.5,0.5,1.0,mixed,0.4999999999999999,0.4545454545454545,"AON,ARES,BNY,CBOE,CINF,CME,EG,MRSH,SYF,TRV,USB,ABT,CAH,CVS,ELV,HSIC,MRK,WAT,ALLE,BA,GD,HON,PWR,TT,KO,PG,DTE,PNW,XEL,APD,LIN,MOS","AAPL,ADBE,ANET,FLEX,FTNT,GDDY,INTU,JBL,NOW,SMCI,BKR,DVN,EQT,OXY,PSX,TPL,TRGP,VLO,AMZN,BBY,ORLY,TPR"
2018-12-07,7,3,40,24,40,24,0.5,0.5,1.0,mixed,0.5499999999999999,0.5,"AON,ARES,BEN,BNY,BRK-B,CBOE,CINF,CME,EG,IVZ,MRSH,STT,SYF,TRV,USB,WTW,ABT,CAH,COR,ELV,HSIC,MRK,UNH,WAT,ALLE,BA,DOV,HON,PWR,TT,KO,PG,AEP,DTE,PNW,XEL,LIN,MOS,NUE,VMC","AAPL,ADBE,AMD,ANET,FLEX,FTNT,GDDY,IBM,INTU,JBL,NVDA,APA,BKR,DVN,EQT,MPC,PSX,TPL,TRGP,VLO,AMZN,BBY,TPR,WSM"
2018-12-14,7,3,45,27,45,27,0.5,0.5,1.0,mixed,0.40000000000000013,0.3703703703703704,"ARES,BEN,BNY,BRK-B,C,CBOE,CINF,CME,EG,ERIE,FIS,ICE,IVZ,MRSH,PFG,STT,SYF,TRV,USB,WTW,ABBV,ABT,CAH,ELV,HSIC,UNH,WAT,ALLE,BA,DOV,HON,PWR,TT,DLTR,KO,PG,TSN,AEP,DTE,PNW,SO,XEL,LIN,NUE,VMC","AAPL,ADBE,AMD,COHR,FLEX,FTNT,GDDY,IBM,INTU,MU,NVDA,TXN,APA,BKR,DVN,EQT,MPC,OKE,PSX,TPL,TRGP,VLO,AMZN,BBY,HD,TPR,WSM"
2018-12-21,7,3,40,30,40,30,0.5,0.5,1.0,mixed,0.5777777777777778,0.2666666666666666,"ARES,BEN,BNY,CME,EG,ERIE,FIS,ICE,IVZ,MRSH,TRV,WTW,ABBV,ELV,UNH,WAT,ALLE,DOV,EME,HON,ITW,LII,PWR,TT,CASY,DLTR,HRL,KO,PG,TSN,AEP,DTE,DUK,PNW,SO,XEL,BALL,LIN,PPG,VMC","AAPL,ADBE,AMD,COHR,CRM,FLEX,FTNT,GDDY,IBM,INTU,MU,NVDA,APA,BKR,COP,DVN,EOG,EQT,MPC,OKE,PSX,TPL,TRGP,VLO,AMZN,BBY,HD,LOW,TPR,WSM"
2018-12-28,6,4,35,37,35,37,0.5,0.5,1.0,mixed,0.5499999999999999,0.5945945945945946,"AMP,ARES,BEN,BNY,CB,CME,EG,ERIE,FIS,ICE,IVZ,MRSH,TRV,WTW,ABBV,STE,UNH,WAT,DLTR,HRL,KO,PG,TSN,AEP,DTE,DUK,ETR,PNW,SO,XEL,AMCR,BALL,NEM,PPG,VMC","AAPL,ADBE,AMD,COHR,FLEX,GDDY,IBM,INTU,NVDA,VRSN,APA,BKR,COP,DVN,EOG,EQT,MPC,OKE,PSX,TPL,TRGP,VLO,ADP,BR,EFX,EMR,ETN,FDX,GE,J,ODFL,TDG,AMZN,BBY,LOW,TPR,WSM"
2019-01-04,6,4,36,31,36,31,0.5,0.5,1.0,mixed,0.5,0.6486486486486485,"ARES,BEN,BNY,CB,EG,FIS,IBKR,IVZ,MRSH,TRV,WTW,ABBV,UNH,VTRS,WAT,DLTR,HSY,KO,PEP,PG,TSN,AEP,AWK,DUK,ETR,EXC,NRG,PNW,SO,XEL,AMCR,APD,BALL,FCX,NEM,VMC","AAPL,ADBE,AMD,COHR,GDDY,APA,BKR,COP,DVN,EOG,MPC,OKE,TPL,TRGP,ADP,BR,EMR,ETN,FIX,GE,J,NSC,AMZN,BBY,LOW,LULU,RL,ROST,TPR,TSCO,WSM"
2019-01-11,6,4,35,28,35,28,0.5,0.5,1.0,mixed,0.3333333333333333,0.3870967741935483,"AJG,AON,BEN,BNY,CB,CINF,EG,FIS,IBKR,IVZ,L,TRV,WTW,ABBV,VTRS,WAT,DLTR,HSY,KO,PEP,TSN,AEP,AWK,DUK,ETR,EXC,NEE,NRG,PNW,SO,XEL,AMCR,APD,FCX,VMC","AAPL,AMD,COHR,GDDY,NTAP,APA,COP,EOG,MPC,OKE,TPL,TRGP,BR,EMR,ETN,FIX,GE,HON,J,NSC,BBY,LULU,RL,ROST,TPR,TSCO,ULTA,WSM"
2019-01-18,5,5,30,32,30,32,0.5,0.5,1.0,mixed,0.5714285714285714,0.75,"ACGL,AON,BEN,BLK,BNY,CB,CINF,EG,FIS,IBKR,IVZ,L,TRV,DLTR,HSY,KO,PEP,PM,AEP,AWK,DUK,ED,ES,ETR,EXC,NEE,SO,XEL,AMCR,VMC","AAPL,CIEN,COHR,GDDY,NTAP,APA,EOG,TPL,TRGP,CNC,ISRG,LH,MRK,PFE,PODD,RVTY,TECH,BR,CTAS,EMR,FIX,HII,HON,J,NSC,RTX,BBY,RL,ROST,TSCO,ULTA,WSM"
2019-01-25,5,5,21,29,21,29,0.5,0.5,1.0,mixed,0.6666666666666664,0.5624999999999998,"ACGL,BEN,BLK,BNY,CB,IBKR,IVZ,L,DLTR,HSY,MDLZ,PEP,AWK,ED,ES,ETR,EXC,NEE,SO,AMCR,VMC","CIEN,COHR,FICO,HPQ,NTAP,TPL,TRGP,CNC,COR,LH,MRK,PFE,TECH,BR,DOV,EMR,FIX,GD,HII,HON,J,NSC,RTX,HAS,RL,ROST,TSCO,ULTA,WSM"
2019-02-01,6,4,28,18,28,18,0.5,0.5,1.0,mixed,0.7857142857142857,1.1724137931034484,"ACGL,BLK,BNY,CB,IBKR,IVZ,L,MSCI,ALLE,DE,IEX,NDSN,PAYX,PCAR,TDG,UNP,DLTR,MDLZ,SJM,AWK,ED,ES,ETR,EXC,NEE,AMCR,MLM,VMC","CIEN,FICO,HPQ,NTAP,DVN,FANG,CNC,COR,CRL,CVS,DGX,HSIC,MRK,PFE,HAS,RL,TSCO,ULTA"
2019-02-08,6,4,31,18,31,18,0.5,0.5,1.0,mixed,0.4516129032258064,0.2222222222222222,"ACGL,AFL,AMP,BLK,BNY,CB,CFG,HIG,IBKR,IVZ,L,MSCI,DE,IEX,NDSN,PAYX,PCAR,TDG,UNP,URI,DLTR,KMB,MDLZ,SJM,AWK,ED,ES,ETR,EXC,NEE,PKG","CIEN,HPQ,NTAP,NVDA,DVN,FANG,CAH,CNC,COR,CRL,CVS,DGX,HSIC,MRK,PFE,HAS,TSCO,ULTA"
2019-02-15,7,3,34,13,34,13,0.5,0.5,1.0,mixed,0.8235294117647057,0.8888888888888891,"ACGL,AFL,AIG,BLK,BNY,CFG,HIG,IVZ,MSCI,SCHW,IEX,NDSN,PCAR,TDG,URI,CCL,F,GM,GPC,NKE,SBUX,DG,KMB,MDLZ,AWK,CMS,ES,EXC,FE,NEE,AVY,DD,IP,PKG","HPQ,NTAP,NVDA,DVN,FANG,CAH,CNC,CVS,HSIC,ISRG,MDT,PFE,ZBH"
2019-02-22,5,5,25,17,25,17,0.5,0.5,1.0,mixed,0.9411764705882354,1.058823529411765,"ACGL,AIG,BAC,BNY,CFG,CPAY,GPN,HIG,MA,MET,MSCI,SCHW,NDSN,PCAR,TDG,URI,AZO,F,GM,HD,NKE,AVY,DD,IP,PKG","HPQ,MSFT,NTAP,TDY,TPL,CNC,CVS,DVA,HSIC,MDT,MRK,PFE,ZBH,ZTS,CLX,COST,ATO"
2019-03-01,4,6,22,13,22,13,0.5,0.5,1.0,mixed,0.48,0.8235294117647061,"ACGL,AIG,BAC,CFG,CPAY,GPN,HIG,MA,MET,MSCI,SCHW,WTW,NDSN,PCAR,TDG,URI,F,HD,NKE,TPR,AVY,FCX","CDW,HPQ,MSFT,TDY,APA,CVS,HSIC,MDT,MRK,PFE,CLX,PG,ATO"
2019-03-08,5,5,27,14,27,14,0.5,0.5,1.0,mixed,0.5925925925925926,0.5714285714285714,"ACGL,AIG,BAC,CFG,CPAY,GPN,HIG,MA,MET,MSCI,SCHW,DVN,KMI,OKE,WMB,BA,NDSN,TDG,URI,GRMN,HD,LULU,NKE,TPR,AVY,DD,FCX","CDW,HPQ,MSFT,QCOM,ROP,TDY,CVS,HSIC,MDT,MRK,PFE,CLX,EVRG,PCG"
2019-03-15,6,4,40,11,40,11,0.5,0.5,1.0,mixed,1.0499999999999998,1.1428571428571428,"ADSK,ANET,CDNS,FICO,FLEX,INTU,KEYS,KLAC,MCHP,PANW,STX,AIG,AMP,BAC,CFG,CPAY,GPN,HIG,MA,MET,MSCI,PRU,RF,RJF,SCHW,SYF,OKE,WMB,AME,TDG,CMG,GRMN,LULU,NCLH,NKE,TPR,AMCR,AVY,FCX,STLD","CVS,MDT,MRK,PFE,UNH,CLX,HSY,AEP,DUK,EVRG,XEL"
2019-03-22,6,4,46,11,46,11,0.5,0.5,1.0,mixed,0.4347826086956522,0.36363636363636365,"ADI,ANET,CDNS,COHR,FICO,FLEX,INTU,KEYS,KLAC,MCHP,PANW,STX,AIG,AMP,BAC,CFG,CPAY,GPN,HIG,KEY,MA,MCO,MSCI,PGR,PRU,RF,RJF,SCHW,SYF,FANG,OKE,TPL,WMB,SWK,TDG,BBY,CMG,GRMN,LULU,NCLH,TPR,AMCR,AVY,FCX,LYB,STLD","CI,CVS,MDT,PFE,RMD,UNH,CLX,AEP,DUK,EVRG,XEL"
2019-03-29,6,4,49,13,49,13,0.5,0.5,1.0,mixed,0.2040816326530612,0.6153846153846153,"ADI,ANET,CDNS,COHR,FICO,FLEX,INTU,KEYS,KLAC,MCHP,PANW,STX,AIG,ALL,AMP,BAC,CFG,CPAY,GPN,HIG,KEY,MA,MCO,MSCI,PGR,PRU,RF,RJF,SPGI,SYF,BKR,OKE,TPL,WMB,SWK,TDG,BBY,CMG,GRMN,LULU,NCLH,TPR,AMCR,AVY,DD,FCX,LYB,STLD,SW","AMGN,CI,CVS,PFE,RMD,UNH,CLX,KO,KR,AEE,AEP,EVRG,XEL"
2019-04-05,6,4,49,15,49,15,0.5,0.5,1.0,mixed,0.2857142857142857,0.5333333333333333,"ADI,ANET,CDNS,COHR,FICO,INTU,KEYS,KLAC,NVDA,PANW,STX,ALL,AMP,C,CFG,CPAY,GPN,GS,HIG,IVZ,KEY,MA,MCO,MSCI,PGR,PRU,RF,SPGI,SYF,BKR,OKE,TPL,HII,LHX,TDG,BBY,CMG,GRMN,LOW,LULU,NCLH,TPR,AMCR,AVY,DD,FCX,LYB,STLD,SW","AMGN,CI,HSIC,HUM,PFE,RMD,UNH,CASY,CLX,KO,KR,AEP,EVRG,NRG,XEL"
2019-04-12,6,4,43,18,43,18,0.5,0.5,1.0,mixed,0.48979591836734704,0.33333333333333337,"ADI,ANET,CDNS,COHR,CTSH,INTU,KLAC,NVDA,STX,ZBRA,ALL,AMP,C,CPAY,GPN,GS,IVZ,KEY,MA,MCO,MSCI,PGR,PRU,RF,SPGI,SYF,V,BKR,TPL,DOV,FDX,HII,LHX,LMT,TDG,BBY,CMG,GRMN,LOW,LULU,NCLH,STLD,SW","AMGN,BIIB,CI,CNC,HSIC,HUM,PFE,RMD,UNH,CASY,CLX,KO,KR,AEP,EVRG,EXC,NRG,XEL"
2019-04-19,6,4,41,21,41,21,0.5,0.5,1.0,mixed,0.37209302325581395,0.5714285714285714,"ADI,ANET,CDNS,COHR,INTU,NOW,SNPS,STX,ZBRA,ALL,AMP,GPN,GS,IVZ,KEY,MA,MCO,MSCI,PFG,PGR,PRU,RF,SPGI,V,BKR,TPL,DOV,FDX,HII,LHX,LMT,NSC,ROK,BBY,CMG,GRMN,LOW,NCLH,CRH,STLD,SW","AMGN,BIIB,CI,HUM,MRK,PFE,REGN,UNH,CASY,CLX,KDP,KO,KR,TAP,AEP,ES,ETR,EVRG,EXC,NRG,XEL"
2019-04-26,6,4,35,20,35,20,0.5,0.5,1.0,mixed,0.7804878048780488,0.2857142857142857,"ANET,STX,AMP,BX,FDS,HBAN,IVZ,KEY,MA,MCO,MSCI,PFG,PGR,PRU,RF,SPGI,V,TPL,CPRT,DOV,FDX,HII,LHX,LMT,NSC,PCAR,PWR,VRSK,XYL,BBY,CMG,LEN,NCLH,ULTA,SW","BIIB,CI,CVS,MRK,PFE,REGN,UNH,CASY,CLX,HRL,KDP,KO,KR,TAP,AEP,ES,EVRG,EXC,NRG,XEL"
2019-05-03,6,4,31,19,31,19,0.5,0.5,1.0,mixed,0.5714285714285714,0.49999999999999994,"ANET,AMP,BX,C,FDS,HBAN,IVZ,MCO,MSCI,PFG,PRU,SPGI,V,CPRT,DOV,EME,FDX,GD,HII,HON,LMT,NDSN,NSC,VRSK,XYL,CMG,DHI,LEN,NCLH,ULTA,SW","BIIB,CI,HCA,MRK,REGN,UNH,VRTX,CASY,CLX,DG,HRL,KDP,KR,TAP,AEP,EXC,NRG,WEC,XEL"
2019-05-10,6,4,33,19,33,19,0.5,0.5,1.0,mixed,0.6666666666666666,0.21052631578947367,"AMP,BX,FDS,IVZ,MCO,MSCI,NTRS,PFG,PRU,SPGI,STT,V,HAL,ADP,BR,CPRT,CSX,DOV,EME,EMR,FDX,GD,HII,HON,JCI,NSC,PWR,VRSK,XYL,AMZN,DHI,TPR,SW","BIIB,CI,CVS,HCA,MRK,REGN,VRTX,CASY,CLX,DG,HRL,KDP,KMB,KR,TAP,AEP,EXC,NRG,XEL"
2019-05-17,6,4,29,22,29,22,0.5,0.5,1.0,mixed,0.5454545454545454,0.4545454545454545,"TER,AMP,AXP,BRO,BX,FDS,IVZ,PFG,PNC,STT,V,HAL,ADP,BR,CPRT,CSX,EME,GD,HII,HON,JCI,NSC,VRSK,XYL,AMZN,DHI,TPR,SW,VMC","BIIB,COO,CVS,HCA,MRK,REGN,UHS,VRTX,CASY,CLX,DG,HRL,KDP,KR,TAP,WMT,AEP,AWK,EXC,NRG,WEC,XEL"
2019-05-24,5,5,36,22,36,22,0.5,0.5,1.0,mixed,0.5,0.36363636363636365,"MSFT,TER,AMP,AXP,BRO,BX,FDS,IVZ,NTRS,PFG,PNC,STT,TRV,V,HAL,TPL,ADP,AXON,BR,CPRT,CSX,CTAS,EME,GD,HII,HON,IEX,J,JCI,NSC,VRSK,XYL,AMZN,DHI,LULU,TPR","BIIB,CAH,COO,CVS,HCA,MRK,REGN,UHS,VRTX,CASY,CLX,HRL,TAP,AEP,AWK,EXC,NRG,PPL,WEC,XEL,IP,MOS"
2019-05-31,5,5,44,24,44,24,0.5,0.5,1.0,mixed,0.49999999999999983,0.5833333333333334,"ACN,MSFT,QCOM,TER,AMP,AXP,BRO,BX,CPAY,EG,FDS,GPN,JPM,NTRS,PFG,PNC,STT,TRV,V,HAL,TPL,ADP,AXON,BR,CPRT,CSX,CTAS,EME,GD,HII,HON,IEX,JCI,LHX,LMT,NSC,PAYX,SWK,TT,VRSK,AMZN,DHI,LULU,TPR","ABT,CAH,COO,DXCM,ELV,EW,HCA,INCY,MRK,REGN,VRTX,CLX,HRL,PG,TAP,AWK,EXC,NRG,PPL,WEC,XEL,IP,MOS,NUE"
2019-06-07,4,6,29,36,29,36,0.5,0.5,1.0,mixed,1.0,0.7777777777777777,"ACN,MSFT,NTAP,QCOM,TER,AMP,AXP,BRO,BX,CPAY,EG,FDS,FIS,GL,GPN,JPM,MA,PFG,PNC,V,FANG,HAL,TPL,AMZN,DHI,F,LULU,NVR,TPR","ABT,CAH,COO,DXCM,ELV,EW,HCA,INCY,MRK,REGN,UHS,BA,CHRW,GWW,JBHT,LII,MMM,PNR,RSG,TDG,UPS,WM,CLX,HRL,TAP,AWK,D,EXC,NRG,PPL,WEC,XEL,AVY,IP,MOS,NUE"
2019-06-14,4,6,33,37,33,37,0.5,0.5,1.0,mixed,0.36363636363636354,0.37837837837837834,"ACN,MRVL,MSFT,NTAP,QCOM,TER,AMP,AXP,BRO,BX,EG,FDS,FIS,GL,JPM,L,MA,MCO,MSCI,PFG,PNC,SPGI,V,FANG,HAL,SLB,TPL,AMZN,DHI,F,LULU,NVR,TPR","ABT,AMGN,CAH,COO,CRL,ELV,HCA,INCY,MTD,REGN,UHS,VTRS,BA,CAT,CHRW,GWW,LII,MMM,PNR,TDG,UPS,WM,CLX,HRL,HSY,TAP,AWK,D,EXC,NRG,PPL,XEL,ALB,AVY,IP,MOS,NUE"
2019-06-21,4,6,34,43,34,43,0.5,0.5,1.0,mixed,0.35294117647058837,0.6046511627906976,"ACN,MSFT,MU,QCOM,TYL,AMP,AXP,BRO,BX,EG,FIS,GL,ICE,JPM,L,MA,MCO,MSCI,PFG,PNC,SPGI,V,FANG,HAL,SLB,TPL,BKNG,DHI,F,LEN,LULU,NVR,PHM,TPR","ABT,AMGN,CAH,COO,CRL,HCA,INCY,ISRG,MTD,REGN,TMO,UHS,UNH,VRTX,VTRS,BA,CAT,CHRW,GWW,MMM,PNR,ROK,ROL,TDG,UPS,CLX,HRL,KR,MO,PM,TAP,AES,AWK,CNP,D,EXC,NRG,PPL,ALB,AVY,FCX,IP,STLD"
2019-06-28,4,6,31,39,31,39,0.5,0.5,1.0,mixed,0.4705882352941177,0.4651162790697674,"ACN,AKAM,FSLR,MSFT,MU,QCOM,TYL,AXP,BRO,BX,EG,FIS,GL,ICE,L,MA,MET,NDAQ,PFG,PNC,SCHW,SPGI,V,FANG,SLB,TPL,BKNG,F,LULU,NVR,PHM","ABT,AMGN,CAH,CRL,INCY,ISRG,MTD,REGN,RVTY,TMO,UHS,VTRS,BA,CAT,CHRW,FIX,MMM,PH,ROK,ROL,TDG,CLX,HRL,KR,MDLZ,MO,PM,TAP,AES,CNP,D,EIX,EXC,NRG,ALB,AVY,FCX,PKG,STLD"
2019-07-05,5,5,46,37,46,37,0.5,0.5,1.0,mixed,0.7391304347826086,0.512820512820513,"ACN,ADBE,AKAM,FSLR,MSFT,MU,TYL,VRSN,AIG,AJG,AXP,BRO,BX,EG,FIS,GL,ICE,L,MA,MET,MS,NDAQ,PNC,SCHW,SPGI,V,FANG,MPC,SLB,TPL,BKNG,F,HAS,HLT,LULU,NVR,PHM,ADM,BG,COST,EL,HSY,KDP,PEP,SYY,TSN","ABT,AMGN,CAH,CRL,DHR,INCY,ISRG,MTD,REGN,RVTY,TMO,UHS,VTRS,AME,AOS,CAT,CHRW,EMR,FIX,LUV,MMM,PH,PWR,ROK,ROL,TDG,AEE,AEP,AES,CNP,D,EIX,EXC,NRG,AVY,FCX,PKG"
2019-07-12,5,5,45,34,45,34,0.5,0.5,1.0,mixed,0.26086956521739135,0.3243243243243243,"ACN,ADBE,AKAM,FSLR,MSFT,STX,TYL,VRSN,AFL,AIG,AJG,AXP,BRO,BX,EG,FIS,GL,HIG,IBKR,ICE,L,MA,MET,NDAQ,PNC,SCHW,SPGI,V,FANG,MPC,BKNG,F,HAS,HD,HLT,LULU,NVR,PHM,ADM,BG,COST,EL,HSY,KDP,TSN","ABT,CAH,CRL,DHR,ISRG,MTD,REGN,RVTY,TMO,UHS,VRTX,VTRS,AME,AOS,CAT,CHRW,EMR,FAST,FIX,LUV,PH,ROK,ROL,TDG,AEP,AES,CNP,D,EXC,NRG,WEC,AVY,FCX,PKG"
2019-07-19,6,4,47,27,47,27,0.5,0.5,1.0,mixed,0.5531914893617021,0.5294117647058822,"ACN,ADBE,AKAM,FSLR,MSFT,MSI,MU,STX,TYL,VRSN,AFL,AIG,AIZ,AJG,APO,AXP,BRO,BX,EG,FIS,FITB,GL,HIG,IBKR,ICE,L,MA,MET,NDAQ,NTRS,PFG,PNC,V,BKNG,DECK,HD,LULU,TSCO,ADM,BG,CASY,COST,DG,EL,HSY,WMT,LIN","CAH,CRL,ISRG,LLY,MTD,REGN,RVTY,TMO,VEEV,VRTX,VTRS,AME,AOS,CAT,CHRW,EMR,FAST,FIX,PH,ROL,TDG,AEP,AES,CNP,D,EXC,NRG"
2019-07-26,5,5,28,27,28,27,0.5,0.5,1.0,mixed,0.9361702127659574,0.7407407407407407,"AFL,AIG,AIZ,AJG,APO,BRO,FIS,GL,IBKR,ICE,MET,NDAQ,PNC,TFC,V,PSX,BKNG,DECK,HD,TPR,TSCO,ADM,BG,CASY,COST,DG,EL,WMT","CSCO,FLEX,FTNT,GDDY,GLW,NXPI,PANW,PTC,WDAY,CAH,JNJ,LLY,RVTY,TMO,VEEV,VTRS,AME,AOS,CAT,EMR,FAST,FIX,PH,AES,CNP,D,EXC"
2019-08-02,3,7,15,35,15,35,0.5,0.5,1.0,mixed,1.0714285714285714,0.9142857142857143,"AFL,AIZ,AJG,BRO,CFG,FIS,IBKR,ICE,MET,NDAQ,PNC,TFC,V,OXY,PSX","ADSK,CSCO,GDDY,GLW,NTAP,NXPI,PANW,ABBV,CAH,COO,JNJ,LLY,RVTY,TMO,VEEV,VTRS,AME,AOS,FAST,FIX,LII,LUV,NSC,LOW,NCLH,RCL,RL,ULTA,MO,PM,CNP,D,EXC,PPL,XEL"
2019-08-09,3,7,16,36,16,36,0.5,0.5,1.0,mixed,0.625,0.5555555555555555,"AIZ,AJG,APO,CFG,FIS,FISV,ICE,NDAQ,NTRS,PNC,TFC,V,MPC,OXY,PSX,SHW","ADSK,ANET,CDNS,CRM,CSCO,GDDY,GLW,KEYS,NTAP,SNPS,ABBV,COO,DHR,JNJ,LLY,REGN,RVTY,TMO,VEEV,VTRS,AME,AOS,FAST,FIX,LII,LUV,NSC,CCL,LEN,NCLH,RCL,ULTA,CHD,MO,EXC,PPL"
2019-08-16,3,7,19,40,19,40,0.5,0.5,1.0,mixed,0.631578947368421,0.5,"AIZ,AJG,APO,CFG,FIS,FISV,ICE,KKR,SPGI,TFC,TROW,V,MPC,OXY,PSX,ALB,LYB,SHW,STLD","ADSK,APH,CDNS,CRM,CSCO,GDDY,GLW,KEYS,NTAP,ROP,SNPS,ABBV,COO,DHR,JNJ,LLY,REGN,RVTY,TMO,VEEV,AME,CSX,FAST,FIX,LII,NSC,ROK,UNP,CCL,LEN,NCLH,RCL,CHD,MDLZ,PEP,EXC,NRG,PEG,PPL,SO"
2019-08-23,3,7,15,48,15,48,0.5,0.5,1.0,mixed,1.3684210526315785,0.8333333333333334,"AKAM,AMAT,COHR,CTSH,IBM,INTU,STX,TDY,MPC,OKE,OXY,PSX,ALB,LYB,SHW","ACGL,AMP,GPN,IBKR,IVZ,MS,MSCI,PFG,PRU,RJF,SCHW,ABBV,COO,DHR,JNJ,LLY,REGN,TECH,TMO,VEEV,AME,CSX,FAST,FIX,LHX,LII,NSC,ROK,SNA,UNP,XYL,CCL,GPC,LEN,LVS,NCLH,RCL,CHD,MDLZ,PEP,SJM,SYY,ED,EXC,NRG,PEG,PPL,SO"
2019-08-30,4,6,27,41,27,41,0.5,0.5,1.0,mixed,0.9629629629629628,0.5,"AKAM,AMAT,COHR,CTSH,IBM,INTU,MSFT,TDY,WDC,MPC,OKE,OXY,PSX,BAX,BDX,DXCM,EW,IDXX,IQV,MCK,RMD,SYK,UHS,ALB,LYB,SHW,STLD","ACGL,AMP,EG,GPN,IBKR,IVZ,MS,MSCI,PFG,PRU,RJF,SCHW,AME,CPRT,CSX,FAST,JCI,LHX,LII,NSC,ROK,SNA,UNP,XYL,GPC,LEN,LVS,NCLH,RCL,CHD,MDLZ,PEP,SJM,TSN,AWK,ED,EXC,NRG,PEG,PPL,SO"
2019-09-06,3,7,20,53,20,53,0.5,0.5,1.0,mixed,0.814814814814815,0.7169811320754718,"AKAM,AMAT,COHR,CTSH,IBM,INTC,INTU,KEYS,MPWR,TDY,TYL,WDC,MPC,OKE,OXY,PSX,ALB,LYB,SHW,STLD","AMP,BEN,EG,GPN,IBKR,IVZ,MS,MSCI,PFG,PRU,RJF,ABBV,ABT,DHR,GILD,JNJ,PFE,TECH,VEEV,ZTS,AME,CPRT,CSX,FAST,JCI,LHX,LII,LMT,NSC,PH,SNA,UNP,URI,XYL,DPZ,GPC,LVS,RCL,RL,CHD,KDP,MDLZ,PEP,SJM,TAP,TSN,AEP,AWK,D,ED,PEG,PPL,SO"
2019-09-13,4,6,27,59,27,59,0.5,0.5,1.0,mixed,0.5185185185185186,0.5423728813559323,"AKAM,AMAT,COHR,CTSH,IBM,INTC,INTU,KEYS,KLAC,MPWR,MU,TDY,TYL,WDC,MPC,OKE,OXY,PSX,BKNG,HAS,HD,TSLA,WSM,ALB,LYB,SHW,STLD","BEN,EG,GPN,HIG,IBKR,IVZ,L,MET,MS,MSCI,PFG,PGR,PRU,RJF,ALGN,DHR,GILD,JNJ,PFE,TECH,VEEV,ALLE,AME,CPRT,CSX,IEX,JCI,LHX,LII,LMT,NSC,PH,SNA,UNP,URI,XYL,CHD,KDP,KMB,MDLZ,MNST,MO,PEP,PM,SJM,TAP,TSN,AEE,AEP,AES,AWK,CNP,D,DTE,ED,NEE,PEG,PPL,SO"
2019-09-20,3,7,20,57,20,57,0.5,0.5,1.0,mixed,0.8148148148148149,0.27118644067796605,"AKAM,AMAT,COHR,CTSH,INTC,KEYS,KLAC,MPWR,MSI,MU,NXPI,TDY,TXN,TYL,WDC,HAL,MPC,OKE,HAS,TSLA","AFL,AMP,BEN,EG,GPN,HIG,IVZ,L,MET,MSCI,PGR,PRU,RJF,ALGN,DHR,GILD,PFE,STE,TECH,VEEV,ALLE,AME,CPRT,CSX,IEX,LHX,LII,LMT,NSC,PH,SNA,UNP,URI,XYL,CHD,CL,KDP,KMB,MDLZ,MNST,MO,PEP,SJM,TSN,AEE,AEP,AWK,CNP,D,DTE,ED,NEE,PEG,PPL,SO,IFF,LIN"
2019-09-27,3,7,23,54,23,54,0.5,0.5,1.0,mixed,0.4347826086956523,0.38596491228070173,"AKAM,AMAT,COHR,INTC,KEYS,KLAC,MPWR,MU,NXPI,PANW,TDY,TXN,TYL,WDC,EOG,HAL,MPC,OKE,CMG,HAS,LULU,TPR,TSLA","AFL,AIG,AMP,BEN,ERIE,GPN,HIG,IVZ,L,MET,MSCI,PGR,PRU,ALGN,DHR,PFE,STE,TECH,TMO,VEEV,AME,CMI,CPRT,CSX,HII,IEX,LHX,LII,NSC,ROL,UNP,XYL,CHD,CL,KDP,KMB,MDLZ,MNST,MO,PEP,SJM,AEE,AEP,AWK,D,DTE,ED,ETR,NEE,PEG,PPL,SRE,IFF,LIN"
2019-10-04,2,8,20,60,20,60,0.5,0.5,1.0,mixed,0.6956521739130433,0.6333333333333334,"AKAM,INTC,KEYS,KLAC,LRCX,MPWR,MU,NTAP,NXPI,PANW,STX,SWKS,TER,TXN,TYL,WDC,EOG,HAL,MPC,OKE","AFL,AJG,AMP,BEN,ERIE,FITB,GPN,L,MET,MSCI,PGR,PRU,ALGN,COO,DHR,HCA,PFE,STE,TECH,TMO,VEEV,CMI,CPRT,GE,HII,IEX,LHX,LII,NSC,UNP,XYL,AMZN,DECK,DPZ,F,LVS,MAR,TSCO,ULTA,WYNN,CHD,KMB,MDLZ,MNST,MO,AEE,AEP,D,DTE,EXC,NEE,NI,PCG,PEG,PPL,SRE,AMCR,IFF,IP,LIN"
2019-10-11,3,7,23,49,23,49,0.5,0.5,1.0,mixed,0.3478260869565218,0.6666666666666664,"INTC,KEYS,KLAC,LRCX,MPWR,MU,NTAP,NXPI,PANW,STX,SWKS,TER,TXN,TYL,WDC,EOG,HAL,MPC,OKE,VLO,CNP,LNT,NRG","AFL,AJG,BEN,BLK,ERIE,FDS,FIS,FITB,GPN,L,MET,MSCI,PGR,ALGN,COO,DHR,ELV,HCA,PFE,STE,TECH,UNH,VEEV,ZTS,CMI,CPRT,GE,HII,IEX,RSG,UNP,XYL,AMZN,DECK,F,LVS,MAR,NCLH,TSCO,ULTA,WYNN,CHD,EL,KMB,MDLZ,MNST,MO,IFF,LIN"
2019-10-18,5,5,19,46,19,46,0.5,0.5,1.0,mixed,1.4782608695652173,0.7755102040816327,"APA,COP,EOG,HAL,MPC,VLO,ABBV,AMGN,BMY,CAH,DXCM,MDT,RMD,VTRS,BF-B,SYY,TGT,CNP,NRG","ADBE,AMD,APH,FICO,MSFT,MSI,NOW,ORCL,ROP,VRSN,WDAY,AFL,AJG,BEN,BLK,CPAY,ERIE,FDS,FIS,FITB,GPN,L,MET,MSCI,PGR,CPRT,CTAS,GE,HII,IEX,LDOS,LMT,RSG,UNP,XYL,AMZN,DECK,DRI,F,LVS,MAR,TSCO,ULTA,WYNN,IFF,LIN"
2019-10-25,5,5,19,51,19,51,0.5,0.5,1.0,mixed,0.3157894736842105,0.5098039215686274,"COP,EOG,HAL,MPC,PSX,TRGP,VLO,ABBV,BMY,CAH,CNC,DXCM,MDT,RMD,VTRS,BF-B,SYY,TGT,CNP","ADBE,FICO,FSLR,MSFT,MSI,NOW,ORCL,ROP,VRSN,WDAY,AFL,AJG,AXP,BEN,BLK,BX,CPAY,ERIE,FDS,FIS,GPN,MA,MET,MSCI,PGR,SPGI,CPRT,CTAS,GE,GNRC,HII,IEX,ITW,LMT,NOC,PAYX,RSG,UNP,VRSK,WM,AMZN,DECK,DRI,F,GM,MAR,RCL,TSCO,ULTA,WYNN,LIN"
2019-11-01,6,4,29,28,29,28,0.5,0.5,1.0,mixed,1.1724137931034484,1.4117647058823528,"AIZ,JPM,KKR,RJF,SCHW,TFC,COP,EOG,MPC,PSX,TRGP,VLO,ABBV,BMY,CAH,DXCM,MDT,VTRS,EMR,ETN,FAST,HUBB,JBHT,NDSN,ROL,SNA,TXT,CMS,ES","ACN,ADBE,ADSK,FICO,FSLR,INTU,MSFT,MSI,ORCL,ROP,VRSN,WDAY,AMZN,DRI,GM,MAR,MGM,TSCO,ULTA,BG,CHD,CL,EL,KMB,MDLZ,MNST,SJM,ECL"
2019-11-08,5,5,27,23,27,23,0.5,0.5,1.0,mixed,0.4827586206896551,0.5714285714285714,"BRK-B,IBKR,JPM,RJF,SCHW,TFC,APA,COP,EOG,EQT,MPC,PSX,TRGP,VLO,ABBV,BMY,CAH,VTRS,EMR,ETN,FAST,NDSN,PH,ROL,SNA,TXT,ES","ACN,ADBE,ADSK,AKAM,CIEN,FICO,INTU,MSFT,MSI,ROP,VRSN,WDAY,AMZN,GM,TSCO,BG,CHD,CL,EL,KDP,KMB,SJM,ECL"
2019-11-15,5,5,32,26,32,26,0.5,0.5,1.0,mixed,0.37499999999999994,0.38461538461538447,"BRK-B,IBKR,JPM,RJF,SCHW,TFC,APA,COP,EOG,EQT,MPC,PSX,TRGP,VLO,BMY,CAH,VTRS,DOV,EMR,ETN,FAST,ITW,NDSN,ODFL,PH,PWR,ROL,SNA,TXT,ES,EXC,PEG","ACN,ADBE,ADSK,AKAM,CIEN,COHR,CSCO,FICO,IBM,INTU,MSFT,MSI,ROP,TRMB,VRSN,WDAY,AMZN,GM,CHD,CL,COST,EL,KDP,KMB,SJM,ECL"
2019-11-22,5,5,35,25,35,25,0.5,0.5,1.0,mixed,0.34285714285714286,0.3846153846153846,"BRK-B,IBKR,IVZ,JPM,RJF,TFC,APA,COP,EOG,EQT,HAL,MPC,PSX,TRGP,VLO,BMY,CAH,CMI,DOV,EMR,ETN,FAST,FDX,ITW,NDSN,ODFL,PCAR,PH,PWR,ROL,RTX,SNA,TXT,EXC,PEG","ACN,ADSK,AKAM,CIEN,COHR,CSCO,FICO,FSLR,GEN,IBM,INTU,MSFT,MSI,ROP,VRSN,CMG,GM,CHD,CL,COST,EL,KMB,SJM,STZ,ECL"
2019-11-29,4,6,35,37,35,37,0.5,0.5,1.0,mixed,0.45714285714285713,0.7027027027027026,"BRK-B,IBKR,IVZ,KKR,PNC,RJF,WFC,APA,COP,EOG,HAL,MPC,TRGP,VLO,ABBV,ALGN,BMY,CAH,JNJ,ALLE,CMI,DOV,EMR,ETN,FAST,ITW,NDSN,PCAR,PH,PWR,ROL,RTX,SNA,SWK,TXT","ACN,ADI,AKAM,AMAT,CIEN,COHR,CSCO,FICO,FSLR,GEN,IBM,INTU,KLAC,MCHP,MSFT,MSI,ROP,TEL,VRSN,CMG,F,GM,HD,YUM,CHD,CL,COST,EL,KMB,SJM,STZ,ATO,AWK,LNT,PCG,PNW,ECL"
2019-12-06,4,6,35,43,35,43,0.5,0.5,1.0,mixed,0.2857142857142857,0.372093023255814,"BRK-B,IVZ,KKR,MTB,NTRS,PNC,RJF,WFC,APA,COP,EOG,HAL,MPC,ABBV,ALGN,BMY,CAH,JNJ,RVTY,ALLE,CMI,DOV,EMR,ETN,FAST,HII,ITW,NDSN,PCAR,PH,PWR,RTX,SWK,TXT,URI","ACN,ADI,AKAM,AMAT,CIEN,COHR,CSCO,FICO,FSLR,GEN,IBM,INTU,KLAC,MCHP,MSFT,MSI,ORCL,ROP,TDY,TEL,TER,TXN,WDC,CMG,EBAY,F,GM,HD,MCD,YUM,CHD,CL,COST,EL,KMB,SJM,STZ,ATO,AWK,PCG,PNW,BALL,ECL"
2019-12-13,4,6,37,49,37,49,0.5,0.5,1.0,mixed,0.3783783783783783,0.4489795918367348,"BAC,BRK-B,IVZ,MS,MTB,NTRS,PNC,STT,USB,WFC,APA,EOG,HAL,ABBV,ALGN,AMGN,BMY,CAH,JNJ,RVTY,VRTX,ALLE,CAT,CMI,DOV,EMR,ETN,FAST,HII,ITW,NDSN,PCAR,PH,PWR,RTX,SWK,URI","ACN,ADI,AKAM,AMAT,CIEN,COHR,CSCO,FSLR,GEN,IBM,INTU,KLAC,MCHP,MSFT,MSI,MU,NXPI,ORCL,ROP,SNPS,TEL,TER,TXN,WDC,CMG,DHI,EBAY,EXPE,F,GM,HD,HLT,MCD,YUM,CL,COST,EL,KMB,MNST,STZ,AEE,ATO,AWK,CMS,DTE,PCG,BALL,DD,ECL"
2019-12-20,4,6,35,48,35,48,0.5,0.5,1.0,mixed,0.2702702702702702,0.32653061224489793,"BAC,BRK-B,FITB,KEY,MS,MTB,NTRS,PNC,STT,USB,EOG,HAL,ABBV,ALGN,AMGN,BMY,CAH,CI,RVTY,VRTX,ALLE,CAT,CMI,DOV,EMR,ETN,HII,ITW,NDSN,PCAR,PH,PWR,RTX,SWK,URI","ACN,ADBE,ADI,AKAM,AMAT,FSLR,GEN,IBM,INTU,KLAC,LRCX,MCHP,MSI,MU,NXPI,ORCL,ROP,SNPS,TEL,TER,TXN,TYL,WDC,CMG,DHI,EBAY,EXPE,F,HD,MCD,TSCO,YUM,BF-B,CL,COST,DG,KMB,STZ,AEE,ATO,AWK,CMS,DTE,FE,PCG,BALL,DD,ECL"
2019-12-27,4,6,36,44,36,44,0.5,0.5,1.0,mixed,0.44444444444444436,0.375,"BAC,CFG,FITB,KEY,MS,MTB,NTRS,PRU,STT,USB,HAL,OXY,ABBV,ALGN,AMGN,BMY,CI,DVA,RVTY,VRTX,ALLE,AME,CAT,CMI,CSX,DOV,EMR,GE,HII,ITW,PCAR,PH,RTX,SWK,TT,URI","ADBE,ADI,AKAM,AMAT,ANET,FSLR,GEN,IBM,KLAC,LRCX,MCHP,MSI,NXPI,SNPS,TEL,TER,TXN,TYL,WDC,CMG,DHI,DRI,EBAY,EXPE,F,MCD,YUM,BF-B,CL,COST,DG,KMB,STZ,AEE,AWK,CMS,DTE,ED,FE,XEL,BALL,CF,DD,ECL"
2020-01-03,4,6,32,46,32,46,0.5,0.5,1.0,mixed,0.4444444444444445,0.4347826086956522,"BAC,CFG,FITB,KEY,MS,NTRS,PRU,STT,HAL,OXY,SLB,VLO,ABBV,ALGN,AMGN,BMY,CI,DVA,HUM,VRTX,ALLE,AME,AXON,CAT,DOV,GE,HII,PCAR,RTX,SWK,TT,URI","ADI,AKAM,AMAT,ANET,FSLR,KLAC,LRCX,MCHP,MSI,NXPI,SNPS,STX,TDY,TEL,TXN,TYL,VRSN,WDC,CMG,DHI,DRI,EBAY,EXPE,MCD,YUM,BF-B,COST,DG,DLTR,KMB,PEP,STZ,TGT,WMT,AEE,CMS,ED,FE,PNW,WEC,XEL,BALL,CF,DD,ECL,PKG"
2020-01-10,4,6,24,38,24,38,0.5,0.5,1.0,mixed,1.0625,0.9565217391304346,"ADSK,FTNT,NVDA,ON,SWKS,ZBRA,ARES,BAC,CFG,JPM,KEY,MS,STT,COP,HAL,OXY,SLB,ALGN,AMGN,BMY,CI,DVA,HUM,VRTX","ADP,AOS,CHRW,JCI,LUV,ODFL,PAYX,VRSK,WM,DHI,DRI,EBAY,EXPE,PHM,YUM,BF-B,COST,DG,DLTR,KMB,PEP,PG,STZ,TGT,WMT,AEE,CMS,ED,FE,NI,WEC,XEL,APD,BALL,CF,DD,PKG,SHW"
2020-01-17,4,6,28,34,28,34,0.5,0.5,1.0,mixed,0.5714285714285714,0.5789473684210527,"ADSK,CSCO,FFIV,FICO,FTNT,HPQ,MSFT,NVDA,ON,ARES,BAC,CFG,JPM,KEY,MRSH,MS,MSCI,STT,COP,HAL,SLB,ALGN,BMY,CI,DVA,ELV,HUM,VRTX","AOS,CHRW,JCI,LUV,ODFL,PAYX,DHI,DRI,EBAY,LEN,PHM,BF-B,CASY,CHD,COST,DG,DLTR,HSY,PEP,STZ,TAP,TGT,WMT,CMS,CNP,ED,FE,PEG,WEC,XEL,CF,DD,PKG,SHW"
2020-01-24,4,6,24,33,24,33,0.5,0.5,1.0,mixed,0.6428571428571428,0.29411764705882365,"AAPL,CSCO,FFIV,FTNT,HPQ,NVDA,ON,WDAY,ARES,BLK,CFG,MRSH,MS,MSCI,SCHW,STT,COP,DVN,HAL,SLB,BMY,CI,DVA,ELV","AOS,FAST,LUV,ODFL,UAL,DHI,EBAY,LEN,PHM,WSM,BF-B,CASY,CHD,COST,DG,DLTR,HSY,PEP,STZ,TAP,TGT,WMT,CMS,CNP,ED,FE,PEG,WEC,XEL,CF,DD,PKG,VMC"
2020-01-31,4,6,22,36,22,36,0.5,0.5,1.0,mixed,0.6666666666666667,0.5000000000000001,"AAPL,CSCO,FFIV,GEN,MSFT,NVDA,ON,WDAY,AMP,ARES,BLK,GPN,GS,MA,MRSH,MSCI,STT,COP,DVN,HAL,SLB,BMY","AOS,FAST,GD,GNRC,LUV,NDSN,ODFL,UAL,APTV,EBAY,LEN,PHM,ROST,WSM,BF-B,CASY,CHD,COST,DG,DLTR,GIS,HSY,SYY,TGT,WMT,CMS,CNP,FE,PEG,WEC,CF,DD,ECL,MLM,PKG,VMC"
2020-02-07,3,7,14,47,14,47,0.5,0.5,1.0,mixed,1.3636363636363633,0.7659574468085105,"FFIV,MSFT,NTAP,ROP,SMCI,WDAY,APA,BKR,COP,DVN,HAL,SLB,TPL,LLY","AFL,AIG,AIZ,BX,FIS,FISV,HBAN,JPM,PNC,RF,SPGI,SYF,USB,WFC,WRB,AOS,FAST,GD,GNRC,J,LUV,NDSN,ODFL,UAL,EBAY,LEN,PHM,ROST,WSM,CASY,CL,COST,DG,DLTR,GIS,HSY,SYY,TGT,WMT,ATO,FE,PEG,WEC,CF,DD,MLM,PKG"
2020-02-14,3,7,18,43,18,43,0.5,0.5,1.0,mixed,0.5555555555555554,0.46808510638297873,"ACN,CTSH,FFIV,MSFT,NTAP,ROP,SMCI,WDAY,APA,BKR,DVN,FANG,HAL,OKE,OXY,SLB,TPL,LLY","AFL,BX,FISV,HBAN,JPM,PNC,RF,SYF,USB,WFC,AOS,CTAS,FAST,FDX,GD,GNRC,LUV,NDSN,UAL,EBAY,GRMN,LEN,PHM,TJX,WSM,YUM,CASY,COST,DG,GIS,SYY,TGT,WMT,ATO,FE,PEG,WEC,CF,DD,LYB,MLM,PKG,SHW"
2020-02-21,2,8,10,48,10,48,0.5,0.5,1.0,mixed,1.2222222222222225,0.5,"ACN,COHR,GEN,MSFT,NTAP,ROP,SMCI,SWKS,WDAY,LLY","FISV,FITB,HBAN,JPM,PNC,RF,SYF,USB,WFC,MPC,XOM,AOS,CTAS,FAST,FDX,GD,GNRC,ITW,LUV,NDSN,PCAR,PH,SWK,UAL,AZO,EBAY,GRMN,LULU,PHM,TJX,YUM,DG,GIS,SYY,TGT,WMT,CMS,FE,PEG,WEC,CF,DD,LYB,MLM,NUE,PKG,PPG,SHW"
2020-02-28,3,7,12,47,12,47,0.5,0.5,1.0,mixed,1.0,0.4583333333333333,"AMD,GEN,GLW,MSFT,ROP,SMCI,WDAY,LLY,VRTX,AEE,ATO,PNW","AIZ,BAC,FITB,HBAN,JPM,NTRS,PFG,PNC,RF,SYF,USB,WFC,XOM,AOS,ETN,FDX,GD,GNRC,ITW,LUV,NDSN,PCAR,PH,PWR,SNA,SWK,UAL,APTV,AZO,EBAY,GRMN,LULU,TJX,WSM,GIS,SYY,TGT,WMT,CF,DD,LYB,MLM,NUE,PKG,PPG,SHW,SW"
2020-03-06,5,5,23,43,23,43,0.5,0.5,1.0,mixed,0.9565217391304345,0.5531914893617021,"AMD,GEN,GLW,MSFT,NOW,ROP,SMCI,VRSN,WDAY,LLY,VRTX,ZTS,AMZN,CMG,DECK,DRI,MCD,AEE,ATO,ES,PNW,WEC,XEL","AIZ,BNY,CFG,FITB,HBAN,JPM,NTRS,PFG,PNC,RF,SYF,TFC,USB,WFC,CMI,ETN,FDX,GD,HII,ITW,NDSN,PCAR,PH,PWR,RTX,SNA,SWK,UAL,URI,BG,SYY,TGT,WMT,CF,DD,LYB,MLM,NUE,PKG,PPG,SHW,STLD,SW"
2020-03-13,5,5,22,36,22,36,0.5,0.5,1.0,mixed,0.4347826086956522,0.5116279069767441,"ADI,AMD,CIEN,GEN,GLW,MSFT,NOW,ROP,SMCI,VRSN,WDAY,VRTX,ZTS,AMZN,MCD,ATO,AWK,CMS,ES,PNW,WEC,XEL","AIZ,BNY,CFG,FITB,HBAN,JPM,KEY,NTRS,PFG,PNC,RF,SYF,TFC,USB,WFC,FDX,GE,HII,PH,RTX,SNA,SWK,UAL,URI,BG,MO,SYY,TGT,TSN,CF,LYB,NUE,PPG,SHW,STLD,SW"
2020-03-20,6,4,29,36,29,36,0.5,0.5,1.0,mixed,0.896551724137931,0.2777777777777778,"ADI,FSLR,GEN,GLW,INTU,MSFT,NOW,PTC,ROP,VRSN,WDAY,GILD,VRTX,AMZN,MCD,CLX,HRL,KMB,KR,MDLZ,MNST,PEP,AEE,AWK,CMS,DUK,ES,WEC,XEL","AIG,AIZ,BAC,BNY,C,CFG,COF,FITB,HBAN,JPM,KEY,NTRS,PFG,PNC,RF,SYF,TFC,USB,WFC,FDX,GE,HII,PH,RTX,SNA,SWK,UAL,URI,WAB,CF,LYB,NUE,PPG,SHW,STLD,SW"
2020-03-27,6,4,34,36,34,36,0.5,0.5,1.0,mixed,0.4705882352941177,0.2222222222222222,"ADI,FSLR,GEN,GLW,INTU,MSFT,NOW,PTC,ROP,TXN,VRSN,GILD,LLY,PFE,REGN,WST,AMZN,MCD,CHD,CL,CLX,COST,HRL,KMB,KR,MDLZ,PEP,AEE,AWK,CMS,DUK,ES,WEC,XEL","AIG,BAC,BNY,C,CFG,COF,FITB,HBAN,JPM,KEY,NTRS,PFG,PNC,RF,TFC,WFC,HAL,SLB,DAL,DOV,GE,HII,PH,RTX,SNA,SWK,UAL,URI,WAB,CF,LYB,NUE,PPG,SHW,STLD,SW"
2020-04-03,6,4,35,32,35,32,0.5,0.5,1.0,mixed,0.28571428571428575,0.38888888888888884,"ADI,GEN,GLW,INTU,MSFT,MSI,NOW,PTC,TXN,BIIB,GILD,LLY,REGN,VEEV,WST,AMZN,MCD,CHD,CL,CLX,COST,DG,HRL,KMB,KR,MDLZ,PEP,AEE,AWK,CMS,DUK,ES,NEE,WEC,XEL","AIG,BAC,C,CFG,COF,HBAN,HIG,JPM,KEY,PNC,RF,TFC,WFC,DVN,HAL,SLB,DAL,DOV,GE,HII,LUV,RTX,SNA,SWK,URI,WAB,LYB,NUE,PPG,SHW,STLD,SW"
2020-04-10,6,4,37,39,37,39,0.5,0.5,1.0,mixed,0.3243243243243243,0.46153846153846156,"ADI,CDNS,GEN,GLW,INTU,MSFT,MSI,NOW,ORCL,PTC,TXN,BIIB,COR,GILD,LLY,REGN,VEEV,WST,AMZN,DPZ,TSLA,CL,CLX,COST,DG,HRL,KR,MDLZ,PEP,AEE,AWK,CMS,CNP,DUK,NEE,WEC,XEL","AIG,BAC,C,CFG,COF,HIG,JPM,KEY,MS,MTB,PNC,RF,STT,TFC,DVN,FANG,HAL,SLB,BA,DAL,DOV,EME,GE,HII,LUV,RTX,SNA,SWK,TDG,URI,WAB,IP,LYB,MOS,NUE,PPG,SHW,STLD,SW"
2020-04-17,6,4,32,50,32,50,0.5,0.5,1.0,mixed,0.7027027027027029,0.9600000000000001,"BIIB,COR,GILD,LLY,REGN,VEEV,WST,AMZN,DPZ,CL,CLX,COST,DG,DLTR,GIS,HRL,KR,MDLZ,WMT,AEE,AWK,CMS,CNP,D,DUK,NEE,WEC,XEL,APD,BALL,ECL,LIN","AAPL,AMD,APH,FICO,FLEX,HPQ,IT,JBL,LRCX,NTAP,NXPI,ON,PANW,QCOM,TER,ZBRA,AIG,BAC,C,CFG,COF,GL,GS,HIG,IVZ,JPM,MTB,PNC,PRU,RF,TFC,BKR,DVN,EOG,FANG,HAL,OXY,SLB,BA,DAL,DOV,EMR,GE,HII,LUV,RTX,SWK,TDG,URI,WAB"
2020-04-24,6,4,27,51,27,51,0.5,0.5,1.0,mixed,0.43749999999999994,0.3137254901960785,"ABT,BIIB,COR,GILD,LLY,REGN,TMO,VEEV,WST,AMZN,DPZ,CLX,COST,DG,DLTR,GIS,HRL,KR,WMT,AEE,AWK,CMS,D,DUK,NEE,WEC,XEL","AMD,APH,FICO,FLEX,HPQ,IT,JBL,LRCX,MU,NTAP,NXPI,ON,PANW,QCOM,SWKS,WDC,AIG,AMP,BAC,C,CFG,COF,GL,GS,HIG,IVZ,JPM,MET,MTB,PNC,PRU,RF,APA,BKR,DVN,EOG,FANG,HAL,OKE,OXY,SLB,TRGP,BA,DAL,DOV,GE,LUV,RTX,SWK,TDG,WAB"
2020-05-01,6,4,29,50,29,50,0.5,0.5,1.0,mixed,0.5517241379310345,0.11764705882352947,"ABT,GILD,INCY,LLY,REGN,TECH,TMO,VEEV,WST,CLX,COST,DG,DLTR,GIS,HRL,KR,PG,WMT,AEE,ATO,AWK,CMS,D,DUK,ED,EXC,PEG,WEC,SHW","AMD,APH,CTSH,FICO,FLEX,HPQ,IT,JBL,LRCX,MU,NXPI,PANW,QCOM,SWKS,WDC,AIG,AMP,BAC,C,COF,GL,GS,HIG,IVZ,JPM,MET,MTB,PNC,PRU,RF,APA,BKR,DVN,EOG,FANG,HAL,OKE,OXY,SLB,TRGP,BA,DAL,DOV,EME,GE,LUV,RTX,SWK,TDG,WAB"
2020-05-08,6,4,26,47,26,47,0.5,0.5,1.0,mixed,0.2758620689655174,0.43999999999999995,"ABT,GILD,INCY,LLY,REGN,TECH,TMO,VEEV,WST,CLX,COST,DG,DLTR,GIS,HRL,KR,PG,WMT,CMS,D,ED,EXC,PEG,WEC,DD,SHW","APH,CTSH,FICO,FLEX,HPQ,JBL,LRCX,MU,NXPI,PANW,PTC,QCOM,TRMB,WDC,ACGL,AMP,BAC,C,COF,GL,HBAN,HIG,IVZ,KEY,MET,MTB,PNC,PRU,SYF,USB,APA,DVN,EOG,FANG,HAL,OKE,OXY,SLB,TRGP,BA,DAL,EME,GE,RTX,SWK,TDG,UAL"
2020-05-15,6,4,21,39,21,39,0.5,0.5,1.0,mixed,0.46153846153846134,0.5957446808510639,"ABT,INCY,LLY,TECH,TMO,VEEV,WST,CLX,COST,DG,GIS,HRL,PG,WMT,D,ED,ES,EXC,PEG,DD,SHW","CDW,CTSH,FICO,HPQ,LRCX,MU,NXPI,PTC,QCOM,SMCI,TRMB,WDC,ACGL,BAC,FITB,GL,HBAN,HIG,IVZ,KEY,L,MET,MTB,PRU,SYF,APA,EOG,HAL,MPC,OKE,OXY,SLB,TRGP,ALLE,BA,EME,GE,RTX,TDG"
2020-05-22,6,4,17,29,17,29,0.5,0.5,1.0,mixed,0.6666666666666666,0.8205128205128205,"ABT,INCY,LLY,TECH,TMO,VEEV,WST,DG,GIS,WMT,ATO,CNP,D,ES,EXC,DD,NEM","AAPL,CDW,CTSH,FICO,HPQ,LRCX,MU,PTC,QCOM,SMCI,WDC,ACGL,EG,FITB,HBAN,IVZ,KEY,MTB,RJF,TROW,WFC,APA,OKE,OXY,ALLE,FIX,GE,RTX,TDG"
2020-05-29,5,5,14,31,14,31,0.5,0.5,1.0,mixed,1.0588235294117645,0.7096774193548387,"EQT,ABT,INCY,LLY,TECH,WST,DG,KMB,MKC,APD,DD,ECL,NEM,NUE","CDW,CRM,CTSH,HPQ,LRCX,MSI,MU,QCOM,SMCI,ACGL,CFG,CINF,EG,FITB,HBAN,IVZ,L,MTB,RF,RJF,TROW,WFC,ALLE,CTAS,FIX,GE,TDG,TT,AEP,AES,PNW"
2020-06-05,6,4,30,28,30,28,0.5,0.5,1.0,mixed,1.2,0.7741935483870968,"EQT,ABT,INCY,LLY,PFE,TECH,WST,AME,BR,CAT,CHRW,CMI,EFX,GWW,IEX,JBHT,MAS,NDSN,NSC,PWR,UAL,AMZN,CMG,LULU,DG,MKC,APD,DD,ECL,NUE","CDW,CRM,CTSH,GEN,HPQ,LRCX,MSI,MU,NTAP,ON,ACGL,AON,C,CFG,CINF,EG,IVZ,KEY,MTB,RF,RJF,TFC,TROW,WFC,AEP,EIX,PNW,SO"
2020-06-12,6,4,27,26,27,26,0.5,0.5,1.0,mixed,0.7333333333333331,0.7142857142857143,"CVX,DVN,DHR,RVTY,TECH,WST,AME,BR,CMI,EFX,GWW,JBHT,MAS,NDSN,NSC,UAL,AMZN,CMG,HAS,LULU,BF-B,CLX,MKC,CF,DD,ECL,NUE","CRM,CTSH,FLEX,GEN,HPQ,MSFT,MU,NXPI,ACGL,AON,BLK,C,CINF,COF,EG,KEY,L,MRSH,RJF,TROW,WFC,AEP,EIX,PNW,SO,WEC"
2020-06-19,6,4,35,18,35,18,0.5,0.5,1.0,mixed,1.0285714285714285,1.153846153846154,"APO,BNY,CFG,CPAY,GS,MA,SYF,WFC,WTW,CVX,DVN,ALGN,BSX,DHR,RVTY,TECH,VEEV,WST,BR,DAL,MAS,NSC,UAL,VRSK,CCL,CMG,EBAY,HAS,LULU,MGM,WYNN,CF,DD,ECL,NUE","AMD,CRM,CTSH,FLEX,GEN,JBL,MSFT,MSI,MU,NXPI,HSY,MO,PM,EIX,NI,PNW,SO,WEC"
2020-06-26,5,5,36,23,36,23,0.5,0.5,1.0,mixed,0.6666666666666666,0.6956521739130435,"AMP,APO,BX,CFG,CPAY,FDS,GS,ICE,MS,SPGI,SYF,WFC,WTW,DVN,BR,CPRT,DAL,DE,FAST,MAS,NSC,SNA,UAL,CCL,CMG,EBAY,HAS,LOW,LULU,MGM,TSCO,WYNN,CF,DD,ECL,NUE","AMD,CRM,CTSH,GEN,INTC,MSFT,MSI,MU,NXPI,GILD,LLY,HRL,HSY,PM,AWK,CMS,EIX,ES,NI,PNW,SO,WEC,XEL"
2020-07-03,5,5,30,24,30,24,0.5,0.5,1.0,mixed,0.6666666666666666,0.33333333333333337,"AMP,APO,BX,CFG,CPAY,FDS,GS,MS,SYF,TFC,DVN,SLB,CPRT,DAL,EXPD,NSC,SNA,UAL,URI,CCL,EBAY,HAS,LOW,LULU,MGM,TSCO,WSM,WYNN,DD,PPG","AMD,CTSH,GEN,INTC,MSFT,MSI,MU,BIIB,GILD,LLY,CLX,HRL,HSY,PM,AWK,CMS,ED,ES,LNT,NI,PNW,SO,WEC,XEL"
2020-07-10,5,5,33,26,33,26,0.5,0.5,1.0,mixed,0.606060606060606,0.3076923076923076,"AMP,APO,CFG,COF,CPAY,FDS,GS,MS,PFG,PRU,TFC,DVN,SLB,WMB,AOS,CPRT,CTAS,DAL,EME,SNA,URI,CCL,EBAY,HAS,LOW,LULU,MGM,RCL,TSCO,WSM,WYNN,AMCR,MOS","AMD,CTSH,GEN,INTC,MSFT,MSI,MU,ORCL,TYL,BIIB,GILD,LLY,VTRS,CLX,HRL,HSY,PG,PM,CMS,ED,ES,LNT,NI,SO,WEC,XEL"
2020-07-17,5,5,32,29,32,29,0.5,0.5,1.0,mixed,0.5454545454545454,0.34482758620689674,"AMP,COF,FDS,KKR,MS,PFG,TFC,DVN,SLB,AOS,CMI,CTAS,DAL,EME,JCI,PNR,SNA,UNP,URI,CCL,DECK,EBAY,GPC,HAS,LOW,MGM,RCL,TPR,TSCO,WSM,AMCR,MOS","AAPL,AMD,CTSH,GEN,INTC,MSFT,MU,ORCL,TYL,WDC,GILD,LLY,VTRS,CLX,GIS,HRL,HSY,KO,PG,PM,CMS,D,ED,ES,LNT,NI,SO,WEC,XEL"
2020-07-24,5,5,36,26,36,26,0.5,0.5,1.0,mixed,0.38888888888888884,0.6206896551724138,"AIG,AMP,COF,HIG,KKR,MET,MS,PFG,PNC,TFC,BKR,DVN,SLB,AOS,BA,CMI,CTAS,DAL,EME,JCI,PNR,URI,WAB,CCL,DECK,EBAY,GPC,HAS,LOW,MGM,RCL,TPR,TSCO,WSM,AMCR,MOS","AAPL,AMD,ANET,GEN,INTC,MSFT,MU,ORCL,STX,TYL,WDC,LLY,PFE,PODD,VTRS,CLX,GIS,HRL,KMB,PG,TAP,D,ED,NI,SO,WEC"
2020-07-31,5,5,34,25,34,25,0.5,0.5,1.0,mixed,0.38888888888888884,0.30769230769230765,"AIG,AMP,COF,HIG,KKR,L,MET,MS,PFG,TFC,BKR,SLB,BA,CTAS,DAL,EME,JCI,RTX,URI,CCL,DECK,EBAY,GPC,HAS,LOW,MGM,NCLH,RCL,RL,TPR,TSCO,ULTA,WSM,MOS","ANET,FFIV,GEN,INTC,MSFT,MU,ORCL,STX,TYL,VRSN,LLY,PFE,PODD,VRTX,VTRS,CLX,GIS,HRL,KMB,TAP,D,ED,NI,SO,WEC"
2020-08-07,6,4,30,26,30,26,0.5,0.5,1.0,mixed,0.6470588235294119,0.5384615384615384,"AIG,COF,EG,HIG,KKR,L,MTB,BKR,HAL,TRGP,CTAS,DAL,EME,JCI,LII,RTX,CCL,CMG,DECK,EXPE,GPC,HAS,LOW,MGM,RL,TPR,TSCO,ULTA,WSM,MOS","ANET,FFIV,GEN,INTC,KEYS,MSFT,MU,NTAP,ORCL,STX,TDY,TYL,VRSN,CI,CVS,LLY,PFE,VRTX,VTRS,CLX,D,DUK,ED,FE,SO,WEC"
2020-08-14,6,4,30,23,30,23,0.5,0.5,1.0,mixed,0.5333333333333333,0.38461538461538447,"EG,HIG,IVZ,KKR,L,MTB,BKR,OXY,TRGP,CTAS,DAL,EME,GE,GNRC,JCI,LII,RTX,DECK,EXPE,GPC,HAS,LVS,RL,ROST,TPR,TSCO,ULTA,FCX,IP,MOS","ANET,FFIV,GDDY,GEN,INTC,KEYS,MSFT,MU,NTAP,ORCL,STX,TDY,TYL,VRSN,CI,CVS,PFE,VRTX,CLX,PEP,DUK,FE,SO"
2020-08-21,6,4,27,20,27,20,0.5,0.5,1.0,mixed,0.5333333333333332,0.5217391304347826,"EG,HIG,IVZ,KKR,L,MTB,BKR,OXY,EME,FDX,GE,GNRC,JCI,LII,RTX,UPS,BBY,HLT,LVS,RL,ROST,TPR,TSCO,FCX,IP,LIN,MOS","ANET,FFIV,GDDY,IBM,KEYS,NTAP,ORCL,STX,TDY,TYL,VRSN,BIIB,CI,CVS,HUM,VRTX,PEP,DUK,FE,SO"
2020-08-28,6,4,24,19,24,19,0.5,0.5,1.0,mixed,0.7407407407407407,0.2999999999999999,"BRO,IVZ,L,BKR,EME,FDX,FIX,GE,GNRC,JCI,LII,SWK,TT,UPS,BBY,EBAY,LVS,RL,ROST,APD,FCX,IP,LIN,VMC","ANET,CSCO,FFIV,GDDY,IBM,KEYS,NTAP,ORCL,TYL,VRSN,BIIB,CI,CVS,HUM,DG,PEP,DUK,FE,SO"
2020-09-04,6,4,23,25,23,25,0.5,0.5,1.0,mixed,0.4166666666666667,0.7200000000000001,"AFL,BRO,IVZ,L,BKR,BLDR,EME,FDX,FIX,GE,GNRC,LII,TT,UPS,BBY,MCD,NVR,RL,APD,FCX,IP,LIN,VMC","ANET,CSCO,FFIV,FTNT,GDDY,IBM,KEYS,MSFT,NOW,NTAP,NVDA,ORCL,TYL,VRSN,ZBRA,BAX,CI,CVS,ELV,HUM,TECH,DG,PEP,DUK,PCG"
2020-09-11,7,3,25,27,25,27,0.5,0.5,1.0,mixed,0.5599999999999999,0.37037037037037035,"AFL,AMP,BRO,ERIE,IVZ,L,BKR,BLDR,DE,EME,FDX,FIX,GE,GNRC,LII,TT,BBY,DHI,MCD,NVR,CMS,LNT,NEE,APD,FCX","ADI,ANET,CSCO,FFIV,FTNT,GDDY,KEYS,MPWR,MSFT,NOW,NTAP,NVDA,ORCL,SMCI,TYL,VRSN,ZBRA,BAX,CI,CVS,ELV,HUM,TECH,VRTX,DG,GIS,PEP"
2020-09-18,7,3,26,29,26,29,0.5,0.5,1.0,mixed,0.6923076923076923,0.48275862068965514,"AIZ,BRO,ERIE,IVZ,L,BLDR,DE,FIX,GNRC,TT,BBY,DHI,MCD,NVR,TJX,CASY,PG,PM,CMS,ED,LNT,NEE,NI,WEC,XEL,FCX","ADI,ANET,CSCO,FFIV,FTNT,GDDY,MPWR,MSFT,NOW,NTAP,NVDA,PANW,SMCI,TYL,VRSN,ZBRA,EOG,TPL,XOM,BAX,CAH,CI,CNC,CVS,ELV,HUM,TECH,VEEV,VRTX"
2020-09-25,7,3,29,35,29,35,0.5,0.5,1.0,mixed,0.5517241379310345,0.4571428571428572,"AIZ,ERIE,IVZ,L,BLDR,CTAS,DE,FIX,GNRC,PWR,TT,UPS,BBY,DHI,LEN,MCD,TJX,YUM,CASY,MDLZ,PG,PM,TGT,CMS,ED,LNT,WEC,XEL,SHW","ADI,AKAM,ANET,CSCO,FFIV,FTNT,KLAC,MCHP,MPWR,MSFT,NOW,NTAP,PANW,PTC,SMCI,TYL,VRSN,ZBRA,CVX,EOG,TPL,XOM,BAX,CAH,CI,CNC,CVS,DXCM,ELV,HUM,REGN,TECH,VEEV,VRTX,WST"
2020-10-02,7,3,27,36,27,36,0.5,0.5,1.0,mixed,0.4137931034482758,0.3888888888888889,"AIZ,L,BLDR,CTAS,FIX,GNRC,PWR,SWK,TT,UPS,BBY,DHI,LEN,MCD,SBUX,YUM,ADM,CASY,COST,MDLZ,PG,TGT,ED,LNT,WEC,XEL,SHW","ADI,ADSK,AKAM,ANET,CSCO,FFIV,FTNT,INTC,KLAC,MCHP,MPWR,NOW,PANW,PTC,ROP,SMCI,SNPS,TYL,VRSN,ZBRA,CVX,EOG,TPL,XOM,ABBV,BAX,CAH,CNC,DXCM,ELV,RMD,TECH,TMO,VEEV,VRTX,WST"
2020-10-09,7,3,26,34,26,34,0.5,0.5,1.0,mixed,0.37037037037037046,0.2777777777777778,"AIZ,L,BLDR,CTAS,FIX,PWR,SWK,TT,BBY,DHI,LEN,MCD,SBUX,YUM,ADM,CASY,COST,HSY,MDLZ,TGT,ED,WEC,FCX,MOS,NUE,SHW","ADI,ADSK,AKAM,ANET,CSCO,FFIV,FTNT,INTC,KLAC,MCHP,MPWR,PANW,PTC,ROP,SMCI,SNPS,VRSN,ZBRA,CVX,EOG,OXY,XOM,ABBV,BAX,CAH,CNC,COR,DHR,DXCM,RMD,TMO,VEEV,VRTX,WST"
2020-10-16,7,3,24,34,24,34,0.5,0.5,1.0,mixed,0.4615384615384614,0.11764705882352941,"AIZ,L,BLDR,CPRT,FDX,PWR,BBY,DHI,LEN,MCD,SBUX,YUM,ADM,BF-B,CASY,COST,TGT,WMT,ED,WEC,FCX,MOS,NUE,SHW","ADI,ADSK,AKAM,ANET,CIEN,CSCO,FICO,INTC,KLAC,MCHP,MPWR,PANW,PTC,ROP,SMCI,SNPS,VRSN,ZBRA,CVX,EOG,OXY,XOM,ABBV,BAX,CAH,CNC,COR,DHR,DXCM,RMD,TMO,VEEV,VRTX,WST"
2020-10-23,7,3,25,34,25,34,0.5,0.5,1.0,mixed,0.23999999999999988,0.29411764705882354,"AFL,AIZ,CME,L,CPRT,FDX,PWR,BBY,LEN,MCD,SBUX,YUM,ADM,BF-B,CASY,COST,EL,TGT,WMT,ED,WEC,FCX,MOS,NUE,SHW","ADI,AKAM,AMAT,ANET,CIEN,CSCO,FICO,KLAC,MPWR,PANW,PTC,ROP,SMCI,VRSN,ZBRA,CVX,EOG,OXY,TPL,XOM,ABBV,AMGN,BAX,BDX,CAH,CNC,COR,CRL,DHR,DXCM,RMD,TMO,VEEV,WST"
2020-10-30,7,3,22,29,22,29,0.5,0.5,1.0,mixed,0.39999999999999997,0.5882352941176469,"AFL,AIZ,CME,L,CPRT,FDX,HON,MCD,NKE,SBUX,YUM,ADM,BF-B,CASY,COST,EL,WMT,ED,WEC,FCX,MOS,NUE","AKAM,CIEN,CSCO,FICO,GDDY,LRCX,PANW,PTC,ROP,CVX,EOG,FANG,OXY,TPL,XOM,ABBV,AMGN,BDX,CNC,COR,CRL,DHR,DXCM,JNJ,RMD,RVTY,TMO,VEEV,WST"
2020-11-06,7,4,28,22,28,22,0.5,0.5,1.0,mixed,0.7142857142857143,0.6206896551724137,"AFL,CBOE,CME,ERIE,CAT,CPRT,FDX,HON,XYL,BBY,MCD,NKE,SBUX,YUM,ADM,BF-B,COST,EL,PG,WMT,ED,FE,WEC,AVY,BALL,FCX,NUE,STLD","AKAM,CIEN,GDDY,PANW,PTC,ROP,CVX,EOG,FANG,OXY,XOM,A,ABBV,AMGN,BDX,CI,CRL,DHR,DXCM,TMO,VEEV,WST"
2020-11-13,7,4,27,19,27,19,0.5,0.5,1.0,mixed,0.5714285714285713,0.4545454545454545,"AFL,CBOE,CME,JPM,RJF,CAT,CPRT,DE,HON,LHX,NOC,XYL,MCD,NKE,YUM,ADM,COST,DG,EL,PG,WMT,ED,FE,AVY,BALL,IP,NUE","AKAM,CIEN,GDDY,ROP,CVX,FANG,XOM,A,AMGN,BDX,CI,CRL,CVS,DHR,DXCM,RVTY,TMO,VEEV,WST"
2020-11-20,6,5,18,20,18,20,0.5,0.5,1.0,mixed,0.8148148148148147,0.6,"CBOE,JPM,RJF,HON,LHX,COST,DG,EL,PEP,PG,WMT,ED,FE,AVY,BALL,CF,IP,NUE","AKAM,GDDY,ROP,XOM,A,AMGN,BDX,CRL,DHR,DXCM,ISRG,MTD,RVTY,TMO,VEEV,WST,CMG,LOW,LULU,ORLY"
2020-11-27,6,5,26,20,26,20,0.5,0.5,1.0,mixed,0.7692307692307692,0.1,"CBOE,IVZ,JPM,RJF,SCHW,AXON,ETN,HON,LHX,PAYX,PH,TT,COST,DG,EL,WMT,AES,ED,FE,AVY,BALL,CF,ECL,IP,NUE,STLD","AKAM,GDDY,ROP,XOM,A,AMGN,BDX,CRL,DHR,DXCM,GILD,MTD,RVTY,TMO,VEEV,WST,CMG,LOW,LULU,ORLY"
2020-12-04,7,4,27,19,27,19,0.5,0.5,1.0,mixed,0.37037037037037057,0.4999999999999999,"CBOE,IVZ,JPM,RJF,SCHW,PSX,ALLE,AME,AXON,ETN,HON,LHX,PAYX,PH,TT,COST,EL,PEP,WMT,AES,AVY,BALL,CF,ECL,IP,NUE,PKG","AKAM,ROP,SMCI,A,ABT,AMGN,BSX,CRL,DXCM,GILD,MTD,RVTY,VEEV,VRTX,WST,CMG,LOW,LULU,ORLY"
2020-12-11,7,4,25,20,25,20,0.5,0.5,1.0,mixed,0.4444444444444444,0.29999999999999993,"AIZ,CBOE,IVZ,JPM,RJF,SCHW,PSX,ALLE,AME,AXON,HON,LHX,PAYX,PH,COST,EL,PEP,SO,ALB,AVY,BALL,ECL,IP,PKG,STLD","AKAM,A,ABT,AMGN,BSX,CRL,DXCM,GILD,MRK,MTD,RVTY,VEEV,VRTX,WST,ZTS,CMG,HD,LOW,LULU,ORLY"
2020-12-18,7,4,23,20,23,20,0.5,0.5,1.0,mixed,0.64,0.1,"BNY,IVZ,JPM,RJF,SCHW,TRV,TPL,ADP,ALLE,AXON,HON,PAYX,PH,SNA,EL,PEP,EXC,ALB,AVY,ECL,IP,PKG,STLD","AKAM,A,ABT,AMGN,BSX,CRL,DXCM,GILD,JNJ,MRK,MTD,RVTY,VRTX,WST,ZTS,CMG,HD,LOW,LULU,ORLY"
2020-12-25,7,4,25,24,25,24,0.5,0.5,1.0,mixed,0.3199999999999999,0.4166666666666668,"BNY,CPAY,IVZ,JPM,SCHW,TRV,EOG,TPL,ADP,ALLE,AXON,HON,PAYX,PH,SNA,XYL,CL,PEP,EXC,ALB,AVY,ECL,IP,PKG,STLD","ADBE,AKAM,CRM,A,ABT,AMGN,BSX,CRL,DXCM,GILD,ISRG,JNJ,MRK,MTD,RVTY,TMO,VRTX,WST,ZTS,CMG,HD,LOW,MCD,ORLY"
2021-01-01,6,5,25,26,25,26,0.5,0.5,1.0,mixed,0.56,0.4615384615384614,"AFL,BNY,CB,JPM,MTB,SCHW,TRV,EOG,MPC,TPL,VLO,ALLE,AXON,EMR,HON,PAYX,PH,SNA,CNP,EXC,ALB,ECL,IP,PKG,STLD","ADBE,CRM,A,ABT,BSX,CRL,DHR,DXCM,GILD,ISRG,MRK,MTD,RVTY,TMO,WST,ZTS,BBY,CMG,HD,LOW,MCD,ORLY,ADM,KMB,MDLZ,PG"
2021-01-08,6,5,25,28,25,28,0.5,0.5,1.0,mixed,0.56,0.2857142857142857,"BNY,CB,EG,JPM,MS,MTB,SCHW,MPC,TPL,VLO,ADP,ALLE,AXON,CSX,EME,EMR,HON,PH,URI,CNP,EXC,ALB,ECL,IFF,STLD","ADBE,CRM,A,ABT,BSX,CRL,DHR,DXCM,GILD,INCY,ISRG,MRK,MTD,TMO,WST,ZTS,BBY,CMG,GPC,HD,LOW,MCD,ORLY,ADM,CHD,MDLZ,MNST,PG"
2021-01-15,6,5,25,29,25,29,0.5,0.5,1.0,mixed,0.64,0.4137931034482758,"BAC,EG,GS,MS,MTB,PNC,SCHW,DVN,EOG,MPC,TPL,VLO,ALLE,AXON,EME,EMR,PH,TXT,URI,EXC,NI,PCG,ALB,IFF,STLD","ADBE,CRM,WDAY,A,ABT,BSX,CRL,DHR,DXCM,GILD,HUM,MRK,MTD,PODD,STE,TMO,WST,ZTS,BBY,CMG,GPC,HD,LOW,MCD,BF-B,CHD,DG,MNST,PG"
2021-01-22,5,6,19,29,19,29,0.5,0.5,1.0,mixed,0.64,0.3448275862068966,"BAC,GS,MS,PNC,DVN,EOG,FANG,TPL,VLO,ALLE,AXON,EME,EMR,TXT,URI,ATO,EXC,NI,PCG","ADBE,CRM,NOW,WDAY,A,ABT,BSX,DHR,DXCM,HUM,MRK,MTD,PODD,STE,TMO,WST,ZTS,BBY,GPC,HD,LOW,MCD,DG,HRL,MNST,PG,AMCR,APD,SHW"
2021-01-29,4,7,16,36,16,36,0.5,0.5,1.0,mixed,0.4210526315789474,0.5555555555555556,"BAC,GS,MS,PNC,DVN,EOG,FANG,OXY,TPL,VLO,ALLE,AXON,EME,EMR,TXT,URI","ADBE,CRM,NOW,NVDA,ORCL,QCOM,WDAY,A,ABT,AMGN,BSX,DHR,HUM,IDXX,MRK,MTD,PODD,STE,TMO,WST,ZTS,BBY,GPC,HD,LOW,MCD,DG,HRL,PG,WMT,CMS,ED,LNT,WEC,AMCR,SHW"
2021-02-05,4,7,18,30,18,30,0.5,0.5,1.0,mixed,0.22222222222222227,0.4444444444444443,"BAC,GS,JPM,MS,PNC,DVN,EOG,FANG,OXY,TPL,VLO,ALLE,AXON,EME,EMR,TXT,URI,WAB","ADBE,NVDA,QCOM,WDAY,A,AMGN,DHR,HUM,IDXX,MRK,MTD,PODD,STE,TMO,UNH,WST,ZTS,BBY,GPC,HD,MCD,DG,PG,WMT,AEP,CMS,ED,LNT,WEC,SHW"
2021-02-12,4,7,19,30,19,30,0.5,0.5,1.0,mixed,0.5263157894736843,0.4,"BAC,GS,IBKR,IVZ,JPM,MS,PNC,RF,RJF,DVN,EOG,FANG,OXY,TPL,AXON,EME,EMR,HON,TXT","ADBE,MSI,NVDA,QCOM,A,DHR,HUM,IDXX,MRK,MTD,STE,UNH,WST,ZTS,BBY,DECK,GPC,MCD,COST,DG,PG,WMT,AEE,AEP,ED,ETR,LNT,PNW,WEC,SHW"
2021-02-19,4,7,17,28,17,28,0.5,0.5,1.0,mixed,0.9473684210526314,0.7333333333333332,"AAPL,FTNT,MU,NTAP,ON,BAC,GS,IBKR,IVZ,JPM,MTB,PNC,RF,SCHW,EOG,FANG,OXY","A,ALGN,HUM,IDXX,MRK,STE,ZTS,CPRT,CTAS,DOV,ITW,NSC,PWR,DECK,GPC,COST,DG,KMB,WMT,AEE,AEP,ED,ETR,LNT,PNW,WEC,BALL,SHW"
2021-02-26,5,6,23,19,23,19,0.5,0.5,1.0,mixed,0.7826086956521738,0.9999999999999999,"FTNT,KLAC,MU,NTAP,ON,SWKS,TRMB,BAC,COF,GS,IBKR,IVZ,JPM,MTB,RF,SCHW,EOG,FANG,BAX,JNJ,LLY,VRTX,WAT","CPRT,CTAS,GWW,HON,NSC,DECK,CL,COST,DG,KMB,WMT,AEE,AEP,ED,ETR,PNW,APD,BALL,LIN"
2021-03-05,5,6,28,18,28,18,0.5,0.5,1.0,mixed,0.6428571428571428,0.5263157894736842,"AMAT,CSCO,FTNT,KLAC,LRCX,MU,NXPI,ON,PTC,SWKS,TER,TRMB,ZBRA,BAC,COF,GS,IBKR,IVZ,JPM,MET,MTB,RF,FANG,BAX,JNJ,LLY,TECH,VRTX","CPRT,GWW,HON,NSC,VRSK,DECK,BF-B,CL,COST,PEP,WMT,AEE,ETR,PNW,APD,BALL,ECL,LIN"
2021-03-12,5,6,27,21,27,21,0.5,0.5,1.0,mixed,0.42857142857142855,0.476190476190476,"AMAT,CSCO,HPQ,KLAC,LRCX,MCHP,MU,NXPI,PTC,SWKS,ZBRA,BAC,COF,GS,IBKR,JPM,MTB,RF,EOG,FANG,MPC,BAX,BSX,JNJ,LLY,TECH,VRTX","AME,CPRT,CSX,GWW,HON,VRSK,DECK,NKE,YUM,CL,COST,PEP,WMT,AEE,ETR,PNW,ALB,APD,BALL,ECL,LIN"
2021-03-19,4,7,16,34,16,34,0.5,0.5,1.0,mixed,1.037037037037037,1.0,"BAC,CME,COF,IBKR,JPM,MTB,RF,WFC,EOG,MPC,OXY,BAX,BSX,JNJ,LLY,TECH","ACN,ADBE,AMD,APH,COHR,CTSH,FICO,LRCX,QCOM,TER,TRMB,AME,BR,CPRT,CSX,GWW,HON,IEX,PWR,VRSK,DECK,NKE,YUM,CL,COST,PEP,CMS,ETR,ALB,AMCR,APD,BALL,ECL,FCX"
2021-03-26,6,5,17,34,17,34,0.5,0.5,1.0,mixed,0.3529411764705882,0.3529411764705882,"BAC,CME,IBKR,JPM,MTB,PNC,RF,WFC,DVN,EOG,MPC,OXY,ABT,BAX,BSX,JNJ,LLY","ACN,AMD,APH,COHR,CTSH,FICO,GDDY,LRCX,NVDA,TER,TRMB,AME,BR,CPRT,CSX,GWW,HON,IEX,PNR,PWR,ROL,RSG,VRSK,DECK,LULU,NKE,YUM,CL,COST,PEP,ALB,AMCR,BALL,FCX"
2021-04-02,6,5,17,37,17,37,0.5,0.5,1.0,mixed,0.5882352941176471,0.4324324324324324,"AON,BAC,CME,JPM,MTB,PNC,WFC,DVN,EOG,ABT,AMGN,BAX,BSX,COR,JNJ,LH,AEP","AAPL,AMD,APH,COHR,CTSH,FICO,GDDY,NVDA,PANW,PTC,TER,TRMB,AME,BR,CPRT,CSX,GWW,HON,PNR,PWR,ROL,VRSK,DECK,LULU,NKE,BF-B,CL,COST,DG,PEP,STZ,WMT,ALB,AMCR,BALL,FCX,SHW"
2021-04-09,7,4,29,27,29,27,0.5,0.5,1.0,mixed,1.310344827586207,0.7027027027027026,"AON,BAC,FIS,PNC,WFC,WRB,EOG,MPC,TPL,ABT,BAX,BDX,COR,LH,CAT,EMR,FIX,HUBB,LMT,NOC,RSG,UAL,WM,AEP,CMS,ED,ETR,PPL,WEC","AAPL,ADBE,ADSK,AMD,APH,AVGO,COHR,CTSH,FICO,GDDY,PANW,PTC,TER,TRMB,DECK,LULU,NKE,BF-B,CL,COST,DG,PEP,STZ,WMT,BALL,FCX,SHW"
2021-04-16,7,4,35,24,35,24,0.5,0.5,1.0,mixed,0.914285714285714,0.8888888888888887,"ACGL,AON,BAC,FIS,FISV,WFC,WRB,WTW,COP,EOG,FANG,KMI,TPL,CAT,FIX,HUBB,J,LMT,ODFL,RSG,SNA,UAL,WM,HRL,KDP,KMB,MO,PM,TSN,AEP,ED,ETR,NRG,PPL,WEC","AAPL,ADBE,ADSK,AMD,COHR,GDDY,NOW,PANW,PTC,TER,TRMB,DVA,EW,INCY,VTRS,WST,DECK,LULU,NKE,TSLA,BALL,DD,SHW,SW"
2021-04-23,8,3,41,20,41,20,0.5,0.5,1.0,mixed,0.6341463414634146,0.6666666666666667,"ACGL,AON,AXP,EG,FIS,FISV,MRSH,USB,V,WFC,WRB,WTW,COP,EOG,FANG,KMI,TPL,BAX,BMY,CI,COR,LH,UNH,FIX,HUBB,J,LMT,ODFL,RSG,SNA,UAL,WM,HRL,KDP,KMB,PM,SJM,TSN,DTE,ED,WEC","AAPL,ADBE,ADSK,AMD,COHR,CRM,GDDY,KLAC,NOW,PANW,TER,TRMB,ZBRA,DECK,NKE,TSLA,DD,MOS,SHW,SW"
2021-04-30,8,3,46,19,46,19,0.5,0.5,1.0,mixed,0.565217391304348,0.49999999999999994,"ACGL,AON,AXP,BRK-B,BRO,FIS,FISV,HIG,JKHY,MA,MCO,MRSH,USB,V,WFC,WTW,COP,CVX,EOG,KMI,BAX,BMY,CI,COR,ELV,UNH,ZBH,DOV,FIX,HUBB,J,LMT,ODFL,RSG,UAL,WM,HSY,KDP,PM,SJM,TSN,DTE,DUK,ED,NI,WEC","AAPL,ADSK,AMAT,AMD,COHR,CRM,FSLR,KLAC,NOW,PANW,TER,ZBRA,DECK,TSLA,BALL,FCX,MOS,SHW,SW"
2021-05-07,8,3,52,19,52,19,0.5,0.5,1.0,mixed,0.46153846153846145,0.3157894736842105,"ACGL,AON,AXP,BRK-B,BRO,CME,EG,FIS,FISV,GL,HIG,JKHY,KKR,MA,MCO,MRSH,PRU,SPGI,USB,V,WFC,WTW,CVX,KMI,BMY,CI,CNC,COR,ELV,REGN,UNH,DOV,J,LMT,ODFL,RSG,UAL,WM,HSY,KDP,PM,SJM,TSN,CNP,D,DTE,DUK,ED,NI,SRE,WEC,XEL","AAPL,ADSK,AMAT,AMD,COHR,CRM,FSLR,KLAC,MRVL,NOW,PANW,PTC,SNPS,TER,ZBRA,DECK,TSLA,BALL,MOS"
2021-05-14,8,3,56,18,56,18,0.5,0.5,1.0,mixed,0.2857142857142858,0.42105263157894723,"ACGL,AIZ,AON,BRK-B,BRO,CME,EG,FDS,FIS,FISV,GL,GPN,HIG,JKHY,KKR,MA,MCO,MRSH,NTRS,PGR,PRU,SPGI,USB,V,WFC,WTW,CVX,KMI,CI,CNC,COR,ELV,IQV,REGN,UNH,DOV,ETN,J,LMT,ODFL,RSG,WM,HSY,KDP,PM,SJM,TSN,AEE,CNP,D,DTE,DUK,NI,SRE,WEC,XEL","AAPL,AMAT,AMD,COHR,CRM,FSLR,KLAC,MPWR,MRVL,NOW,PTC,SNPS,TER,ZBRA,HAS,TSLA,BALL,FCX"
2021-05-21,8,3,64,16,64,16,0.5,0.5,1.0,mixed,0.4062499999999999,0.33333333333333326,"ACGL,AJG,ALL,AON,BAC,BRK-B,BRO,BX,CME,EG,FDS,FIS,FISV,GL,GPN,HIG,JKHY,KKR,L,MA,MCO,MRSH,NDAQ,NTRS,PGR,PRU,SPGI,USB,V,WFC,WTW,CVX,KMI,CNC,ELV,IQV,MRK,REGN,UHS,UNH,DOV,ITW,J,LMT,ODFL,RSG,VRSK,WM,GIS,HSY,KDP,MO,PM,SJM,AEE,CNP,D,DTE,DUK,NI,PNW,SRE,WEC,XEL","AAPL,AMAT,AMD,COHR,CRM,FSLR,KLAC,MRVL,NOW,PTC,TER,ZBRA,HAS,TSLA,BALL,CF"
2021-05-28,5,6,34,17,34,17,0.5,0.5,1.0,mixed,1.0937499999999998,1.0588235294117647,"BIIB,CNC,ELV,IQV,MRK,REGN,UHS,UNH,DOV,EXPD,FAST,IEX,ITW,J,ODFL,RSG,VRSK,WM,CLX,GIS,HSY,KDP,MO,PM,SJM,AEE,CNP,D,DUK,NI,PNW,SRE,WEC,XEL","AMAT,KLAC,NOW,PTC,ZBRA,CB,IBKR,MTB,SCHW,TRV,PSX,TPL,DECK,HAS,TSLA,ULTA,CF"
2021-06-04,5,6,43,20,43,20,0.5,0.5,1.0,mixed,0.5116279069767442,0.5,"BIIB,CNC,HSIC,HUM,IQV,MRK,REGN,UHS,UNH,BR,DOV,EFX,EXPD,FAST,FIX,IEX,ITW,J,NDSN,ODFL,RSG,VRSK,WM,CLX,DG,GIS,HSY,MDLZ,MO,PEP,PG,PM,SJM,AEE,CNP,D,DUK,ETR,NI,PNW,SRE,WEC,XEL","AMAT,KLAC,MPWR,NOW,PTC,TYL,WDAY,ZBRA,CB,IBKR,MS,MTB,SCHW,TRV,TPL,CMG,DECK,HAS,TSLA,ULTA"
2021-06-11,5,6,31,30,31,30,0.5,0.5,1.0,mixed,0.9302325581395349,0.8666666666666668,"CVS,HSIC,HUM,IQV,MRK,REGN,UHS,WST,CLX,DG,GIS,HSY,MDLZ,PEP,PG,SJM,AEE,CNP,D,DUK,ES,ETR,NI,PNW,SRE,XEL,AVY,ECL,NEM,PPG,SHW","AMAT,KLAC,MPWR,PTC,SWKS,TYL,WDAY,ZBRA,BAC,IBKR,MTB,SCHW,TFC,TRV,TPL,AXON,BA,BLDR,CMI,CSX,EMR,GNRC,PCAR,SNA,TDG,CMG,DECK,HAS,TSLA,ULTA"
2021-06-18,5,6,31,32,31,32,0.5,0.5,1.0,mixed,0.25806451612903225,0.37499999999999994,"BAX,CVS,DVA,HSIC,INCY,IQV,MRK,REGN,WST,CLX,DG,GIS,HSY,MDLZ,PEP,PG,SJM,CNP,D,DUK,ES,ETR,PNW,SRE,XEL,AVY,ECL,NEM,NUE,PPG,SHW","ADSK,AMAT,CDNS,KLAC,LRCX,MPWR,PTC,SWKS,TYL,WDAY,ZBRA,ACGL,ARES,BAC,IBKR,MTB,SCHW,TFC,TRV,TPL,BA,BLDR,CMI,CSX,GNRC,SNA,CMG,DECK,HAS,LVS,TSLA,ULTA"
2021-06-25,4,7,25,33,25,33,0.5,0.5,1.0,mixed,0.967741935483871,0.36363636363636376,"BAX,BMY,CVS,DVA,EW,GILD,HSIC,INCY,REGN,VTRS,WST,BF-B,CLX,DG,GIS,HSY,KO,MDLZ,MKC,PEP,WMT,CNP,ES,ETR,NI","ADSK,AMAT,CDNS,CDW,IT,KLAC,LRCX,MPWR,SWKS,TYL,WDAY,ZBRA,ACGL,ARES,ERIE,IBKR,MTB,TFC,TRV,TPL,BA,BLDR,CMI,CSX,GNRC,SNA,UAL,CMG,LVS,TSLA,ULTA,ALB,NUE"
2021-07-02,4,7,28,35,28,35,0.5,0.5,1.0,mixed,0.2142857142857143,0.28571428571428586,"BAX,BMY,CVS,DVA,EW,GILD,HSIC,INCY,ISRG,REGN,VTRS,WST,BF-B,CLX,COST,DG,GIS,HSY,KO,MDLZ,MKC,PEP,TGT,WMT,CNP,ES,ETR,NI","ADSK,AMAT,CDNS,CDW,CTSH,IT,LRCX,MPWR,SWKS,TEL,TRMB,TYL,WDAY,ZBRA,ACGL,C,ERIE,IBKR,MTB,TFC,TRV,TPL,BA,BLDR,CMI,CSX,NSC,SNA,UAL,CMG,LVS,TSLA,ULTA,ALB,NUE"
2021-07-09,4,7,25,32,25,32,0.5,0.5,1.0,mixed,0.28571428571428575,0.45714285714285724,"BMY,DVA,EW,GILD,HSIC,INCY,ISRG,VTRS,WST,BF-B,CL,CLX,COST,DG,GIS,HSY,MDLZ,MKC,PEP,TGT,WMT,CNP,ES,ETR,NI","ADSK,CDNS,CDW,CTSH,GLW,IT,LRCX,MPWR,NTAP,STX,SWKS,TRMB,WDAY,ACGL,C,IBKR,MTB,TRV,USB,TPL,BA,BLDR,CMI,NSC,SNA,UAL,LVS,TSLA,ULTA,ALB,AVY,NUE"
2021-07-16,4,7,24,36,24,36,0.5,0.5,1.0,mixed,0.31999999999999984,0.5555555555555556,"BMY,CRL,EW,GILD,IDXX,INCY,ISRG,VTRS,WST,BF-B,CL,CLX,COST,DG,HRL,HSY,MDLZ,MKC,PEP,TGT,WMT,CNP,ES,NI","ADSK,APH,CDNS,CDW,CTSH,GLW,IT,LRCX,MCHP,MPWR,NTAP,SWKS,TRMB,C,EG,HBAN,HIG,IBKR,TRV,USB,WFC,TPL,BA,BLDR,J,NSC,SNA,UAL,GPC,LVS,TSLA,WSM,ALB,AVY,NUE,VMC"
2021-07-23,3,8,28,47,28,47,0.5,0.5,1.0,mixed,0.5714285714285714,0.7234042553191488,"A,BMY,CRL,DXCM,EW,GILD,IDXX,INCY,ISRG,LLY,MRK,VEEV,VRTX,VTRS,WST,BF-B,CL,CLX,COST,DG,HRL,KR,MDLZ,MKC,PEP,SJM,TGT,WMT","ADSK,APH,CDW,CTSH,GLW,IT,LRCX,MCHP,NTAP,ON,TRMB,C,CB,EG,HBAN,HIG,L,MTB,PRU,SCHW,TFC,TRV,USB,WFC,WRB,DVN,TPL,BLDR,EMR,J,LUV,NSC,UAL,BKNG,GPC,GRMN,LVS,PHM,TJX,TSLA,WSM,AEP,DTE,ALB,AVY,NUE,VMC"
2021-07-30,5,6,30,32,30,32,0.5,0.5,1.0,mixed,0.46666666666666656,0.9361702127659572,"FTNT,GDDY,INTU,NVDA,ORCL,A,BIIB,BMY,CRL,DXCM,EW,GILD,IDXX,ISRG,LLY,MRK,MTD,VEEV,VRTX,VTRS,BF-B,CL,COST,DG,HRL,KR,MKC,SJM,TGT,WMT","BAC,C,EG,GS,HBAN,HIG,L,MET,MTB,PFG,PRU,TFC,TRV,USB,WFC,WRB,DVN,PSX,TPL,BLDR,J,NSC,SNA,SWK,GPC,GRMN,TJX,WSM,DTE,AVY,NUE,VMC"
2021-08-06,5,6,30,35,30,35,0.5,0.5,1.0,mixed,0.6,0.5714285714285714,"FTNT,MRVL,MSFT,NOW,SNPS,TYL,A,BIIB,BMY,CRL,DHR,DXCM,EW,GILD,IDXX,ISRG,LLY,MTD,RMD,VEEV,VRTX,COST,DG,HRL,KO,KR,MKC,PEP,TGT,WMT","BAC,C,HIG,KEY,L,MET,MTB,PFG,PRU,TFC,USB,WFC,WRB,DVN,PSX,BLDR,CAT,J,NSC,PH,SNA,SWK,EXPE,GPC,GRMN,HAS,LOW,MGM,ROST,TJX,WSM,DTE,ED,AVY,STLD"
2021-08-13,5,6,29,40,29,40,0.5,0.5,1.0,mixed,0.13333333333333328,0.5,"AMD,FTNT,MRVL,MSFT,NOW,SNPS,TYL,A,BIIB,BMY,CRL,DHR,DXCM,EW,GILD,IDXX,ISRG,LLY,MTD,RMD,VEEV,VRTX,COST,DG,KO,KR,MKC,PEP,TGT","BAC,C,FITB,HIG,IBKR,KEY,L,MET,MTB,PRU,TFC,USB,WFC,DVN,HAL,PSX,VLO,CAT,DAL,DE,J,NSC,PH,SNA,SWK,GPC,GRMN,HAS,LOW,MAR,MGM,ROST,TJX,WSM,WYNN,DTE,ED,PCG,AVY,PPG"
2021-08-20,5,6,31,44,31,44,0.5,0.5,1.0,mixed,0.25806451612903225,0.5454545454545457,"AKAM,AMD,FTNT,MPWR,MRVL,MSFT,NOW,SNPS,TYL,A,BMY,CRL,DHR,DXCM,EW,GILD,IDXX,ISRG,LLY,MTD,RMD,VEEV,VRTX,WST,COST,DG,GIS,KR,MKC,PEP,TGT","BAC,C,CFG,FITB,IBKR,KEY,L,MET,MTB,PRU,RJF,TFC,USB,WFC,DVN,HAL,TPL,VLO,CAT,CMI,DAL,LUV,NSC,PH,SNA,SWK,GRMN,HAS,LVS,MAR,MGM,NCLH,RCL,ROST,WSM,WYNN,CNP,ED,EIX,PCG,SRE,AVY,NUE,PPG"
2021-08-27,6,5,38,34,38,34,0.5,0.5,1.0,mixed,0.5263157894736842,0.7727272727272726,"AKAM,AMD,FTNT,MPWR,MRVL,MSFT,NOW,SNPS,TYL,A,CRL,DHR,DXCM,GILD,IDXX,INCY,ISRG,LLY,MTD,RMD,RVTY,TMO,VEEV,VRTX,WST,CMG,DECK,DPZ,EBAY,NKE,YUM,CHD,COST,DG,KR,MKC,PEP,TGT","AFL,C,CFG,FITB,IBKR,KEY,MET,MTB,PRU,RJF,TFC,WFC,WTW,APA,EOG,HAL,TPL,VLO,BA,CAT,CMI,DAL,LUV,SNA,SWK,UAL,CNP,ED,EIX,PCG,PPL,SRE,AVY,PPG"
2021-09-03,6,5,37,42,37,42,0.5,0.5,1.0,mixed,0.21052631578947378,0.38095238095238093,"AAPL,AMD,CIEN,FTNT,MPWR,MRVL,MSFT,NOW,NVDA,SNPS,TYL,A,CRL,DHR,DXCM,GILD,IDXX,INCY,ISRG,LLY,MTD,RMD,RVTY,TMO,VRTX,WST,CMG,DECK,DPZ,EBAY,NKE,CHD,COST,DG,KR,MKC,PEP","AFL,BEN,C,CFG,FITB,IBKR,KEY,MET,MTB,PRU,RJF,SCHW,TFC,WFC,WTW,APA,EOG,HAL,OKE,TPL,VLO,BA,CAT,CMI,DAL,DE,FIX,LUV,PH,SNA,SWK,UAL,CNP,ED,EIX,NI,PCG,PNW,PPL,SRE,AVY,PPG"
2021-09-10,6,5,36,35,36,35,0.5,0.5,1.0,mixed,0.37837837837837834,0.5238095238095237,"AAPL,AMD,CDNS,FTNT,MPWR,MSFT,NOW,NVDA,SNPS,A,CRL,DGX,DHR,DXCM,GILD,ISRG,MTD,RMD,RVTY,TMO,VRTX,WST,CMG,DECK,DPZ,EBAY,NKE,YUM,CHD,COST,KMB,KR,MKC,PEP,AWK,D","AFL,BEN,C,CFG,FITB,IBKR,KEY,MET,MTB,NTRS,RJF,SCHW,TFC,WTW,APA,EOG,HAL,OKE,TPL,VLO,BA,CAT,CMI,DAL,FIX,LUV,PH,RTX,SNA,SWK,UAL,AVY,NEM,PPG,STLD"
2021-09-17,6,5,33,29,33,29,0.5,0.5,1.0,mixed,0.3333333333333335,0.45714285714285724,"AAPL,AMD,CDNS,MPWR,MSFT,NOW,NVDA,SNPS,A,ALGN,CRL,DGX,DHR,DXCM,ISRG,MTD,RMD,RVTY,TMO,VRTX,WST,CMG,DECK,DPZ,LULU,NKE,CHD,COST,HRL,KR,PEP,AWK,D","AFL,BEN,CFG,FITB,KEY,MTB,NTRS,RJF,SCHW,SYF,TFC,USB,WTW,EOG,HAL,OKE,TPL,VLO,CAT,DAL,FIX,LUV,PH,RTX,SWK,UAL,NEM,PPG,STLD"
2021-09-24,6,5,25,28,25,28,0.5,0.5,1.0,mixed,0.5454545454545453,0.41379310344827586,"AAPL,AMD,CDNS,MPWR,MSFT,NVDA,SNPS,A,ALGN,CRL,DGX,DHR,DXCM,ISRG,MTD,PFE,RVTY,TMO,VRTX,WST,LULU,CHD,COST,AWK,D","AFL,BEN,CFG,KEY,L,NTRS,RJF,SCHW,SYF,TFC,USB,EOG,OKE,SLB,VLO,CAT,DAL,EXPD,FIX,MMM,PH,RTX,SWK,UAL,DD,NEM,PPG,STLD"
2021-10-01,6,5,28,25,28,25,0.5,0.5,1.0,mixed,0.42857142857142855,0.5714285714285715,"AAPL,ACN,AMD,CDNS,KEYS,MPWR,SNPS,A,ABT,ALGN,CRL,DGX,DHR,DXCM,EW,ISRG,MTD,PFE,RVTY,TECH,TMO,VRTX,WST,LULU,TSCO,CHD,AWK,D","AFL,AXP,BEN,BX,L,NTRS,RJF,SYF,TFC,EOG,PSX,SLB,CAT,EXPD,FDX,FIX,LDOS,MMM,PH,RTX,SWK,DD,NEM,PPG,STLD"
2021-10-08,5,6,18,20,18,20,0.5,0.5,1.0,mixed,0.7142857142857143,0.64,"ACN,AMD,CDNS,KEYS,MPWR,SNPS,ABT,ALGN,DGX,DXCM,EW,PFE,RVTY,VRTX,TSCO,CHD,AWK,D","AFL,AXP,BX,CME,L,NTRS,SYF,TFC,EXPD,FDX,LDOS,LMT,MMM,NSC,PH,RTX,DD,NEM,PPG,STLD"
2021-10-15,5,6,20,21,20,21,0.5,0.5,1.0,mixed,0.8,0.4761904761904763,"ACN,AMD,CDNS,KEYS,PANW,SNPS,ABT,DGX,DXCM,VRTX,WST,BBY,LOW,TSCO,TSLA,WSM,CHD,CLX,KMB,D","AFL,ALL,AXP,BX,KKR,L,MTB,NTRS,SYF,TFC,AME,EXPD,FDX,LMT,MMM,RTX,TT,DD,NEM,PPG,STLD"
2021-10-22,5,6,21,20,21,20,0.5,0.5,1.0,mixed,0.4761904761904763,0.6666666666666667,"ACN,MRVL,PANW,SNPS,ABT,BDX,DXCM,RMD,VRTX,WST,BBY,LOW,TSCO,TSLA,WSM,CHD,CLX,KMB,PEP,D,WEC","AFL,ALL,AXP,BRK-B,BX,KKR,L,PRU,KMI,AME,DOV,FDX,LII,LMT,MMM,TT,TXT,DD,NEM,STLD"
2021-10-29,5,6,24,25,24,25,0.5,0.5,1.0,mixed,0.49999999999999994,0.5600000000000002,"ACN,MRVL,PANW,ABT,BDX,DXCM,RMD,TECH,VRTX,BBY,CMG,EBAY,LOW,TSLA,WSM,CHD,CLX,COST,KMB,KR,PEP,D,EXC,WEC","AFL,ALL,AXP,BRK-B,BX,C,KKR,L,PRU,V,KMI,XOM,AME,AOS,DOV,EFX,ETN,FDX,LII,MMM,TT,TXT,CRH,NEM,STLD"
2021-11-05,4,7,21,35,21,35,0.5,0.5,1.0,mixed,0.6666666666666665,0.9142857142857143,"MRVL,MSFT,ON,PANW,BBY,CMG,EBAY,LOW,LVS,TSLA,WSM,BF-B,CHD,CLX,COST,KMB,MKC,PEP,D,EXC,WEC","ALL,BRK-B,BX,GS,L,PRU,V,KMI,XOM,ABBV,BIIB,EW,IDXX,IQV,MDT,UHS,WAT,WST,AME,AOS,DOV,EFX,EMR,ETN,IEX,LII,LMT,MMM,PNR,SWK,TT,TXT,CRH,IP,NEM"
2021-11-12,3,8,16,43,16,43,0.5,0.5,1.0,mixed,0.6666666666666665,0.6511627906976744,"AMD,GDDY,MRVL,MSFT,ON,PANW,BBY,LOW,LVS,TSLA,WSM,BF-B,COST,KMB,MKC,PEP","ALL,ARES,BRK-B,BX,GS,L,PRU,V,EOG,KMI,XOM,BIIB,BMY,DHR,DVA,EW,IDXX,IQV,UHS,WAT,WST,AME,DOV,EFX,EMR,ETN,HUBB,J,JCI,LII,LMT,PNR,SWK,TT,TXT,AEP,ATO,CNP,DTE,SRE,XEL,CRH,IP"
2021-11-19,4,7,25,43,25,43,0.5,0.5,1.0,mixed,0.8799999999999999,0.41860465116279066,"AMD,GDDY,INTC,MPWR,MRVL,MSFT,ON,PANW,APA,COP,DVN,EOG,FANG,HAL,PSX,VLO,BBY,LOW,LVS,TSLA,WSM,BF-B,BG,KMB,MKC","ALL,ARES,BRK-B,BX,GS,JKHY,L,PRU,V,A,BIIB,BMY,DHR,DVA,EW,IDXX,IQV,MTD,UHS,WAT,WST,ALLE,DOV,EFX,EMR,ETN,HUBB,JCI,LII,LMT,PNR,AEP,AWK,CNP,DTE,SO,SRE,WEC,XEL,CRH,IP,LYB,SW"
2021-11-26,4,7,25,50,25,50,0.5,0.5,1.0,mixed,0.39999999999999997,0.3600000000000001,"AMD,ANET,CRM,GDDY,INTC,MPWR,ON,PANW,VRSN,APA,COP,DVN,EOG,FANG,HAL,PSX,VLO,BBY,F,LOW,TSLA,BF-B,BG,GIS,MKC","ALL,ARES,BRK-B,BX,GS,JKHY,L,MS,PRU,V,A,BMY,DHR,DVA,EW,IDXX,IQV,LH,MTD,RVTY,UHS,WAT,WST,ALLE,BA,DOV,EFX,EMR,ETN,HON,JCI,LHX,LII,LMT,PNR,AEP,AWK,CMS,CNP,DTE,SO,SRE,WEC,XEL,CRH,IP,LYB,PKG,PPG,SW"
2021-12-03,4,7,24,50,24,50,0.5,0.5,1.0,mixed,0.6399999999999999,0.4,"AMD,ANET,INTC,MPWR,ON,PANW,QCOM,VRSN,APA,COP,DVN,EOG,FANG,HAL,PSX,F,LOW,TSLA,AMCR,CF,MLM,MOS,NEM,SHW","AIZ,ALL,BRK-B,BX,GS,JKHY,L,PRU,SYF,V,A,BMY,CI,COO,DHR,DVA,EW,IDXX,IQV,LH,RVTY,UHS,WAT,WST,ALLE,BA,DOV,EFX,EMR,ETN,HON,LHX,LII,LMT,PNR,XYL,KMB,MNST,AEP,AWK,CMS,CNP,DTE,DUK,ES,PNW,SO,SRE,WEC,XEL"
2021-12-10,4,7,19,54,19,54,0.5,0.5,1.0,mixed,0.5833333333333333,0.48148148148148157,"AMD,ANET,ON,QCOM,VRSN,APA,DVN,EOG,EQT,FANG,PSX,F,LOW,TSLA,APD,CF,MLM,NEM,SHW","AIZ,ALL,BRK-B,BX,C,CINF,COF,CPAY,FISV,JKHY,SYF,V,A,ALGN,BIIB,BMY,COO,DHR,DVA,EW,IDXX,IQV,LH,RVTY,UHS,WST,ALLE,BA,DE,DOV,EFX,EMR,ETN,GE,HON,LHX,LMT,WM,COST,KMB,MNST,TAP,AEP,AWK,CMS,CNP,D,DTE,DUK,ES,PNW,SO,SRE,WEC"
2021-12-17,4,7,18,52,18,52,0.5,0.5,1.0,mixed,0.42105263157894735,0.2962962962962964,"AMD,ANET,CDNS,ON,QCOM,VRSN,EOG,FANG,F,LOW,TSLA,APD,CF,MLM,NEM,PPG,SHW,VMC","AIZ,C,CINF,COF,CPAY,FISV,GS,JKHY,SYF,V,A,ALGN,BIIB,COO,DVA,EW,GILD,IDXX,IQV,LH,MDT,RVTY,WAT,WST,ALLE,DE,DOV,EFX,EMR,GE,HII,HON,LHX,LMT,ODFL,WM,COST,KMB,MNST,TAP,AEP,AWK,CMS,CNP,D,DTE,DUK,ES,PNW,SO,SRE,WEC"
2021-12-24,5,6,23,49,23,49,0.5,0.5,1.0,mixed,0.6086956521739131,0.38461538461538447,"AMD,ANET,CDNS,KLAC,ON,QCOM,VRSN,EOG,FANG,F,TSLA,CHD,CL,CLX,DLTR,HRL,PG,APD,MLM,NEM,PPG,SHW,VMC","AIG,AIZ,C,CINF,COF,CPAY,GS,JKHY,SYF,V,A,ALGN,BIIB,BSX,COO,DVA,DXCM,EW,GILD,IDXX,IQV,LH,MDT,RMD,WAT,WST,DE,EFX,EMR,GE,GNRC,HII,HON,LHX,LMT,MMM,ODFL,WM,XYL,AEP,AWK,CMS,CNP,D,DTE,DUK,ES,SO,WEC"
2021-12-31,5,6,43,37,43,37,0.5,0.5,1.0,mixed,1.069767441860465,0.816326530612245,"AMD,ANET,AVGO,CDNS,CIEN,KLAC,ON,QCOM,TER,VRSN,ADP,AME,AOS,BLDR,CSX,CTAS,FAST,FIX,GWW,IEX,ITW,JBHT,MAS,PH,SWK,UNP,UPS,F,CHD,CL,CLX,DLTR,EL,HRL,PG,WMT,APD,FCX,MLM,NEM,PPG,SHW,VMC","AIG,AIZ,ARES,C,CINF,COF,CPAY,GS,JKHY,MS,SYF,V,COP,KMI,MPC,OKE,SLB,A,ALGN,BIIB,BSX,COO,DXCM,GILD,IDXX,IQV,MDT,RMD,VEEV,WAT,WST,AWK,CMS,D,DTE,DUK,ES"
2022-01-07,5,6,41,30,41,30,0.5,0.5,1.0,mixed,0.2790697674418604,0.5945945945945945,"ANET,AVGO,CIEN,KEYS,KLAC,ON,QCOM,TER,VRSN,ADP,AME,AOS,BLDR,CHRW,CSX,FAST,FIX,GWW,IEX,ITW,JBHT,MAS,MMM,PH,SWK,TT,UNP,UPS,F,CHD,CL,CLX,DLTR,EL,HRL,PG,FCX,MLM,NEM,PPG,VMC","AIG,AIZ,ARES,CINF,COF,CPAY,GS,IVZ,JKHY,SYF,V,COP,MPC,OKE,A,ALGN,BIIB,BSX,COO,CRL,DXCM,IDXX,ISRG,RMD,UHS,VEEV,AWK,DTE,DUK,ES"
2022-01-14,6,5,39,24,39,24,0.5,0.5,1.0,mixed,0.4878048780487804,0.6666666666666666,"AAPL,ADSK,AKAM,AVGO,CIEN,COHR,KLAC,ON,QCOM,TER,VRSN,ADP,AME,BLDR,CHRW,CSX,GWW,ITW,JBHT,LII,MAS,MMM,PH,SWK,TT,UNP,F,HD,CHD,CL,DLTR,HRL,MKC,PG,ED,FCX,MLM,PPG,VMC","AIZ,ARES,CINF,COF,CPAY,GS,IVZ,JPM,SYF,V,COP,OKE,WMB,A,ALGN,BIIB,BSX,CRL,IDXX,ISRG,SYK,TECH,UHS,VEEV"
2022-01-21,6,5,34,28,34,28,0.5,0.5,1.0,mixed,0.46153846153846156,0.2857142857142856,"AAPL,AKAM,AVGO,CIEN,COHR,KLAC,LRCX,QCOM,TER,VRSN,AME,BLDR,CHRW,FDX,GWW,ITW,LII,MMM,PH,TT,UNP,F,HD,TSLA,CHD,CL,DLTR,HRL,MKC,PG,ATO,ED,FCX,PPG","AIZ,ALL,ARES,CINF,COF,CPAY,GS,IVZ,JPM,SYF,V,COP,OKE,OXY,WMB,A,ALGN,BIIB,BSX,CRL,HSIC,IDXX,ISRG,PODD,SYK,TECH,UHS,VEEV"
2022-01-28,7,4,34,16,34,16,0.5,0.5,1.0,mixed,0.5294117647058824,1.1428571428571428,"AAPL,AKAM,AVGO,CIEN,COHR,KLAC,LRCX,TER,ABBV,CVS,DVA,MCK,AME,BLDR,CAT,CHRW,FDX,GWW,ITW,LII,F,HD,TSLA,BF-B,CHD,GIS,HRL,KR,MKC,PG,ATO,ED,NI,FCX","AIZ,ALL,AMP,APO,CINF,COF,GS,IVZ,JPM,SYF,TROW,COP,OKE,OXY,TRGP,WMB"
2022-02-04,7,4,32,14,32,14,0.5,0.5,1.0,mixed,0.6470588235294118,0.3749999999999999,"AAPL,AKAM,AVGO,CIEN,COHR,LRCX,MU,PTC,STX,ABBV,CVS,DVA,VRTX,AME,CAT,CHRW,ITW,MCD,TSCO,TSLA,BF-B,CHD,CLX,GIS,HRL,KO,KR,MKC,TSN,ATO,NI,FCX","AIZ,AMP,APO,CINF,GS,IVZ,JPM,MS,SYF,TROW,COP,OKE,TRGP,WMB"
2022-02-11,7,4,34,14,34,14,0.5,0.5,1.0,mixed,0.588235294117647,0.857142857142857,"AAPL,AKAM,AVGO,CIEN,COHR,LRCX,MRVL,MU,PTC,STX,ABBV,CVS,DVA,STE,VRTX,CAT,DE,HON,LMT,BF-B,CLX,GIS,KO,KR,MKC,TSN,ATO,FE,NI,SO,WEC,FCX,NEM,PKG","AIZ,AMP,APO,BNY,CINF,GS,JPM,MS,TROW,APTV,BBY,DECK,TSLA,WSM"
2022-02-18,7,4,28,22,28,22,0.5,0.5,1.0,mixed,0.7647058823529412,1.0909090909090906,"BKR,ABBV,CNC,COR,DVA,VRTX,CAT,DE,HON,LMT,UNP,BF-B,CL,CLX,GIS,HSY,KO,MKC,TSN,ATO,FE,NI,SO,WEC,XEL,FCX,NEM,PKG","ADBE,ADI,AMD,CRM,FSLR,FTNT,INTU,MRVL,NVDA,TYL,WDAY,ZBRA,AMP,APO,BNY,GS,JPM,TROW,APTV,DECK,TSLA,WSM"
2022-02-25,7,4,33,27,33,27,0.5,0.5,1.0,mixed,0.48484848484848486,0.44444444444444453,"BKR,ABBV,BDX,CNC,COR,DVA,INCY,UNH,VRTX,CAT,DE,GD,HON,LMT,PCAR,UNP,CL,CLX,HSY,KO,MKC,TSN,AEP,ATO,D,ED,FE,NI,SO,XEL,FCX,NEM,PKG","ACN,ADBE,AMD,CRM,FSLR,FTNT,INTU,MRVL,NVDA,ORCL,TYL,WDAY,ZBRA,AMP,APO,BLK,BNY,CBOE,GS,JPM,KKR,TROW,APTV,DECK,TSLA,ULTA,WSM"
2022-03-04,8,3,55,17,55,17,0.5,0.5,1.0,mixed,0.9454545454545454,0.8888888888888887,"BRK-B,CB,CFG,EG,ERIE,FITB,GL,KEY,MET,PGR,PRU,RJF,TRV,V,WFC,WRB,BKR,KMI,BDX,BMY,CNC,COR,DVA,ELV,INCY,VRTX,DE,GD,GWW,HON,LMT,PCAR,RTX,TDG,UNP,UPS,CL,HSY,KO,MKC,TSN,AEP,ATO,CMS,D,ED,FE,NI,NRG,SO,XEL,FCX,MOS,NEM,PKG","ACN,ADBE,AMD,FSLR,FTNT,INTU,KEYS,MRVL,NVDA,TYL,WDAY,ZBRA,APTV,DECK,EBAY,TSLA,WSM"
2022-03-11,8,3,65,17,65,17,0.5,0.5,1.0,mixed,0.4615384615384615,0.35294117647058826,"AIG,BRK-B,CB,CFG,EG,FITB,GL,JKHY,KEY,MA,MET,MTB,PGR,PRU,TRV,V,WFC,WRB,HAL,KMI,BAX,BDX,BIIB,BMY,CNC,COR,DVA,ELV,HCA,MCK,VRTX,DE,GD,HON,LHX,LMT,NOC,PCAR,RTX,TDG,UNP,UPS,ADM,CHD,CL,HSY,KDP,KO,MKC,TSN,AEP,ATO,CMS,D,DTE,ED,FE,NI,NRG,SO,XEL,FCX,MOS,NEM,PKG","ACN,ADBE,AMD,FSLR,INTU,KEYS,MRVL,NVDA,ON,TYL,VRSN,WDAY,ZBRA,APTV,EBAY,LOW,TSLA"
2022-03-18,8,3,74,14,74,14,0.5,0.5,1.0,mixed,0.32432432432432423,0.588235294117647,"AIG,AIZ,BRK-B,C,CB,CFG,CME,EG,FITB,GL,JKHY,L,MA,MET,MTB,PGR,PRU,SCHW,TRV,WFC,WRB,HAL,OXY,BAX,BDX,BIIB,BMY,CNC,COR,CVS,DVA,ELV,HCA,MCK,VRTX,DE,EMR,GD,HON,LDOS,LHX,LMT,NOC,PCAR,RTX,TDG,UNP,UPS,ADM,CHD,CL,HRL,HSY,KDP,KO,MKC,TSN,AEP,ATO,CMS,D,DTE,ED,FE,NI,NRG,SO,XEL,FCX,LYB,MOS,NEM,NUE,PKG","ACN,AMD,INTU,KEYS,MRVL,NVDA,ON,TRMB,VRSN,ZBRA,APTV,EBAY,F,LOW"
2022-03-25,8,3,66,16,66,16,0.5,0.5,1.0,mixed,0.4054054054054054,0.4999999999999999,"AIG,AIZ,AXP,C,CB,CME,EG,GL,JKHY,L,MET,MTB,PGR,PRU,TRV,WFC,WRB,HAL,OXY,SLB,BDX,BIIB,BMY,CNC,COO,ELV,HCA,HSIC,MCK,VRTX,DE,EMR,GD,HON,LDOS,LHX,LMT,NOC,PCAR,RTX,TDG,UNP,UPS,ADM,BG,HRL,HSY,KDP,KO,MKC,AEP,ATO,CMS,CNP,D,DTE,ED,FE,XEL,FCX,LYB,MOS,NEM,NUE,PKG,STLD","ACN,AMAT,AMD,INTU,KEYS,MRVL,NVDA,ON,TER,VRSN,APTV,EBAY,F,GM,LEN,LOW"
2022-04-01,8,3,69,19,69,19,0.5,0.5,1.0,mixed,0.3768115942028984,0.4210526315789474,"ACGL,AIG,AIZ,ALL,AXP,C,CB,CINF,CME,GL,HIG,IVZ,JKHY,L,MET,MTB,PGR,PRU,TRV,WRB,HAL,OXY,PSX,ABBV,BIIB,BMY,CNC,ELV,HCA,HSIC,JNJ,MCK,VEEV,VRTX,DE,EMR,GD,HII,HON,LDOS,LHX,LMT,NOC,RTX,TDG,ADM,BG,HRL,HSY,KDP,KR,MKC,AEP,AES,ATO,CMS,CNP,D,DTE,ED,FE,FCX,IP,LYB,MOS,NEM,NUE,PKG,STLD","ACN,AMAT,AMD,CIEN,INTU,KEYS,LRCX,MRVL,NXPI,ON,TER,VRSN,APTV,EBAY,F,GM,LEN,LOW,NKE"
2022-04-08,8,3,58,18,58,18,0.5,0.5,1.0,mixed,0.463768115942029,0.5263157894736841,"ACGL,AFL,AIG,AIZ,AXP,CB,CINF,GL,HIG,IVZ,JKHY,L,MET,PGR,PRU,TRV,WRB,HAL,OXY,PSX,ABBV,BIIB,BSX,CAH,CNC,COO,ELV,HCA,HSIC,MCK,VEEV,VRTX,AXON,DE,EMR,GD,LDOS,LHX,RTX,TDG,ADM,BG,HRL,HSY,KDP,KR,MKC,AES,CMS,CNP,DTE,FE,FCX,LYB,MOS,NEM,NUE,STLD","ACN,AMAT,CIEN,CRM,KEYS,LRCX,MRVL,NXPI,TER,DECK,DPZ,EBAY,F,GM,HD,LEN,LOW,NKE"
2022-04-15,8,3,50,16,50,16,0.5,0.5,1.0,mixed,0.7241379310344828,0.4444444444444444,"ACGL,AFL,AIG,AIZ,AON,AXP,BRK-B,CINF,HIG,IVZ,JKHY,JPM,L,MET,TRV,BKR,OXY,TPL,ABBV,COO,ELV,HCA,HSIC,LLY,VEEV,VRTX,AXON,DE,GE,LDOS,LHX,PWR,RTX,TDG,UPS,BG,CASY,HRL,HSY,KR,SYY,WMT,AES,CNP,DTE,SRE,FCX,NEM,NUE,STLD","AMAT,CIEN,KLAC,LRCX,MRVL,NXPI,TER,DHI,DPZ,EBAY,F,GM,HD,LEN,LOW,NKE"
2022-04-22,8,3,48,19,48,19,0.5,0.5,1.0,mixed,0.3199999999999999,0.5263157894736843,"ACGL,AFL,AIG,AIZ,AON,AXP,BRK-B,CINF,HIG,IVZ,JKHY,JPM,L,MET,PGR,TRV,BKR,OXY,TPL,TRGP,ABBV,AMGN,COO,ELV,HSIC,LLY,VEEV,VRTX,AXON,CMI,DE,LDOS,LHX,PWR,BG,CASY,HRL,HSY,KR,MO,SYY,WMT,AES,CNP,SO,SRE,NUE,STLD","AAPL,ADBE,AMAT,CIEN,KLAC,LRCX,MRVL,TER,TYL,DHI,DPZ,F,GM,HD,LEN,LOW,MCD,NKE,TJX"
2022-04-29,7,4,28,23,28,23,0.5,0.5,1.0,mixed,0.9166666666666665,0.6086956521739129,"BKR,TPL,TRGP,AMGN,ELV,LLY,VEEV,VRTX,AXON,CAT,DE,HII,LDOS,LHX,PWR,BG,CASY,HRL,HSY,KR,MO,WMT,AES,CNP,SO,SRE,NUE,STLD","AAPL,ADBE,AMAT,CIEN,KLAC,LRCX,MRVL,ZBRA,BAC,BNY,MS,NTRS,PNC,STT,DHI,DPZ,F,GM,HD,LEN,LOW,MCD,NKE"
2022-05-06,8,3,35,25,35,25,0.5,0.5,1.0,mixed,0.5714285714285713,0.5599999999999999,"EQT,TPL,TRGP,WMB,AMGN,COR,ELV,JNJ,LLY,PODD,REGN,VEEV,VRTX,AXON,CAT,DE,HII,LDOS,LHX,LMT,PWR,ROL,CASY,HRL,KO,KR,MO,WMT,AES,ATO,CNP,SO,SRE,NUE,STLD","AAPL,ADBE,AMAT,CIEN,KLAC,LRCX,TEL,TYL,BAC,BNY,FITB,HBAN,IBKR,MS,PNC,STT,TFC,WFC,DHI,DPZ,F,HD,LOW,MCD,NKE"
2022-05-13,8,3,31,21,31,21,0.5,0.5,1.0,mixed,0.7999999999999998,0.7200000000000002,"CVX,EQT,TPL,VLO,WMB,IDXX,JNJ,LLY,REGN,VEEV,VRTX,CAT,HII,J,LMT,PWR,ROL,SNA,WM,BF-B,CASY,DG,HRL,KO,MO,WMT,AEP,ATO,CNP,NUE,PKG","AAPL,CIEN,KEYS,TEL,TYL,AMP,BAC,BLK,BNY,FITB,HBAN,IBKR,MCO,PNC,STT,TFC,USB,WFC,DPZ,F,LOW"
2022-05-20,6,5,21,29,21,29,0.5,0.5,1.0,mixed,0.9677419354838708,1.0344827586206897,"IDXX,INCY,JNJ,LLY,REGN,VEEV,VRTX,ADP,CAT,GNRC,J,LMT,PWR,ROL,SNA,WM,AEP,CNP,FCX,MOS,PKG","AAPL,CIEN,NTAP,STX,TYL,ACGL,AFL,AMP,BAC,BNY,CFG,FITB,HBAN,MCO,PNC,SCHW,TFC,WFC,DVN,EOG,FANG,SLB,XOM,F,LOW,TSCO,EL,KMB,TSN"
2022-05-27,6,5,26,26,26,26,0.5,0.5,1.0,mixed,0.7692307692307689,0.4137931034482759,"CRL,IDXX,INCY,JNJ,LLY,MRK,VRTX,ADP,CAT,GNRC,HII,HON,HUBB,IEX,J,LII,LMT,ROL,RSG,SNA,WM,AEP,CMS,CNP,AVY,PKG","AAPL,KEYS,NTAP,STX,TYL,ACGL,AFL,AMP,BAC,BRK-B,CFG,FITB,HBAN,SCHW,TFC,WFC,DVN,EOG,FANG,SLB,F,LOW,TSCO,KDP,KMB,TSN"
2022-06-03,6,5,31,25,31,25,0.5,0.5,1.0,mixed,0.5161290322580646,0.3846153846153846,"A,CRL,IDXX,INCY,JNJ,LLY,MRK,VRTX,ADP,CAT,FIX,HII,HON,HUBB,IEX,J,LDOS,LII,PAYX,ROL,RSG,SNA,UAL,WM,AEP,AWK,CMS,SRE,APD,AVY,PKG","AAPL,KEYS,NTAP,WDAY,AFL,AMP,BAC,BRK-B,CFG,FITB,HBAN,PRU,SCHW,TFC,WFC,DVN,EOG,FANG,HAL,SLB,F,TSCO,ADM,KDP,TSN"
2022-06-10,6,5,39,26,39,26,0.5,0.5,1.0,mixed,0.564102564102564,0.46153846153846156,"A,ALGN,AMGN,CI,CRL,HSIC,INCY,JNJ,LLY,MRK,VRTX,ADP,CAT,DE,FIX,HII,HON,HUBB,J,LDOS,LII,PNR,ROL,RSG,SNA,SWK,UAL,WM,AEE,AEP,AES,AWK,CMS,ETR,SRE,APD,AVY,LYB,PKG","AAPL,CSCO,CTSH,KEYS,NTAP,WDAY,AFL,AMP,BRK-B,CFG,FITB,HBAN,PRU,RJF,SCHW,TFC,WFC,WRB,DVN,HAL,SLB,AMZN,TSCO,ADM,KDP,MKC"
2022-06-17,7,4,37,25,37,25,0.5,0.5,1.0,mixed,0.358974358974359,0.6153846153846153,"A,AMGN,CI,CRL,INCY,JNJ,MRK,VRTX,ADP,CAT,FIX,HON,HUBB,J,LDOS,LII,PNR,ROL,RSG,SNA,SWK,UAL,WM,BF-B,KMB,MNST,STZ,AEE,AEP,AES,AWK,CMS,SRE,WEC,AVY,LYB,PKG","AAPL,AMAT,ANET,CSCO,CTSH,NOW,NTAP,WDAY,AFL,AMP,BRK-B,CME,EG,FITB,PRU,RJF,SCHW,TRV,WFC,WRB,BKR,DVN,HAL,AMZN,TSCO"
2022-06-24,7,4,37,27,37,27,0.5,0.5,1.0,mixed,0.43243243243243246,0.5925925925925927,"AMGN,CI,CRL,INCY,JNJ,MRK,PODD,WAT,ZBH,ADP,FIX,HON,HUBB,LDOS,LII,PNR,ROL,RSG,SNA,SWK,WM,XYL,BF-B,GIS,KMB,MNST,STZ,AEE,AEP,AES,AWK,DUK,WEC,AMCR,AVY,LYB,STLD","AAPL,ANET,CSCO,FFIV,VRSN,WDAY,ACGL,AFL,AIG,AMP,BRK-B,CME,EG,ICE,PRU,RJF,SCHW,TRV,WFC,WRB,BKR,DVN,TRGP,AMZN,HLT,RCL,TSCO"
2022-07-01,4,7,22,34,22,34,0.5,0.5,1.0,mixed,0.9189189189189189,0.7058823529411766,"AMGN,CI,CRL,INCY,WAT,ZBH,ADP,CMI,FIX,HUBB,IEX,LDOS,LII,PNR,ROL,RSG,SNA,SWK,WM,AMCR,AVY,LYB","ANET,AVGO,CSCO,FFIV,VRSN,WDAY,ACGL,AFL,AIG,AXP,BRK-B,EG,ICE,JKHY,L,PRU,RJF,SCHW,STT,TRV,WRB,APA,BKR,DVN,TRGP,AMZN,CCL,HLT,RCL,ADM,DLTR,KR,MKC,FE"
2022-07-08,3,8,14,61,14,61,0.5,0.5,1.0,mixed,0.9999999999999999,0.9836065573770494,"CMI,FIX,HUBB,PH,PNR,ROL,RSG,SNA,SWK,WM,ALB,AMCR,AVY,LIN","ANET,AVGO,CSCO,WDAY,ACGL,AFL,AIG,AIZ,AXP,BAC,BRK-B,EG,ICE,JKHY,L,PGR,PRU,RJF,SCHW,STT,WRB,APA,BKR,CVX,DVN,TRGP,ABBV,BSX,COO,COR,CVS,DVA,DXCM,ELV,EW,HCA,HSIC,ISRG,MCK,PODD,REGN,STE,SYK,UHS,UNH,ZTS,AMZN,CCL,EXPE,HLT,MAR,RCL,TSLA,ADM,DLTR,KR,MKC,WMT,AEP,FE,PEG"
2022-07-15,3,8,15,59,15,59,0.5,0.5,1.0,mixed,0.3999999999999999,0.4262295081967213,"CMI,EXPD,FDX,FIX,PH,PNR,ROL,RSG,SWK,WM,ALB,AMCR,AVY,LIN,PPG","ANET,AVGO,CSCO,INTC,ACGL,AFL,AIG,AIZ,AJG,AON,AXP,BAC,BRK-B,ICE,JKHY,L,MET,PGR,PRU,RJF,STT,APA,BKR,CVX,TRGP,BSX,COO,COR,CVS,DVA,ELV,ISRG,MCK,REGN,STE,SYK,UHS,UNH,VRTX,ZTS,CCL,EXPE,HLT,MAR,MGM,RCL,TSLA,ADM,COST,HRL,KR,MKC,TGT,WMT,AEP,ATO,CNP,FE,PEG"
2022-07-22,3,8,14,61,14,61,0.5,0.5,1.0,mixed,0.5333333333333332,0.3278688524590163,"ADP,CMI,EXPD,FDX,FIX,PCAR,PH,PNR,RSG,SWK,ALB,LIN,PPG,VMC","ANET,AVGO,CSCO,INTC,IT,ACGL,AFL,AIG,AIZ,AJG,AON,AXP,BRK-B,HIG,JKHY,L,MET,PGR,PRU,RJF,APA,BKR,CVX,EQT,SLB,TRGP,BAX,BSX,COR,CVS,DVA,ELV,MCK,REGN,RVTY,STE,SYK,UHS,UNH,VRTX,ZTS,CCL,EXPE,HLT,MAR,MGM,NCLH,RCL,TSLA,ADM,HRL,HSY,MKC,TGT,WMT,AEP,CNP,ED,EXC,FE,PEG"
2022-07-29,3,8,14,64,14,64,0.5,0.5,1.0,mixed,0.5714285714285714,0.3437500000000001,"ADP,CMI,CPRT,EXPD,FDX,FIX,J,LUV,PCAR,PH,SWK,DD,LIN,PPG","ANET,AVGO,CSCO,CTSH,INTC,IT,MU,ACGL,AFL,AIG,AIZ,AJG,AON,AXP,BRK-B,CINF,EG,HIG,JKHY,L,MET,MRSH,PGR,PRU,APA,CVX,EQT,TRGP,ABBV,BAX,COR,DVA,ELV,MCK,REGN,RVTY,STE,SYK,UHS,VRTX,ZBH,BBY,CCL,EXPE,HLT,MAR,MGM,NCLH,RCL,TSLA,ULTA,ADM,HRL,HSY,MKC,MO,TGT,WMT,AEP,CNP,EXC,FE,NI,PEG"
2022-08-05,3,8,18,47,18,47,0.5,0.5,1.0,mixed,1.1111111111111112,0.9062500000000002,"CBOE,CFG,ERIE,HBAN,IVZ,TFC,V,ADP,CMI,CPRT,CTAS,FDX,FIX,HII,PCAR,PH,ROL,SWK","AVGO,CTSH,INTC,IT,MU,NTAP,APA,EQT,OXY,BAX,COR,DVA,ELV,LLY,MCK,MDT,REGN,RVTY,STE,UHS,ZBH,BBY,CCL,EXPE,HLT,MAR,MGM,NCLH,RCL,ULTA,ADM,BG,KO,MKC,MO,PG,TSN,AEP,CNP,EXC,FE,NI,PEG,BALL,MOS,PKG,STLD"
2022-08-12,4,7,21,45,21,45,0.5,0.5,1.0,mixed,0.9523809523809526,0.8936170212765958,"ADI,CDNS,INTU,SWKS,ADP,CMI,CPRT,CTAS,EFX,EME,FDX,FIX,HII,PCAR,PH,ROL,SWK,DPZ,GPC,WSM,WYNN","ACGL,AIG,AIZ,AJG,CINF,EG,JKHY,L,MET,PFG,PRU,TRV,WRB,APA,DVN,EQT,BAX,COR,DVA,ELV,HCA,LLY,MDT,MRK,REGN,RVTY,STE,UHS,ZBH,ADM,BG,KO,KR,MKC,MO,PG,TSN,AEP,CNP,ETR,EXC,FE,PEG,SO,MOS"
2022-08-19,4,7,20,45,20,45,0.5,0.5,1.0,mixed,0.5714285714285716,0.2222222222222222,"CDNS,INTU,ORCL,SWKS,ADP,AXON,CMI,CPRT,CTAS,EFX,EME,FIX,JCI,PH,ROL,SNA,SWK,UPS,DPZ,WSM","ACGL,AIG,AIZ,AJG,CINF,EG,GL,JKHY,L,MET,PFG,PRU,TRV,WRB,DVN,EQT,COR,DVA,ELV,HCA,LLY,MDT,MRK,REGN,STE,UHS,ZBH,ADM,BG,KO,KR,MKC,MO,PG,TSN,AEE,AEP,CMS,CNP,ES,ETR,EXC,FE,SO,FCX"
2022-08-26,4,7,22,41,22,41,0.5,0.5,1.0,mixed,0.4545454545454546,0.3111111111111111,"CDNS,INTU,LRCX,SWKS,ADP,AXON,BR,CPRT,CTAS,DOV,EFX,EME,FIX,HUBB,JCI,PH,ROL,SNA,SWK,UPS,GM,WSM","ACGL,AIG,AIZ,BX,CINF,EG,GL,L,MET,MTB,PFG,PRU,WRB,DVN,EQT,VLO,COR,ELV,LLY,MDT,MRK,REGN,STE,UHS,ZBH,ADM,BG,KO,KR,MKC,MO,TSN,AEE,AEP,CMS,CNP,ES,ETR,EXC,SO,FCX"
2022-09-02,4,7,22,36,22,36,0.5,0.5,1.0,mixed,0.3636363636363637,0.5853658536585364,"CDW,FSLR,INTU,KLAC,LRCX,SWKS,WDAY,ADP,AXON,BR,CPRT,CTAS,DOV,EFX,EME,FIX,HUBB,JCI,SWK,UPS,GM,WSM","AIG,AIZ,BX,EG,GL,L,MET,MTB,NTRS,PRU,RJF,APA,VLO,AMGN,COR,LLY,MRK,UHS,ZBH,BG,KO,KR,MO,PG,TSN,AEE,AEP,CMS,CNP,DUK,ES,ETR,EXC,SO,AMCR,FCX"
2022-09-09,4,7,21,36,21,36,0.5,0.5,1.0,mixed,0.36363636363636354,0.3888888888888889,"ANET,CDW,FSLR,INTU,LRCX,ON,SWKS,WDAY,AXON,BR,CPRT,CTAS,DOV,EFX,EME,FIX,JCI,SWK,TDG,UPS,WSM","AIG,AIZ,BX,CB,EG,GL,HIG,MET,NTRS,PRU,USB,EOG,HAL,PSX,VLO,AMGN,LLY,MRK,UHS,ZBH,KO,KR,PG,TSN,AEE,AEP,CMS,CNP,DUK,ES,ETR,EXC,SO,AMCR,CF,FCX"
2022-09-16,5,6,33,22,33,22,0.5,0.5,1.0,mixed,0.8484848484848484,1.0555555555555554,"ANET,CDW,FSLR,INTU,LRCX,MPWR,ON,WDAY,ARES,BRO,COF,ERIE,FDS,FISV,HBAN,IVZ,MS,MSCI,RF,RJF,AXON,BR,CPRT,CTAS,DOV,EFX,EME,FIX,JCI,SWK,TDG,TSLA,WSM","BKR,HAL,PSX,VLO,LLY,MRK,GIS,KO,KR,STZ,TSN,AEE,CMS,D,DUK,ES,ETR,EXC,AMCR,CF,FCX,MOS"
2022-09-23,5,6,37,20,37,20,0.5,0.5,1.0,mixed,0.4864864864864864,0.5454545454545455,"AAPL,ANET,CDW,FSLR,IT,KEYS,LRCX,ON,WDAY,AMP,ARES,BRO,COF,ERIE,FDS,FISV,HBAN,IBKR,IVZ,MS,MSCI,NDAQ,RJF,AXON,BR,CTAS,DOV,EFX,EME,ETN,FIX,JCI,ROK,SWK,TDG,CMG,TSLA","HAL,PSX,VLO,INCY,LLY,MRK,VTRS,CHD,KO,STZ,TSN,CMS,D,DUK,EXC,WEC,AMCR,CF,FCX,MOS"
2022-09-30,5,6,38,18,38,18,0.5,0.5,1.0,mixed,0.26315789473684215,0.49999999999999983,"AAPL,ANET,FSLR,IT,KEYS,MSI,NVDA,ON,WDAY,AMP,ARES,BRO,COF,ERIE,FDS,FISV,GPN,HBAN,IBKR,IVZ,MS,MSCI,NDAQ,RJF,AXON,CTAS,DOV,EME,ETN,FIX,GWW,JCI,NDSN,ROK,SWK,TDG,CMG,TSLA","HAL,PSX,INCY,LLY,MCK,VTRS,CHD,KO,TAP,TSN,CMS,D,DUK,EXC,PEG,WEC,AMCR,MOS"
2022-10-07,5,6,40,22,40,22,0.5,0.5,1.0,mixed,0.3999999999999999,0.6363636363636362,"AAPL,ANET,FFIV,FSLR,IT,KEYS,MRVL,MSI,ON,VRSN,AMP,ARES,BRO,COF,FDS,FISV,GPN,HBAN,IBKR,IVZ,MS,MSCI,NDAQ,RJF,CMI,DOV,EME,ETN,FIX,GWW,JCI,NDSN,ROK,SWK,TDG,CMG,DECK,EBAY,EXPE,RCL","BKR,PSX,INCY,LLY,VTRS,WAT,CHD,KO,MDLZ,PG,SYY,TAP,TSN,CMS,D,DUK,EXC,WEC,AMCR,IFF,IP,MOS"
2022-10-14,5,6,36,18,36,18,0.5,0.5,1.0,mixed,0.44999999999999996,0.5454545454545454,"AAPL,ANET,FFIV,FSLR,IT,KEYS,LRCX,MRVL,NTAP,ON,VRSN,AMP,ARES,COF,GPN,HBAN,IBKR,IVZ,MS,MSCI,PFG,RJF,CMI,DOV,EME,ETN,FIX,NDSN,ROK,CCL,CMG,DECK,EBAY,EXPE,NCLH,RCL","BKR,PSX,XOM,INCY,WAT,CHD,DLTR,KO,MDLZ,PG,SYY,TSN,D,DUK,EXC,AMCR,IFF,IP"
2022-10-21,5,6,39,20,39,20,0.5,0.5,1.0,mixed,0.5128205128205128,0.4999999999999999,"AAPL,ADBE,ADSK,AMAT,ANET,FLEX,IT,KEYS,LRCX,MRVL,NTAP,ON,PANW,VRSN,AMP,COF,HBAN,IBKR,IVZ,PFG,RJF,ALLE,CMI,DAL,DE,DOV,EME,ETN,FIX,IEX,NDSN,APTV,CCL,CMG,DECK,EBAY,EXPE,NCLH,RCL","BKR,PSX,XOM,ELV,INCY,WAT,CHD,DG,DLTR,KMB,KO,MDLZ,MKC,PG,CMS,D,DUK,EXC,IFF,IP"
2022-10-28,4,7,23,27,23,27,0.5,0.5,1.0,mixed,0.9743589743589743,0.9629629629629631,"AMP,COF,IBKR,IVZ,PFG,ALLE,BA,DAL,DE,DOV,EME,FIX,GNRC,IEX,APTV,CCL,CMG,DECK,EBAY,EXPE,NCLH,RCL,ROST","CDNS,CIEN,COHR,CRM,INTC,SNPS,STX,WDC,OXY,WMB,ELV,INCY,VEEV,WAT,CHD,KMB,KO,MDLZ,MKC,PG,CMS,D,EXC,LNT,XEL,IFF,IP"
2022-11-04,5,6,28,26,28,26,0.5,0.5,1.0,mixed,0.5714285714285713,0.44444444444444453,"AMP,COF,IBKR,PFG,COP,DVN,EOG,TPL,ALLE,AXON,BA,DAL,DE,EME,FIX,GNRC,IEX,CCL,CMG,DECK,DRI,EBAY,EXPE,NCLH,RCL,ROST,SBUX,WYNN","ADBE,CDNS,CIEN,COHR,INTC,SNPS,STX,WDC,ELV,HSIC,VEEV,WAT,BF-B,CHD,KMB,MKC,PG,STZ,CMS,D,EIX,EXC,LNT,XEL,IFF,IP"
2022-11-11,5,6,32,24,32,24,0.5,0.5,1.0,mixed,0.5624999999999999,0.3846153846153846,"AMP,COF,HIG,IBKR,PFG,COP,EOG,FANG,TPL,ALLE,AME,AXON,DAL,DE,EME,GD,IEX,TXT,CCL,DECK,DRI,EBAY,EXPE,GRMN,LULU,MGM,NCLH,RCL,ROST,SBUX,ULTA,WYNN","ADBE,CDNS,CIEN,COHR,INTC,SNPS,STX,SWKS,CNC,VEEV,WAT,BF-B,CHD,KMB,STZ,AEE,CMS,D,EIX,EXC,LNT,XEL,IFF,IP"
2022-11-18,6,5,37,23,37,23,0.5,0.5,1.0,mixed,0.5945945945945945,0.75,"ACGL,AMP,COF,HIG,NDAQ,PFG,WTW,EOG,FANG,SLB,TPL,AME,AXON,DAL,DE,EME,GD,IEX,TXT,WAB,AZO,CCL,DECK,DRI,HLT,LOW,LULU,MGM,NCLH,RCL,ROST,SBUX,TJX,TSCO,ULTA,WYNN,LIN","ADBE,CDNS,COHR,QCOM,SNPS,SWKS,BDX,CI,CNC,IQV,MRK,TMO,VEEV,WAT,BF-B,CL,TSN,AEE,CMS,D,EXC,LNT,XEL"
2022-11-25,5,6,25,33,25,33,0.5,0.5,1.0,mixed,0.972972972972973,0.7272727272727273,"ACGL,COF,EG,FITB,HIG,MET,NDAQ,PFG,WTW,EOG,FANG,SLB,TPL,TRGP,AME,AXON,DAL,DE,EME,GD,PCAR,TXT,UAL,WAB,LIN","ADBE,CDNS,COHR,MPWR,MSI,QCOM,SNPS,SWKS,BDX,CI,CNC,EW,LLY,MDT,MRK,TMO,VEEV,AMZN,GPC,MCD,TSLA,BF-B,CL,KDP,TSN,AEE,CMS,CNP,D,DTE,EXC,LNT,XEL"
2022-12-02,5,6,37,24,37,24,0.5,0.5,1.0,mixed,0.8108108108108109,0.7272727272727272,"ACGL,ARES,COF,EG,FITB,HBAN,HIG,MET,NDAQ,PFG,WTW,EOG,FANG,SLB,TPL,ALGN,BAX,BIIB,COO,COR,GILD,LH,LLY,TECH,UHS,AME,AXON,DAL,DE,EME,ETN,HON,PCAR,PNR,TXT,WAB,LIN","ADBE,CDNS,COHR,MPWR,MSI,QCOM,SWKS,TYL,AMZN,GPC,TSLA,CL,KDP,TSN,AEE,CMS,CNP,D,DTE,DUK,EVRG,EXC,LNT,XEL"
2022-12-09,5,6,35,22,35,22,0.5,0.5,1.0,mixed,0.5405405405405405,0.5833333333333334,"ACGL,AIG,COF,EG,FITB,HBAN,HIG,MET,PFG,TROW,WTW,SLB,ALGN,BIIB,COR,CRL,GILD,LLY,MRK,TECH,WST,AME,AXON,CAT,DAL,DE,EME,ETN,HON,PCAR,PNR,UAL,WAB,LIN,STLD","APH,CDNS,COHR,FSLR,MPWR,MSI,QCOM,SWKS,TRMB,TYL,AMZN,TSLA,CHD,CL,HRL,KDP,TSN,CMS,CNP,DTE,LNT,XEL"
2022-12-16,5,6,37,22,37,22,0.5,0.5,1.0,mixed,0.4324324324324324,0.3636363636363637,"ACGL,AIG,COF,EG,HBAN,HIG,MET,TROW,WTW,APA,COP,SLB,TPL,ALGN,BAX,COR,CRL,GILD,LLY,MRK,TECH,WST,AME,AXON,CAT,EME,EMR,ETN,HON,LUV,PNR,UAL,URI,WAB,DD,LIN,STLD","APH,CDNS,COHR,CTSH,FSLR,MPWR,MSI,QCOM,SWKS,TRMB,TYL,AMZN,TSLA,BF-B,CASY,CL,HRL,KDP,SJM,TSN,CMS,DTE"
2022-12-23,5,6,33,23,33,23,0.5,0.5,1.0,mixed,0.5945945945945947,0.5217391304347827,"ACGL,AIG,APO,CB,COF,EG,HIG,IBKR,JPM,KEY,APA,PSX,SLB,ALGN,COR,CRL,MRK,STE,TECH,WST,AME,AXON,CAT,EME,EMR,ETN,HON,LUV,PNR,URI,WAB,DD,STLD","APH,CDNS,CRM,FLEX,FSLR,MSI,QCOM,STX,SWKS,TRMB,TYL,WDC,AMZN,TSLA,BF-B,CASY,CL,HRL,HSY,KDP,PEP,CMS,DTE"
2022-12-30,5,6,40,19,40,19,0.5,0.5,1.0,mixed,0.9,1.1304347826086956,"AMD,ANET,AVGO,CSCO,FICO,IBM,KLAC,NOW,NVDA,ORCL,ROP,STX,VRSN,ZBRA,ACGL,AIG,AMP,APO,CB,COF,EG,HIG,JPM,KEY,APA,PSX,SLB,ALLE,AME,AXON,CAT,DE,EMR,ETN,HON,LUV,PNR,URI,APD,DD","CAH,CVS,DHR,DVA,MDT,RMD,AMZN,GPC,TSLA,BF-B,CASY,COST,GIS,HRL,HSY,KDP,PEP,CMS,DTE"
2023-01-06,4,7,38,17,38,17,0.5,0.5,1.0,mixed,0.49999999999999994,0.5263157894736841,"ADI,AMAT,AMD,AVGO,CSCO,FICO,IBM,KLAC,LRCX,NOW,NVDA,ROP,STX,TDY,VRSN,WDC,ZBRA,ACGL,AIG,AMP,APO,CB,COF,EG,IVZ,JPM,KEY,KKR,ALLE,CAT,DE,EMR,ETN,MMM,PNR,URI,APD,DD","COP,DVN,CVS,DHR,DVA,ELV,MDT,RMD,AMZN,TSLA,CASY,COST,GIS,HRL,HSY,KDP,PEP"
2023-01-13,5,6,36,17,36,17,0.5,0.5,1.0,mixed,0.3157894736842105,0.47058823529411764,"ADI,AMAT,AMD,AVGO,CSCO,FICO,KLAC,LRCX,MRVL,NVDA,ROP,STX,TDY,VRSN,WDC,ACGL,AIG,AMP,APO,CB,COF,EG,IVZ,JPM,KEY,KKR,MCO,ALLE,CAT,EMR,MMM,NSC,PNR,URI,DD,IFF","COP,DVN,CVS,DHR,MDT,RMD,UNH,VEEV,DECK,CASY,COST,GIS,HRL,HSY,KDP,PEP,EVRG"
2023-01-20,5,6,38,20,38,20,0.5,0.5,1.0,mixed,0.4210526315789473,0.5999999999999999,"ADI,AMAT,AMD,AVGO,CSCO,FICO,KLAC,LRCX,MCHP,MRVL,NVDA,STX,VRSN,WDC,ACGL,AIG,APO,CB,COF,EG,IVZ,KEY,KKR,MCO,SPGI,TROW,ALLE,AOS,BA,BLDR,CSX,MMM,NSC,ODFL,PNR,URI,DD,IFF","COP,DVN,CVS,ELV,MDT,RMD,UNH,VEEV,DECK,DRI,CASY,COST,DLTR,HRL,KDP,PEP,STZ,D,EVRG,NRG"
2023-01-27,5,6,21,31,21,31,0.5,0.5,1.0,mixed,1.0,0.9032258064516129,"ADI,AMAT,AMD,AVGO,LRCX,MCHP,MRVL,SNPS,STX,VRSN,AIG,APO,CB,IVZ,KEY,KKR,MCO,SPGI,TROW,IFF,LIN","COP,DVN,FANG,BIIB,CVS,ELV,GILD,MDT,UNH,VEEV,ADP,EME,FIX,HII,HUBB,LHX,NOC,PAYX,PWR,UPS,WM,DECK,DRI,COST,DLTR,HRL,KDP,PEP,STZ,D,NRG"
2023-02-03,5,6,21,34,21,34,0.5,0.5,1.0,mixed,0.6666666666666667,0.6470588235294117,"AMAT,AMD,AVGO,LRCX,MCHP,MRVL,QCOM,SNPS,STX,TER,VRSN,WDAY,BEN,IVZ,KKR,MCO,MSCI,SPGI,TFC,IFF,SW","COP,EOG,FANG,MPC,BIIB,CNC,CVS,ELV,GILD,LLY,MCK,UNH,ADP,EME,FIX,HUBB,LHX,PAYX,PWR,ROL,DECK,DRI,ROST,TJX,ADM,COST,DLTR,HRL,KDP,PEP,SJM,STZ,SYY,NRG"
2023-02-10,5,6,23,36,23,36,0.5,0.5,1.0,mixed,0.5217391304347825,0.3888888888888889,"ADBE,AMD,AVGO,CIEN,FFIV,LRCX,MRVL,QCOM,SNPS,STX,SWKS,TER,VRSN,WDAY,BEN,FIS,IVZ,MCO,MSCI,SPGI,IFF,SHW,SW","COP,EOG,FANG,MPC,BIIB,CAH,CNC,CVS,ELV,GILD,LLY,MCK,UNH,ETN,FIX,GD,HUBB,LHX,PAYX,PWR,ROL,AZO,DECK,DRI,LULU,ROST,TJX,TSLA,ADM,DLTR,HRL,PEP,STZ,SYY,DTE,NRG"
2023-02-17,5,6,24,39,24,39,0.5,0.5,1.0,mixed,0.6666666666666666,0.7692307692307692,"ADBE,AVGO,CIEN,FFIV,LRCX,MRVL,NXPI,ORCL,QCOM,SNPS,STX,SWKS,TER,VRSN,WDAY,DHI,MGM,ULTA,WYNN,CRH,IFF,IP,SHW,SW","AJG,AMP,BAC,FDS,GPN,PFG,PNC,RJF,TROW,WTW,EOG,FANG,TPL,AMGN,BIIB,CAH,CNC,CVS,ELV,GILD,LLY,UNH,AXON,BR,ETN,FIX,GD,HUBB,LHX,PAYX,PWR,ROL,ADM,CASY,PEP,STZ,SYY,DTE,NRG"
2023-02-24,5,6,25,29,25,29,0.5,0.5,1.0,mixed,0.72,0.717948717948718,"CDNS,CIEN,LRCX,MPWR,MRVL,NOW,NVDA,QCOM,SNPS,STX,SWKS,TER,WDAY,AMZN,DHI,HAS,LEN,MGM,NVR,RL,WYNN,CRH,IP,SHW,SW","AJG,AMP,BAC,FDS,PFG,RF,RJF,TROW,WTW,EOG,XOM,AMGN,BIIB,CAH,CVS,ELV,GILD,LLY,AXON,BR,CTAS,GD,LUV,ROL,ADM,CASY,PEP,STZ,SYY"
2023-03-03,4,7,15,38,15,38,0.5,0.5,1.0,mixed,0.7999999999999998,0.7894736842105262,"CDNS,MPWR,MRVL,NVDA,QCOM,SNPS,STX,SWKS,TER,WDAY,AMZN,HAS,MGM,NVR,WYNN","AIG,AJG,AMP,BAC,FDS,PFG,PRU,RF,RJF,TROW,EOG,BIIB,CAH,CI,CNC,CVS,GILD,JNJ,LLY,ADP,AME,AXON,CTAS,EMR,GD,HON,LDOS,LUV,NOC,ROL,CASY,GIS,PEP,STZ,SYY,PNW,CF,SHW"
2023-03-10,4,7,10,43,10,43,0.5,0.5,1.0,mixed,0.8,0.5116279069767442,"CDNS,MPWR,MRVL,NVDA,QCOM,SWKS,TER,AMZN,MGM,PHM","AIG,AJG,AMP,BAC,FDS,PFG,PRU,RF,RJF,TROW,APA,CVX,DVN,EOG,TPL,XOM,AMGN,CAH,CI,GILD,JNJ,LLY,ADP,AME,AXON,CTAS,DE,EMR,GD,HON,LDOS,LUV,MMM,NOC,PAYX,ROL,CASY,GIS,ETR,PCG,PNW,CF,SHW"
2023-03-17,4,7,9,43,9,43,0.5,0.5,1.0,mixed,0.1999999999999999,0.41860465116279066,"CDNS,MPWR,MRVL,NVDA,QCOM,SWKS,TER,AMZN,MGM","AMP,BAC,MET,PFG,PRU,RJF,TROW,APA,CVX,DVN,EOG,TPL,AMGN,CAH,CI,CVS,GILD,JNJ,LLY,PFE,UNH,ADP,AME,AXON,CTAS,DE,EMR,GD,HON,LDOS,MMM,NOC,PAYX,DG,GIS,HRL,MKC,SJM,ETR,PNW,APD,CF,SHW"
2023-03-24,4,7,10,42,10,42,0.5,0.5,1.0,mixed,0.7999999999999998,0.23255813953488358,"AVGO,CDNS,CRM,MPWR,MRVL,NVDA,SWKS,AMZN,BKNG,NKE","AIG,ALL,AMP,BAC,IBKR,MET,NDAQ,PFG,PRU,RJF,APA,CVX,DVN,EOG,TPL,AMGN,CAH,CI,CVS,GILD,JNJ,LLY,PFE,UNH,ADP,AXON,CTAS,DE,EMR,GD,HON,LDOS,MMM,NOC,DG,GIS,HRL,MKC,SJM,PNW,CF,SHW"
2023-03-31,4,7,8,40,8,40,0.5,0.5,1.0,mixed,0.7999999999999999,0.2857142857142858,"CDNS,CRM,MPWR,MRVL,NVDA,ON,AMZN,TSLA","AIG,ALL,AMP,BAC,MET,NDAQ,PFG,PRU,RJF,APA,CVX,DVN,EOG,A,AMGN,CAH,CVS,GILD,JNJ,LLY,PFE,ADP,DE,EMR,GD,HON,LDOS,MMM,NOC,NSC,DG,GIS,HRL,MKC,SJM,NEE,NRG,PNW,CF,SHW"
2023-04-07,4,7,10,39,10,39,0.5,0.5,1.0,mixed,0.4,0.6,"AAPL,AMD,CDNS,CRM,MPWR,MRVL,NVDA,ON,AMZN,TSLA","AIG,ALL,AMP,BAC,KEY,MET,NDAQ,PFG,PNC,PRU,SCHW,APA,DVN,EOG,AMGN,CAH,GILD,JNJ,PFE,ADP,CAT,DE,EMR,GD,HON,MMM,NSC,URI,WAB,DG,HRL,PEP,PM,SJM,STZ,ES,NEE,IFF,SHW"
2023-04-14,4,7,11,35,11,35,0.5,0.5,1.0,mixed,0.3636363636363637,0.46153846153846145,"AAPL,AMD,ANET,CDNS,CRM,MRVL,NVDA,ON,PANW,AMZN,TSLA","AIG,ALL,AMP,BAC,CFG,KEY,MET,NDAQ,PFG,PNC,SCHW,APA,DVN,ABT,AMGN,CI,PFE,ADP,CAT,DE,NDSN,NSC,URI,WAB,CL,DG,HRL,PEP,PM,SJM,STZ,ES,NEE,IFF,SHW"
2023-04-21,4,7,9,32,9,32,0.5,0.5,1.0,mixed,0.36363636363636365,0.45714285714285724,"AAPL,AMD,ANET,CDNS,CRM,MRVL,NVDA,PANW,AMZN","AIG,ALL,AMP,BAC,BEN,CFG,KEY,MET,PFG,PNC,SCHW,APA,DVN,ABT,CI,CNC,UHS,CAT,DE,NDSN,NSC,URI,WAB,CL,DG,HRL,PM,STZ,SYY,ES,PCG,IFF"
2023-04-28,3,8,7,36,7,36,0.5,0.5,1.0,mixed,0.4444444444444444,0.5555555555555556,"AAPL,AMD,ANET,CDNS,MRVL,NVDA,PANW","AIG,ALL,AMP,BAC,BEN,CFG,KEY,MET,PFG,RF,SCHW,TFC,USB,ABT,BMY,CI,CRL,INCY,UHS,ALLE,CAT,IEX,NDSN,NSC,URI,WAB,CL,DG,EL,GIS,PM,STZ,SYY,ES,PCG,IFF"
2023-05-05,3,8,7,43,7,43,0.5,0.5,1.0,mixed,0.2857142857142857,0.6511627906976744,"AAPL,AMD,ANET,CDNS,MRVL,MSFT,PANW","ALL,AMP,BAC,CFG,FITB,HBAN,KEY,MET,PFG,PRU,RF,SCHW,SYF,TFC,USB,ABT,BMY,CI,CRL,INCY,IQV,LH,VTRS,WAT,ALLE,CAT,IEX,JBHT,NDSN,SWK,TXT,URI,WAB,ADM,BF-B,DG,EL,PM,STZ,SYY,ES,PCG,SRE"
2023-05-12,3,8,5,50,5,50,0.5,0.5,1.0,mixed,0.8571428571428572,0.4400000000000001,"AAPL,MRVL,MSFT,PANW,CMG","AMP,APO,BAC,CFG,FITB,HBAN,KEY,MET,PFG,PRU,RF,SCHW,SYF,TFC,USB,WTW,A,BMY,CI,CRL,DGX,DHR,INCY,IQV,LH,VTRS,WAT,ZBH,ALLE,CAT,DAL,IEX,JBHT,ODFL,PH,SWK,TXT,URI,WAB,ADM,BF-B,EL,PM,STZ,SYY,ES,PCG,SRE,STLD,SW"
2023-05-19,4,7,14,55,14,55,0.5,0.5,1.0,mixed,1.4285714285714284,0.4727272727272728,"AAPL,MRVL,MSFT,SMCI,CMG,LULU,ORLY,GIS,KO,KR,MKC,PEP,PG,TAP","AMP,APO,BNY,CFG,COF,FITB,HBAN,KEY,MET,MS,NTRS,PFG,PRU,RF,SCHW,SYF,TFC,USB,WTW,A,BMY,CI,CRL,DGX,DHR,INCY,IQV,LH,RVTY,VTRS,WAT,ZBH,ALLE,CAT,DAL,EMR,GE,IEX,JBHT,LDOS,MAS,ODFL,PH,SWK,TXT,URI,WAB,EIX,ES,PCG,SRE,AVY,IP,NUE,STLD"
2023-05-26,4,7,16,46,16,46,0.5,0.5,1.0,mixed,0.4999999999999999,0.39999999999999997,"CRM,MSFT,SMCI,AZO,CMG,LULU,MCD,ORLY,GIS,KO,KR,MDLZ,MKC,PEP,PG,TAP","AMP,APO,COF,FITB,HBAN,MET,MS,NTRS,PFG,RF,SYF,USB,WTW,A,BMY,CI,CRL,DGX,DHR,INCY,IQV,LH,RVTY,SYK,VTRS,WAT,ZBH,ALLE,CAT,GE,IEX,JBHT,LDOS,ODFL,SWK,TXT,UAL,WAB,EIX,ES,PCG,SRE,AVY,IP,NUE,STLD"
2023-06-02,5,6,15,36,15,36,0.5,0.5,1.0,mixed,0.625,0.7391304347826086,"MSFT,NVDA,SMCI,CMG,LULU,MCD,ORLY,GIS,KMB,KO,MKC,PEP,TAP,CNP,SO","AMP,GL,MS,NTRS,PFG,RF,USB,WRB,WTW,APA,MPC,BMY,CI,CRL,DHR,IDXX,INCY,IQV,LH,REGN,RVTY,SYK,VTRS,WAT,CMI,GE,IEX,JBHT,ODFL,SWK,TXT,WAB,AVY,IP,NUE,STLD"
2023-06-09,5,6,20,31,20,31,0.5,0.5,1.0,mixed,0.7,0.5555555555555556,"ACN,GEN,HPQ,MSFT,NVDA,SMCI,TRMB,AMZN,CMG,MCD,ORLY,DLTR,GIS,KMB,MKC,PEP,TAP,TSN,CNP,SO","ALL,AMP,KKR,NTRS,PFG,WRB,MPC,VLO,AMGN,DHR,IDXX,INCY,LH,REGN,RVTY,SYK,VTRS,WAT,CMI,GE,GWW,IEX,JBHT,ODFL,SWK,TXT,WAB,AVY,IP,NUE,STLD"
2023-06-16,5,6,10,35,10,35,0.5,0.5,1.0,mixed,1.0000000000000002,0.7428571428571428,"ACN,GEN,HPQ,NVDA,SMCI,AMZN,CMG,ORLY,CNP,SO","AXP,BNY,EG,KKR,NTRS,PFG,PGR,WRB,MPC,TPL,VLO,A,AMGN,DHR,IDXX,REGN,RVTY,WAT,AOS,CMI,GE,IEX,ODFL,TXT,WAB,CLX,DG,EL,KDP,TGT,AVY,IP,MOS,NUE,STLD"
2023-06-23,5,6,9,40,9,40,0.5,0.5,1.0,mixed,0.5999999999999999,0.35,"ACN,GEN,HPQ,NVDA,SMCI,TRMB,AMZN,CMG,HAS","ARES,AXP,BNY,EG,KKR,NTRS,PFG,PGR,STT,WRB,TPL,VLO,A,ABBV,ALGN,AMGN,DHR,IDXX,REGN,RVTY,WAT,AOS,CMI,CPRT,DOV,GE,IEX,ODFL,TDG,TXT,WAB,CLX,DG,EL,KDP,TGT,AVY,IP,MOS,STLD"
2023-06-30,5,6,7,38,7,38,0.5,0.5,1.0,mixed,0.6666666666666666,0.4,"ACN,CTSH,GEN,HPQ,SMCI,TRMB,HAS","ARES,AXP,BNY,EG,GL,KKR,NTRS,PGR,STT,TPL,VLO,A,ABBV,ALGN,IDXX,MTD,REGN,RVTY,TMO,ZBH,AOS,CPRT,DOV,IEX,LMT,ODFL,TDG,TXT,UPS,CLX,DG,EL,KDP,TGT,AVY,IP,MOS,STLD"
2023-07-07,3,8,2,54,0,54,0.0,1.0,1.0,short_only,0.9999999999999998,0.9259259259259258,,"ADI,ADSK,ANET,CSCO,FICO,GDDY,GLW,IBM,INTU,MPWR,NVDA,ROP,STX,SWKS,TDY,ARES,BNY,EG,GL,GPN,MSCI,NTRS,PGR,TPL,A,ABBV,ALGN,MTD,REGN,RVTY,TMO,AOS,BLDR,CPRT,DOV,IEX,LMT,ODFL,RTX,TDG,UPS,CLX,DG,EL,TGT,AEP,DUK,EIX,ETR,NEE,XEL,AVY,IP,MOS"
2023-07-14,3,8,2,49,0,49,0.0,1.0,1.0,short_only,0.0,0.5555555555555555,,"ADI,ADSK,ANET,CRM,CSCO,FICO,GDDY,GLW,INTC,MSI,NVDA,ROP,AMP,AON,ARES,EG,GL,GPN,MA,NTRS,PGR,A,ABBV,ALGN,CRL,HUM,REGN,RVTY,TMO,BLDR,DOV,IEX,LMT,RTX,TDG,UPS,DG,MDLZ,TGT,AEP,DUK,EIX,ETR,NEE,XEL,AMCR,AVY,IP,MOS"
2023-07-21,3,8,2,46,0,46,0.0,1.0,1.0,short_only,0.0,0.44897959183673475,,"ADI,ADSK,ANET,CRM,FICO,GDDY,GLW,INTC,MSI,NVDA,NXPI,ROP,TEL,AON,ARES,EG,GL,ICE,MA,NTRS,PGR,WTW,A,ABBV,ALGN,HUM,INCY,REGN,TMO,BLDR,DOV,IEX,LMT,RTX,UPS,DG,GIS,TGT,DUK,EIX,ETR,NEE,XEL,AVY,NEM,PPG"
2023-07-28,4,7,19,38,19,38,0.5,0.5,1.0,mixed,0.9999999999999998,0.826086956521739,"AMP,APO,BAC,CFG,COF,KEY,L,MCO,PNC,PRU,RJF,SCHW,SPGI,SYF,USB,WFC,CCL,EXPE,NCLH","ADI,ADSK,ANET,CRM,GLW,MSI,NVDA,STX,TER,TXN,VRSN,CVX,A,ABBV,ALGN,HUM,INCY,PODD,REGN,RMD,BLDR,CPRT,DOV,LMT,RTX,TDG,UPS,DG,GIS,HSY,TGT,DUK,EIX,NEE,WEC,XEL,NEM,PPG"
2023-08-04,4,7,19,38,19,38,0.5,0.5,1.0,mixed,0.10526315789473684,0.4736842105263156,"AMP,APO,BAC,CFG,COF,KEY,L,PNC,PRU,RJF,SCHW,SPGI,SYF,TFC,USB,WFC,CCL,EXPE,NCLH","ADSK,ANET,FICO,MSI,NVDA,TER,TXN,TYL,VRSN,CVX,A,BSX,HUM,INCY,ISRG,MTD,PODD,REGN,RMD,WAT,BLDR,CPRT,CTAS,DOV,LMT,RTX,TDG,TXT,DG,GIS,HSY,TGT,DUK,NEE,XEL,NEM,PPG,STLD"
2023-08-11,5,6,22,35,22,35,0.5,0.5,1.0,mixed,0.2727272727272726,0.7368421052631579,"AMP,APO,BAC,CFG,COF,KEY,L,PNC,PRU,RJF,SCHW,SPGI,SYF,TFC,USB,WFC,CCL,EXPE,NCLH,ATO,DTE,EXC","CDNS,CIEN,MSI,NVDA,TDY,TXN,TYL,VRSN,ZBRA,CVX,A,BSX,HUM,ISRG,MTD,PODD,REGN,RMD,SYK,BLDR,CPRT,CTAS,ITW,LMT,RTX,TDG,TT,GIS,HSY,KMB,CRH,ECL,IFF,NEM,PPG"
2023-08-18,5,6,28,33,28,33,0.5,0.5,1.0,mixed,0.7857142857142858,0.6285714285714286,"AMP,APO,BAC,CFG,FITB,KEY,KKR,L,MET,PNC,PRU,RJF,SCHW,SPGI,SYF,TFC,USB,WFC,WRB,NCLH,EXC,NI,ALB,AMCR,CF,MOS,NUE,SHW","CDNS,CIEN,MSI,MU,NVDA,SWKS,TDY,TYL,VRSN,ZBRA,CVX,XOM,BSX,HUM,ISRG,MRK,PODD,RMD,AOS,BLDR,CPRT,CTAS,ITW,LMT,RTX,TDG,TT,VRSK,XYL,CLX,EL,GIS,HSY"
2023-08-25,8,3,40,9,40,9,0.5,0.5,1.0,mixed,1.2999999999999994,1.4545454545454546,"AMP,KKR,L,MET,RJF,SCHW,WRB,BKR,HAL,MPC,PSX,TRGP,WMB,BDX,BMY,CI,COR,DHR,ELV,JNJ,LH,PFE,VEEV,WAT,LDOS,MAS,MMM,ODFL,PCAR,PH,SWK,WAB,EXC,NI,ALB,AMCR,IP,MOS,NUE,SHW","NVDA,SWKS,TDY,TYL,VRSN,CLX,EL,GIS,HSY"
2023-09-01,8,3,41,9,41,9,0.5,0.5,1.0,mixed,0.5853658536585367,0.6666666666666667,"AMP,BX,CPAY,L,MET,NTRS,WRB,HAL,MPC,PSX,TRGP,WMB,AMGN,BDX,BMY,CI,DHR,DVA,LH,PFE,RVTY,WAT,ADP,EME,JBHT,LDOS,LII,MAS,MMM,ODFL,PCAR,PH,TT,WAB,EXC,AMCR,AVY,IP,MOS,NUE,SHW","NVDA,TYL,VRSN,EL,GIS,HSY,MNST,PEP,TAP"
2023-09-08,8,3,49,12,49,12,0.5,0.5,1.0,mixed,0.5714285714285715,1.0,"AMP,BX,CPAY,IBKR,L,MET,NTRS,PRU,RF,WRB,APA,HAL,MPC,PSX,SLB,TRGP,VLO,AMGN,BDX,BMY,DHR,LH,MCK,PFE,RVTY,TMO,WAT,ADP,CAT,CHRW,EME,GD,JBHT,LDOS,LHX,ODFL,PCAR,PH,TT,WAB,EXC,AMCR,AVY,IP,LYB,MOS,NUE,PKG,SHW","ADI,ANET,FTNT,NVDA,TYL,GIS,HSY,KMB,MKC,MNST,PEP,TGT"
2023-09-15,8,3,47,8,47,8,0.5,0.5,1.0,mixed,0.3673469387755102,0.6666666666666666,"AMP,BX,FIS,IBKR,L,MET,NTRS,WRB,APA,FANG,HAL,MPC,PSX,SLB,VLO,AMGN,BMY,LH,MCK,PFE,RVTY,TMO,ADP,CAT,EME,GD,IEX,JBHT,LDOS,LHX,NSC,ODFL,PCAR,TT,TXT,UPS,WAB,DPZ,EXC,AMCR,AVY,IP,LYB,MOS,NUE,PKG,SHW","FTNT,NVDA,TYL,HSY,KMB,MKC,MNST,PEP"
2023-09-22,9,2,54,2,54,0,1.0,0.0,1.0,long_only,0.6296296296296298,1.0,"BX,CINF,ERIE,FIS,IBKR,L,MET,NTRS,APA,FANG,MPC,PSX,SLB,VLO,ABBV,AMGN,PFE,REGN,RVTY,TMO,ADP,CAT,EME,GD,IEX,J,JBHT,LDOS,LHX,NSC,ODFL,TT,UPS,DPZ,MAR,WSM,CASY,DG,EL,KDP,KR,TGT,WMT,CNP,EXC,AMCR,AVY,DD,IFF,IP,LYB,MOS,PKG,SHW",
2023-09-29,9,2,58,2,58,0,1.0,0.0,1.0,long_only,0.3448275862068965,0.0,"AFL,AIG,BX,CINF,ERIE,FDS,FIS,IBKR,L,NTRS,APA,FANG,MPC,PSX,VLO,ABBV,AMGN,PFE,REGN,TMO,ADP,BR,CAT,CHRW,EME,FIX,GD,IEX,J,JBHT,LHX,NSC,ODFL,TT,UPS,BKNG,DPZ,MAR,WSM,CASY,DG,EL,KDP,KR,STZ,TGT,WMT,CNP,D,WEC,AMCR,AVY,DD,IFF,IP,LYB,PKG,SHW",
2023-10-06,8,3,43,15,43,15,0.5,0.5,1.0,mixed,0.8965517241379312,0.9999999999999999,"AFL,AIZ,CB,CBOE,CINF,ERIE,FDS,FIS,IBKR,NDAQ,DVN,FANG,MPC,VLO,ABBV,AMGN,PFE,REGN,BKNG,DPZ,HAS,MAR,WSM,CASY,COST,DG,EL,KDP,KR,PG,TGT,TSN,WMT,D,DUK,NRG,AVY,DD,IFF,IP,LYB,PKG,SHW","AVGO,COHR,FTNT,ALLE,CSX,DAL,EFX,GWW,ITW,JCI,LMT,LUV,PWR,UAL,XYL"
2023-10-13,7,4,41,18,41,18,0.5,0.5,1.0,mixed,0.4186046511627907,0.888888888888889,"AFL,AIZ,AJG,ALL,CB,CBOE,CINF,EG,ERIE,FDS,FIS,IBKR,NDAQ,DVN,FANG,MPC,A,ABBV,AMGN,BMY,PFE,REGN,CASY,COST,DG,KDP,KR,PG,TGT,TSN,WMT,DUK,ED,NRG,SRE,AVY,DD,IFF,IP,LYB,SHW","AAPL,COHR,FTNT,VRSN,ALLE,EFX,ITW,JCI,LUV,NSC,PWR,RTX,UAL,UPS,XYL,CCL,DRI,EXPE"
2023-10-20,7,4,38,18,38,18,0.5,0.5,1.0,mixed,0.3902439024390244,0.5555555555555556,"AFL,AIZ,AJG,ALL,CB,CBOE,CINF,EG,ERIE,FDS,FIS,JKHY,NDAQ,DVN,FANG,HAL,OXY,A,ABBV,AMGN,BMY,PFE,REGN,BG,CASY,COST,KR,TGT,AEP,DUK,ED,NRG,SRE,AVY,DD,IP,LYB,SHW","AAPL,COHR,FSLR,MPWR,ALLE,DAL,JCI,LUV,NSC,PWR,ROK,RTX,TDG,UAL,UPS,CCL,DRI,EXPE"
2023-10-27,7,4,42,20,42,20,0.5,0.5,1.0,mixed,0.5238095238095238,0.5999999999999999,"ACGL,AFL,AIZ,AJG,ALL,CB,CBOE,EG,FDS,FIS,JKHY,L,MA,MRSH,NDAQ,PGR,WRB,DVN,FANG,OXY,A,AMGN,BMY,PFE,REGN,UNH,VEEV,BG,CASY,COST,HRL,PM,TGT,AEP,DUK,ED,NRG,SRE,AVY,DD,IP,NEM","AAPL,COHR,FSLR,MPWR,TER,ALLE,DAL,GNRC,LUV,MAS,NSC,PWR,SWK,UAL,UPS,WAB,CCL,DRI,EXPE,NCLH"
2023-11-03,7,4,41,20,41,20,0.5,0.5,1.0,mixed,0.4285714285714286,0.4,"ACGL,AIG,AIZ,AJG,ALL,CB,CBOE,EG,FDS,FIS,MRSH,NDAQ,PGR,WRB,CVX,DVN,FANG,OXY,AMGN,PFE,REGN,UNH,BG,CL,COST,HRL,PM,TGT,DUK,ED,ETR,LNT,NRG,SO,SRE,WEC,AVY,DD,IP,LIN,NEM","AAPL,ADBE,COHR,FSLR,MPWR,ORCL,TER,BA,DAL,GNRC,LUV,MAS,PWR,SWK,UAL,UPS,CCL,DHI,DRI,NCLH"
2023-11-10,6,5,34,23,34,23,0.5,0.5,1.0,mixed,0.4390243902439024,0.608695652173913,"ACGL,AIG,AIZ,AJG,ALL,CB,CBOE,EG,FDS,MRSH,NDAQ,PGR,WRB,CVX,DVN,FANG,OXY,AMGN,HUM,PFE,REGN,UNH,CL,COST,HRL,DUK,ED,ETR,LNT,NRG,PCG,SO,SRE,WEC","AAPL,ADBE,COHR,FSLR,HPQ,MPWR,ON,SMCI,TER,BA,DAL,GNRC,LUV,MAS,ODFL,PWR,SWK,UAL,UPS,NCLH,FCX,NUE,SHW"
2023-11-17,6,5,35,23,35,23,0.5,0.5,1.0,mixed,0.22857142857142856,0.5217391304347825,"ACGL,AIG,AIZ,AJG,ALL,AON,CB,CBOE,EG,FDS,HIG,MTB,NDAQ,PGR,WRB,CVX,DVN,FANG,OXY,AMGN,HUM,PFE,REGN,UNH,CL,COST,HRL,PM,ED,ETR,LNT,NRG,PCG,SO,SRE","AAPL,ADBE,FSLR,HPQ,MPWR,ON,SWKS,TER,ZBRA,BA,DAL,GNRC,LII,LUV,ODFL,PWR,SNA,SWK,UAL,XYL,NCLH,FCX,SW"
2023-11-24,6,5,35,21,35,21,0.5,0.5,1.0,mixed,0.4,0.608695652173913,"ACGL,AIG,AIZ,AJG,ALL,CB,CBOE,EG,FDS,GL,HIG,MTB,PGR,WRB,COP,CVX,DVN,MPC,OXY,CAH,PFE,REGN,UNH,VRTX,CL,COST,PM,ED,ETR,FE,NRG,PCG,SO,SRE,XEL","FSLR,HPQ,ON,SWKS,TER,WDAY,ZBRA,BA,EFX,ETN,GNRC,LII,ODFL,PWR,SWK,UAL,APTV,NCLH,FCX,MLM,SW"
2023-12-01,6,5,31,26,31,26,0.5,0.5,1.0,mixed,0.45714285714285724,0.7692307692307689,"ACGL,AIZ,ALL,EG,ERIE,GL,HIG,MTB,PGR,WRB,COP,CVX,DVN,MPC,OXY,CAH,CNC,COR,ELV,PFE,UNH,CL,COST,ED,ETR,FE,NRG,PCG,SO,SRE,XEL","CTSH,FSLR,ON,SMCI,SWKS,TER,TRMB,WDAY,EFX,ETN,GNRC,JCI,LII,MMM,ODFL,PWR,ROK,SWK,APTV,F,HAS,LOW,FCX,MLM,SW,VMC"
2023-12-08,7,4,38,21,38,21,0.5,0.5,1.0,mixed,0.6842105263157894,0.6923076923076921,"AFL,ALL,ERIE,GL,HIG,MTB,PGR,WRB,WTW,COP,CVX,DVN,OKE,OXY,BMY,BSX,CAH,CNC,COR,ELV,PFE,UNH,CASY,CL,COST,HSY,AES,ED,ETR,FE,NRG,PCG,XEL,ALB,AVY,LIN,PKG,STLD","CTSH,ON,SMCI,SWKS,TRMB,WDAY,ALLE,AME,CAT,CHRW,ETN,JCI,LII,MMM,ODFL,PWR,ROK,APTV,F,HAS,LOW"
2023-12-15,7,4,37,19,37,19,0.5,0.5,1.0,mixed,0.3157894736842105,0.38095238095238093,"AFL,ALL,ERIE,GL,HIG,JKHY,L,MTB,TRV,WRB,WTW,COP,DVN,OKE,OXY,BMY,BSX,CAH,CNC,COR,ELV,PFE,UNH,CL,HSY,AES,CMS,DUK,ETR,FE,NRG,PCG,XEL,ALB,AVY,LIN,STLD","CTSH,FTNT,ON,SMCI,TRMB,ALLE,AME,CAT,CHRW,ETN,HUBB,JCI,LII,ODFL,PWR,ROK,APTV,F,HAS"
2023-12-22,7,4,33,12,33,12,0.5,0.5,1.0,mixed,0.8648648648648649,1.157894736842105,"ALL,AMP,JKHY,MTB,TRV,WRB,WTW,BMY,BSX,CAH,CNC,COR,ELV,GILD,PFE,ALLE,AOS,GWW,HII,SNA,TDG,GIS,HSY,SYY,AES,CMS,ETR,PCG,PPL,ALB,AVY,MOS,STLD","ADBE,CSCO,CTSH,FTNT,INTU,ON,ORCL,SMCI,TRMB,APTV,F,HAS"
2023-12-29,7,4,35,13,35,13,0.5,0.5,1.0,mixed,0.5714285714285714,0.4615384615384614,"AMP,FDS,GS,JKHY,TRV,BMY,BSX,CNC,COR,ELV,GILD,AOS,AXON,GWW,HII,JCI,SNA,TDG,UNP,WAB,GIS,HSY,KO,SYY,AES,CMS,DTE,ETR,NEE,PCG,PPL,SRE,ALB,AVY,MOS","ADBE,CIEN,CSCO,CTSH,INTU,ORCL,SMCI,TRMB,HAL,APTV,EBAY,F,HAS"
2024-01-05,7,4,38,16,38,16,0.5,0.5,1.0,mixed,0.6315789473684211,0.5,"AIZ,AMP,COF,GS,JKHY,PNC,WFC,BMY,BSX,DGX,GILD,LH,AOS,AXON,BA,HII,JCI,LUV,MAS,TDG,UNP,WAB,XYL,HSY,KO,MDLZ,SJM,SYY,AES,DTE,ETR,NEE,PCG,PPL,SRE,ALB,AVY,MOS","ADBE,CIEN,CSCO,CTSH,INTU,JBL,ORCL,SMCI,TRMB,APA,HAL,OXY,SLB,APTV,EBAY,HAS"
2024-01-12,7,4,46,16,46,16,0.5,0.5,1.0,mixed,0.5652173913043477,0.625,"AMP,BLK,BNY,C,COF,FITB,GS,JKHY,PFG,PGR,PNC,WFC,BIIB,BMY,BSX,DGX,PODD,AOS,AXON,CMI,CTAS,HII,JCI,LUV,MAS,TDG,UNP,URI,WAB,XYL,KO,MDLZ,MNST,SJM,SYY,AES,DTE,ETR,NEE,PCG,PPL,SRE,ALB,AVY,CRH,MOS","AAPL,ADBE,CDNS,CIEN,CSCO,INTU,JBL,ORCL,SMCI,SNPS,TYL,APA,FANG,HAL,OXY,SLB"
2024-01-19,7,4,45,15,45,15,0.5,0.5,1.0,mixed,0.47826086956521746,0.12499999999999999,"AMP,BLK,BNY,COF,FITB,GS,JKHY,KKR,MCO,PFG,PNC,WFC,BIIB,BMY,BSX,CRL,HSIC,PODD,AOS,AXON,CMI,LUV,MAS,TDG,UNP,URI,KO,MDLZ,MNST,SYY,TGT,AES,D,DTE,ETR,PCG,PPL,SRE,AVY,BALL,CRH,ECL,MOS,NUE,SHW","AAPL,ADBE,CDNS,CIEN,CSCO,JBL,ORCL,SMCI,SNPS,TYL,APA,FANG,HAL,OXY,SLB"
2024-01-26,7,4,49,13,49,13,0.5,0.5,1.0,mixed,0.40816326530612257,0.4,"AMP,BAC,BLK,BNY,COF,FITB,GS,HIG,JKHY,JPM,KKR,MS,PFG,PNC,WFC,BIIB,BMY,BSX,CRL,HSIC,AOS,AXON,BLDR,CMI,HON,LHX,LUV,MAS,TDG,UAL,UNP,URI,CL,DLTR,KO,MDLZ,SYY,TGT,D,DTE,PPL,SRE,AVY,BALL,CRH,ECL,MOS,NUE,SHW","ADBE,CDNS,CSCO,JBL,ORCL,SNPS,TYL,APA,FANG,HAL,OXY,SLB,TSLA"
2024-02-02,7,4,58,12,58,12,0.5,0.5,1.0,mixed,0.5172413793103448,0.3076923076923075,"AMP,BAC,BLK,BNY,COF,FITB,GS,HIG,JKHY,JPM,KKR,MS,PFG,PNC,SYF,TFC,WFC,BIIB,BMY,BSX,CRL,DHR,HSIC,ISRG,SYK,UHS,VTRS,ZTS,ALLE,AXON,BLDR,CMI,HON,MAS,NDSN,TDG,UAL,UNP,UPS,URI,CL,DLTR,MDLZ,SYY,TGT,D,DTE,EIX,EVRG,ALB,AMCR,AVY,BALL,CRH,ECL,MOS,NUE,SHW","CDNS,JBL,ON,ORCL,SNPS,TYL,APA,FANG,HAL,OXY,SLB,TSLA"
2024-02-09,7,4,56,16,56,16,0.5,0.5,1.0,mixed,0.31034482758620685,0.75,"AMP,BAC,BLK,BNY,COF,FITB,GS,JKHY,JPM,KKR,MS,PFG,PNC,SYF,TFC,WFC,ABBV,BIIB,BMY,BSX,CRL,DHR,HSIC,IDXX,ISRG,MRK,SYK,TECH,UHS,VTRS,ZTS,ALLE,AXON,BLDR,HON,UAL,UPS,URI,MDLZ,SYY,TGT,TSN,D,DTE,EIX,ETR,EVRG,ALB,AMCR,AVY,BALL,CRH,ECL,FCX,NUE,SHW","AAPL,CDNS,JBL,ORCL,ROP,SNPS,TYL,APA,COP,EQT,FANG,HAL,SLB,HAS,TSLA,WSM"
2024-02-16,7,4,45,13,45,13,0.5,0.5,1.0,mixed,0.5000000000000001,0.5,"AMP,BNY,COF,FITB,JKHY,JPM,KKR,MS,PFG,PNC,RF,WFC,ABBV,BIIB,BMY,BSX,DHR,HSIC,ISRG,MRK,SYK,TECH,UHS,VTRS,AXON,BLDR,CAT,HON,UAL,URI,SYY,TGT,TSN,D,EIX,ETR,EVRG,AMCR,AVY,CRH,ECL,FCX,NUE,SHW,SW","AAPL,CDNS,ROP,SNPS,APA,COP,EQT,FANG,HAL,SLB,TPL,TSLA,WSM"
2024-02-23,7,4,45,10,45,10,0.5,0.5,1.0,mixed,0.44444444444444436,0.4615384615384617,"ALL,AMP,AXP,BEN,BNY,JKHY,JPM,KKR,MS,ABBV,BIIB,BMY,BSX,DHR,HSIC,ISRG,MRK,SYK,TECH,UHS,VTRS,ALLE,BLDR,CAT,GE,HII,HON,IEX,UAL,URI,DG,MKC,SYY,TSN,D,EIX,ETR,EVRG,ALB,AMCR,AVY,CRH,ECL,FCX,NUE","AAPL,ROP,SNPS,APA,EQT,HAL,SLB,TPL,TSLA,WSM"
2024-03-01,7,4,43,12,43,12,0.5,0.5,1.0,mixed,0.39999999999999997,0.5,"ALL,AMP,AXP,JPM,MS,NDAQ,WRB,ABBV,BMY,BSX,DHR,HSIC,ISRG,MRK,SYK,UHS,VTRS,ALLE,BLDR,CAT,GE,HII,HUBB,IEX,TDG,UAL,URI,DG,DLTR,HRL,MKC,SYY,TSN,EIX,ETR,EVRG,ALB,AMCR,AVY,CRH,ECL,NUE,VMC","AAPL,ROP,SNPS,APA,BKR,DVN,EOG,EQT,SLB,TPL,TSLA,WSM"
2024-03-08,7,4,43,14,43,14,0.5,0.5,1.0,mixed,0.3720930232558139,0.42857142857142855,"AMP,AXP,CINF,ERIE,JPM,NDAQ,ABBV,BMY,BSX,DHR,HSIC,ISRG,MRK,PFE,SYK,UHS,VTRS,AXON,BLDR,CAT,ETN,GE,HII,HUBB,IEX,PH,TDG,URI,WAB,DG,DLTR,HRL,MKC,TSN,ATO,ETR,EVRG,ALB,AMCR,CRH,ECL,NUE,VMC","AAPL,ROP,SNPS,APA,BKR,DVN,EOG,EQT,TPL,WMB,EXPE,LULU,TSLA,WSM"
2024-03-15,5,6,41,15,41,15,0.5,0.5,1.0,mixed,0.5116279069767442,0.2666666666666666,"AMP,APO,AXP,CINF,ERIE,FIS,IBKR,JPM,NDAQ,ABBV,BMY,BSX,CRL,ISRG,MRK,PFE,REGN,SYK,UHS,VTRS,AXON,BLDR,CAT,EME,ETN,GE,HII,HUBB,IEX,PH,PNR,TDG,DLTR,HRL,AMCR,BALL,CRH,ECL,MLM,NUE,VMC","AAPL,ROP,APA,BKR,DVN,EOG,EQT,TPL,WMB,EXPE,LULU,TSLA,WSM,AEE,CNP"
2024-03-22,6,5,48,10,48,10,0.5,0.5,1.0,mixed,0.49999999999999994,1.466666666666667,"AMP,APO,ARES,AXP,CINF,ERIE,FIS,IBKR,JPM,PFG,MPC,VLO,XOM,ABBV,BMY,BSX,CI,CRL,HCA,INCY,ISRG,PFE,REGN,SYK,UHS,AXON,BLDR,CAT,EME,ETN,GE,GWW,HII,HUBB,IEX,PH,PNR,TDG,HRL,KR,WMT,BALL,CRH,ECL,MLM,NUE,STLD,VMC","ROP,EXPE,LULU,TSLA,DTE,ED,LNT,PCG,WEC,XEL"
2024-03-29,6,5,53,14,53,14,0.5,0.5,1.0,mixed,0.33962264150943394,0.7142857142857144,"AMP,APO,ARES,AXP,CINF,FIS,FISV,IBKR,JPM,PFG,RF,MPC,OXY,VLO,XOM,ABBV,BMY,BSX,CI,CRL,DVA,HCA,INCY,ISRG,LLY,PFE,SYK,UHS,BLDR,CAT,CMI,EFX,EME,ETN,GE,HII,HUBB,IEX,PCAR,PH,PNR,TDG,HRL,KMB,KR,WMT,BALL,CRH,ECL,MLM,NUE,STLD,VMC","AKAM,HPQ,INTC,ROP,EXPE,LULU,TSLA,AWK,DTE,EXC,LNT,PCG,WEC,XEL"
2024-04-05,6,5,57,15,57,15,0.5,0.5,1.0,mixed,0.21052631578947367,0.3999999999999999,"AMP,APO,ARES,AXP,CINF,FIS,FISV,IBKR,JPM,PFG,PGR,RF,MPC,OXY,VLO,XOM,ABBV,BMY,BSX,CI,CRL,DVA,HCA,INCY,LLY,PFE,SYK,UHS,AXON,BLDR,CAT,CMI,EFX,EME,ETN,GE,HII,HUBB,IEX,PCAR,PH,PNR,PWR,TDG,CHD,HRL,KR,SYY,TGT,WMT,BALL,CRH,ECL,MLM,NUE,STLD,VMC","AKAM,HPQ,INTC,ROP,WDAY,EXPE,LULU,AWK,DTE,LNT,PCG,PEG,SO,WEC,XEL"
2024-04-12,7,4,56,11,56,11,0.5,0.5,1.0,mixed,0.38596491228070173,1.0666666666666669,"AMP,APO,ARES,AXP,CINF,FIS,FISV,IBKR,JPM,PFG,PGR,RF,SYF,OXY,TRGP,VLO,XOM,BMY,BSX,CI,COR,CRL,DVA,EW,HCA,LLY,PFE,SYK,UHS,AXON,CMI,EME,ETN,GE,HUBB,PCAR,PH,PNR,PWR,TDG,CHD,KR,TGT,WMT,AEE,NI,PEG,ALB,BALL,CRH,ECL,LIN,MLM,STLD,SW,VMC","ACN,AKAM,ANET,CTSH,HPQ,INTC,PANW,ROP,WDAY,EXPE,LULU"
2024-04-19,7,4,49,9,49,9,0.5,0.5,1.0,mixed,0.4285714285714285,0.7272727272727274,"APO,CINF,FIS,FISV,IBKR,JPM,PFG,PGR,SYF,FANG,OXY,TRGP,XOM,BDX,BMY,CI,COR,CRL,DVA,EW,HCA,LLY,MCK,PFE,AME,AXON,CMI,EME,ETN,GE,HUBB,PNR,PWR,TDG,WM,CHD,KR,TGT,WMT,AEE,PEG,ALB,BALL,ECL,LIN,MLM,STLD,SW,VMC","ACN,AKAM,AMD,ANET,CTSH,GEN,PANW,WDAY,LULU"
2024-04-26,7,4,48,13,48,13,0.5,0.5,1.0,mixed,0.4081632653061225,0.6153846153846153,"AIG,AON,C,FIS,FISV,IBKR,JPM,PFG,PGR,FANG,OXY,TRGP,XOM,BDX,CI,COR,DVA,HCA,HUM,IQV,LLY,MCK,MRK,UHS,VTRS,AME,AXON,CMI,EME,ETN,GE,HUBB,PNR,PWR,ADM,CHD,KR,TGT,WMT,AEE,PEG,ALB,BALL,LIN,MLM,STLD,SW,VMC","ACN,ADSK,AKAM,AMD,ANET,CTSH,FICO,GEN,PANW,WDAY,DECK,LULU,MAR"
2024-05-03,6,5,39,25,39,25,0.5,0.5,1.0,mixed,0.7499999999999999,0.9600000000000001,"AIG,AON,C,FIS,FISV,JPM,PFG,PGR,RJF,APA,FANG,OXY,TPL,TRGP,XOM,AXON,CMI,DOV,EME,ETN,FIX,GE,HUBB,LMT,PNR,PWR,ADM,CASY,CHD,KMB,KR,PEP,TGT,WMT,AEE,PEG,BALL,MLM,SW","ACN,ADSK,AKAM,AMD,ANET,CTSH,FICO,GEN,PANW,TDY,WDAY,CAH,INCY,LH,MDT,VRTX,VTRS,ZTS,DECK,EXPE,LULU,MAR,MCD,ROST,WSM"
2024-05-10,6,5,30,24,30,24,0.5,0.5,1.0,mixed,0.717948717948718,0.31999999999999984,"AIG,AON,C,FIS,JPM,PGR,RJF,TPL,TRGP,XOM,CMI,DE,DOV,FIX,HUBB,LMT,PNR,PWR,ADM,CASY,CHD,KMB,PEP,AEE,D,EXC,PEG,FCX,NEM,SW","ACN,ADSK,AKAM,AMD,ANET,CIEN,CTSH,FICO,GEN,PANW,TDY,WDAY,CAH,INCY,VRTX,VTRS,DECK,LULU,MAR,MCD,RL,ROST,TSLA,WSM"
2024-05-17,6,5,27,24,27,24,0.5,0.5,1.0,mixed,0.5333333333333334,0.41666666666666663,"AIG,AON,C,EG,JPM,RJF,SCHW,TPL,CAT,CMI,DE,DOV,FIX,IEX,LMT,PNR,PWR,ADM,CHD,KMB,MO,PEP,EXC,PEG,FCX,NEM,SW","ACN,ADSK,AKAM,AMD,CIEN,CTSH,FICO,IBM,INTC,TDY,WDAY,ABBV,ABT,INCY,VRTX,VTRS,DECK,HD,LULU,MAR,MCD,RL,TSLA,WSM"
2024-05-24,6,5,27,25,27,25,0.5,0.5,1.0,mixed,0.37037037037037035,0.4799999999999999,"AIG,AON,BAC,C,EG,IBKR,RJF,SCHW,TPL,VLO,CAT,DE,DOV,FIX,LMT,NOC,PNR,PWR,ADM,EL,KMB,MO,PEP,PEG,FCX,NEM,SW","ACN,ADSK,AMD,CIEN,CTSH,INTC,NOW,SMCI,TDY,WDAY,ABBV,ABT,CVS,INCY,LH,VTRS,DECK,DRI,HD,LULU,MAR,MCD,RL,TSLA,ULTA"
2024-05-31,6,5,28,25,28,25,0.5,0.5,1.0,mixed,0.49999999999999994,0.31999999999999995,"AIG,AON,AXP,BAC,EG,GS,IBKR,SCHW,STT,TPL,DE,DOV,GNRC,LMT,MMM,NOC,PWR,UPS,ADM,EL,KMB,MO,PEP,PEG,BALL,FCX,NEM,SW","ADSK,CIEN,COHR,INTC,NOW,SMCI,TDY,WDAY,ABBV,ABT,CVS,INCY,LH,SYK,VTRS,DECK,DRI,HD,HLT,LEN,LULU,MAR,MCD,RL,ULTA"
2024-06-07,6,5,34,30,34,30,0.5,0.5,1.0,mixed,0.588235294117647,0.5333333333333334,"AIG,AXP,BAC,EG,GS,IBKR,MRSH,SCHW,STT,APA,DVN,TPL,CHRW,CTAS,DOV,EME,GNRC,HON,LMT,MMM,NOC,UPS,WAB,XYL,ADM,KMB,MO,PEP,PM,PEG,BALL,FCX,NEM,SW","ADSK,AMAT,CIEN,FFIV,FLEX,IBM,INTC,NOW,SMCI,SWKS,TDY,WDAY,ABBV,ABT,CNC,CRL,CVS,LH,SYK,VTRS,DECK,DHI,DRI,HD,HLT,LEN,MAR,MCD,RL,ULTA"
2024-06-14,5,6,26,51,26,51,0.5,0.5,1.0,mixed,0.823529411764706,0.823529411764706,"APA,KMI,TPL,CHRW,CTAS,DOV,EME,GE,GNRC,HON,LMT,MMM,NOC,SNA,UPS,WAB,XYL,ADM,KDP,KMB,MO,PEP,PM,DD,IP,NEM","ADSK,AKAM,AMAT,CDNS,CIEN,CRM,FFIV,FLEX,IBM,INTC,IT,JBL,NOW,PTC,SMCI,SWKS,TDY,WDAY,WDC,APO,ERIE,FDS,GL,HIG,ICE,MA,SPGI,USB,ABBV,ABT,BAX,CI,CNC,CRL,CVS,LH,SYK,VEEV,VTRS,ZTS,DECK,DHI,DRI,HD,HLT,LEN,MAR,MCD,NVR,RL,ULTA"
2024-06-21,5,6,24,56,24,56,0.5,0.5,1.0,mixed,0.5384615384615383,0.42857142857142855,"EOG,KMI,TPL,WMB,CHRW,CTAS,GNRC,HON,LII,LMT,MMM,NOC,SNA,UPS,WAB,XYL,CASY,KDP,KMB,PM,DD,IFF,IP,NEM","ADSK,AKAM,AMAT,CDNS,CDW,CIEN,CRM,FFIV,FLEX,FTNT,IBM,INTC,IT,JBL,LRCX,NOW,PTC,SWKS,TDY,TRMB,WDAY,WDC,CME,ERIE,HIG,ICE,MA,RJF,USB,WRB,ABBV,ABT,BAX,BMY,CI,CNC,COR,CRL,CVS,IQV,LH,SYK,VEEV,VTRS,AMZN,DHI,DRI,HD,HLT,LEN,MAR,MCD,NVR,RL,ULTA,WSM"
2024-06-28,4,7,14,79,14,79,0.5,0.5,1.0,mixed,1.0833333333333333,0.7088607594936707,"KMI,TPL,WMB,CASY,KDP,KMB,KO,PM,SJM,SO,DD,IFF,IP,NEM","AKAM,AMAT,AMD,CDNS,CDW,CIEN,CRM,FFIV,FLEX,FTNT,IBM,INTC,IT,JBL,KEYS,LRCX,MSFT,NOW,PTC,SWKS,TDY,TRMB,WDAY,WDC,CME,HIG,JKHY,MA,MET,PGR,RJF,USB,WRB,WTW,ABBV,ABT,BAX,BMY,CI,CNC,COO,COR,CRL,CVS,IQV,LH,VEEV,VTRS,ALLE,AME,BLDR,CAT,FAST,FIX,GWW,HII,IEX,MAS,ODFL,PCAR,PNR,SWK,UNP,URI,WM,AMZN,DHI,DRI,HD,HLT,LEN,LULU,LVS,MAR,MCD,MGM,NVR,ULTA,WSM"
2024-07-05,4,7,20,69,20,69,0.5,0.5,1.0,mixed,1.0,0.7848101265822783,"ADI,FSLR,GLW,TER,TYL,VRSN,KMI,TPL,WMB,CASY,GIS,HSY,KDP,KMB,KO,PM,SJM,PEG,SO,XEL","BEN,CINF,COF,CPAY,FISV,HIG,MET,PGR,RJF,USB,WRB,ABBV,ABT,BAX,BMY,CAH,CNC,COO,COR,CRL,HSIC,IQV,LH,VEEV,VTRS,WAT,ALLE,AME,BLDR,CAT,FAST,FIX,GWW,HII,HUBB,IEX,JBHT,MAS,ODFL,PCAR,PNR,UNP,URI,WM,AMZN,CMG,DHI,DRI,HD,HLT,LEN,LULU,LVS,MAR,MCD,MGM,NVR,RL,SBUX,ULTA,WSM,WYNN,BALL,CF,LIN,LYB,NUE,STLD,VMC"
2024-07-12,4,7,23,54,23,54,0.5,0.5,1.0,mixed,0.6956521739130435,0.7826086956521738,"ADI,FICO,FSLR,GLW,TER,TXN,VRSN,APTV,BKNG,EBAY,NKE,CASY,GIS,HSY,KMB,KO,MO,PM,SJM,WMT,PEG,SO,XEL","CINF,COF,CPAY,FISV,GPN,HIG,MET,PGR,RJF,USB,COP,DVN,HAL,MPC,OKE,OXY,PSX,VLO,ABBV,ABT,BAX,BMY,CAH,CNC,COO,COR,CRL,HSIC,IQV,LH,VEEV,VTRS,WAT,ZBH,ALLE,AOS,BLDR,CMI,FAST,FIX,GWW,IEX,JBHT,ODFL,PCAR,PNR,UNP,URI,WM,CF,LYB,NUE,STLD,VMC"
2024-07-19,4,7,16,59,16,59,0.5,0.5,1.0,mixed,0.9565217391304348,0.6440677966101694,"ADI,CSCO,FICO,FSLR,GLW,HPQ,TER,TXN,VRSN,BKNG,EBAY,SBUX,TJX,PEG,SO,XEL","AXP,C,CINF,COF,CPAY,FISV,GPN,MET,PGR,RJF,USB,COP,DVN,HAL,MPC,OXY,PSX,VLO,A,ABBV,ABT,BAX,BMY,CAH,CNC,COO,COR,CRL,HSIC,IDXX,IQV,MRK,VEEV,VTRS,WAT,WST,ZBH,BLDR,CMI,CSX,ETN,FIX,HUBB,LUV,PCAR,PNR,UNP,DG,EL,GIS,HRL,KR,STZ,SYY,TSN,LYB,MLM,STLD,VMC"
2024-07-26,4,7,13,52,13,52,0.5,0.5,1.0,mixed,0.75,0.4067796610169493,"ADI,AVGO,CTSH,FICO,GLW,HPQ,TXN,VRSN,BBY,TJX,PEG,SO,XEL","AXP,C,COF,CPAY,FIS,FISV,GPN,MET,PGR,RJF,COP,DVN,MPC,PSX,VLO,A,ALGN,CAH,CNC,COO,COR,HSIC,IDXX,IQV,MRK,VEEV,WAT,WST,ZBH,BLDR,CMI,CSX,ETN,FIX,HUBB,PCAR,PH,PNR,UNP,CHD,DG,EL,GIS,HRL,KR,STZ,SYY,FCX,LYB,MLM,STLD,VMC"
2024-08-02,4,7,7,53,7,53,0.5,0.5,1.0,mixed,0.9230769230769229,0.5283018867924532,"AVGO,FICO,GLW,HPQ,BBY,TJX,SO","AIG,AXP,BAC,C,COF,FIS,GPN,MET,PGR,RJF,SCHW,DVN,MPC,VLO,A,ALGN,BSX,CNC,COO,COR,DXCM,HSIC,IDXX,LH,MDT,TMO,VEEV,WAT,WST,ZBH,CMI,DOV,EME,ETN,FIX,HUBB,NDSN,NSC,PCAR,PH,PNR,PWR,UNP,CHD,DG,EL,GIS,HRL,TGT,FCX,MLM,STLD,VMC"
2024-08-09,4,7,12,44,12,44,0.5,0.5,1.0,mixed,1.1666666666666667,0.6792452830188678,"AAPL,ACN,AVGO,FICO,GLW,HPQ,MPWR,AMGN,ISRG,REGN,BBY,LULU","AIG,AMP,AXP,BAC,C,COF,FIS,GPN,IBKR,MA,MET,PFG,PGR,RJF,SCHW,DVN,MPC,VLO,AME,CMI,DOV,EME,ETN,FIX,HUBB,NDSN,NSC,PCAR,PH,PWR,UNP,CHD,DG,DLTR,EL,GIS,HRL,PEP,TGT,ALB,FCX,MLM,STLD,SW"
2024-08-16,4,7,13,34,13,34,0.5,0.5,1.0,mixed,0.4615384615384614,0.7272727272727272,"AAPL,ACN,ADSK,AVGO,FICO,HPQ,MPWR,TYL,AMGN,BIIB,ISRG,REGN,LULU","AIG,AMP,AXP,BAC,GS,IBKR,MET,PFG,SCHW,DVN,CPRT,EME,ETN,FIX,GE,GWW,HUBB,NDSN,NSC,PCAR,PWR,CHD,DLTR,EL,GIS,HRL,PEP,TGT,AES,CMS,ALB,FCX,MLM,SW"
2024-08-23,4,7,12,30,12,30,0.5,0.5,1.0,mixed,0.46153846153846134,0.4705882352941176,"ACN,ADSK,FICO,MPWR,SWKS,TYL,ABBV,AMGN,BIIB,ISRG,REGN,LULU","AIG,AMP,AXP,BAC,GS,HIG,IBKR,MET,PFG,SCHW,DVN,CPRT,EME,ETN,FIX,GE,HUBB,PWR,URI,WAB,CHD,DLTR,GIS,PEP,AES,ALB,FCX,MLM,NUE,SW"
2024-08-30,5,6,18,31,18,31,0.5,0.5,1.0,mixed,1.1111111111111112,0.32258064516129037,"ADSK,ANET,FICO,MPWR,SWKS,ABBV,BIIB,HSIC,REGN,LULU,ULTA,HSY,KO,MDLZ,MO,PM,SJM,TAP","AIG,AMP,AXP,BAC,GS,HIG,IBKR,MET,PFG,SCHW,TROW,DVN,EQT,CPRT,EME,ETN,FIX,GE,HUBB,IEX,PWR,URI,WAB,AES,ALB,CRH,FCX,IFF,MLM,NUE,SW"
2024-09-06,4,7,15,46,15,46,0.5,0.5,1.0,mixed,0.6666666666666665,0.8695652173913042,"ABBV,BIIB,HSIC,LH,REGN,DHI,NVR,ULTA,HSY,KO,MDLZ,MO,PM,SJM,TAP","AMAT,CDNS,CDW,LRCX,MCHP,MU,SNPS,TER,AIG,AMP,AXP,C,FIS,GS,HIG,IBKR,JPM,PFG,SCHW,TROW,WFC,COP,CVX,DVN,EQT,CAT,CPRT,DAL,EME,ETN,FIX,GE,LDOS,PWR,TXT,UAL,URI,WAB,AES,ALB,AVY,CRH,IFF,MLM,NUE,SW"
2024-09-13,5,6,21,54,21,54,0.5,0.5,1.0,mixed,0.9523809523809524,0.4444444444444444,"ABBV,BIIB,HSIC,LH,STE,DHI,LEN,MCD,NVR,TJX,ULTA,HSY,KO,PM,SJM,AEP,ED,EIX,EVRG,NI,PNW","AMAT,CDNS,CDW,KEYS,LRCX,MU,NVDA,NXPI,PTC,SNPS,TER,TRMB,WDC,AIG,AMP,AXP,C,FIS,GS,HIG,IBKR,JPM,PFG,PRU,SCHW,TROW,WFC,COP,CVX,DVN,EQT,MPC,CAT,CPRT,DAL,EME,EMR,ETN,FIX,GE,HON,LDOS,PWR,TXT,UAL,UPS,WAB,ALB,AVY,IFF,MLM,NUE,STLD,SW"
2024-09-20,8,3,63,13,63,13,0.5,0.5,1.0,mixed,1.46031746031746,1.5925925925925926,"BNY,BX,CBOE,CFG,CINF,ERIE,FISV,IVZ,KEY,MCO,MTB,NDAQ,PNC,RF,STT,WTW,ABBV,ALGN,HCA,HSIC,LH,STE,UHS,ZBH,ALLE,AXON,CTAS,EFX,IEX,J,LMT,MMM,ODFL,PH,PNR,ROK,ROL,URI,DHI,DRI,LEN,MCD,NVR,PHM,SBUX,ULTA,HSY,KO,AEP,ED,EIX,EVRG,NI,PNW,AMCR,CF,CRH,LIN,LYB,NEM,NUE,PKG,SHW","CDNS,GDDY,KLAC,LRCX,MU,NVDA,NXPI,PTC,SNPS,TER,CVX,DVN,EQT"
2024-09-27,8,3,63,12,63,12,0.5,0.5,1.0,mixed,0.2857142857142857,0.30769230769230754,"BX,CBOE,CINF,ERIE,FISV,IVZ,KEY,MA,MCO,NDAQ,PGR,PNC,RF,STT,ABBV,ALGN,CVS,HCA,HSIC,IQV,LH,STE,UHS,ZBH,ALLE,AME,AXON,CTAS,EFX,J,LMT,MMM,ODFL,PH,PNR,ROK,RTX,URI,DHI,DRI,LEN,MCD,NVR,PHM,SBUX,ULTA,HSY,MO,AEP,ATO,D,ED,EIX,EVRG,NI,AMCR,CF,CRH,LIN,LYB,NUE,PKG,SHW","CDNS,GDDY,KLAC,LRCX,MU,NTAP,NVDA,NXPI,SNPS,TER,CVX,DVN"
2024-10-04,8,3,61,14,61,14,0.5,0.5,1.0,mixed,0.3809523809523811,0.2857142857142857,"BRO,BX,CBOE,CINF,ERIE,FISV,IVZ,KEY,MA,MCO,NDAQ,PGR,RF,STT,ABBV,ALGN,COO,HCA,HSIC,IQV,LH,RVTY,STE,ADP,ALLE,AXON,BA,CTAS,EFX,LII,LMT,MMM,ODFL,PH,PNR,ROK,URI,DHI,DRI,LEN,MCD,NVR,PHM,SBUX,ULTA,CLX,HRL,HSY,MNST,MO,D,ED,EIX,SO,AMCR,CF,CRH,LYB,NUE,PKG,SHW","CDNS,GDDY,KLAC,LRCX,MU,NTAP,NVDA,NXPI,QCOM,SNPS,TER,CVX,DVN,TPL"
2024-10-11,9,2,51,5,51,5,0.5,0.5,1.0,mixed,0.7213114754098361,1.2857142857142856,"BEN,BRO,BX,CBOE,CINF,ERIE,FISV,KEY,MA,PGR,HAL,OKE,ABBV,ALGN,CAH,COO,HCA,HSIC,IQV,RVTY,ADP,ALLE,AXON,BA,CAT,MMM,PH,PNR,ROK,URI,BBY,DRI,MCD,NVR,PHM,SBUX,ULTA,WYNN,CLX,HRL,MKC,PEP,PM,AWK,CMS,SO,CRH,LYB,NUE,PKG,SHW","CDNS,GDDY,LRCX,NTAP,TER"
2024-10-18,9,2,47,6,47,6,0.5,0.5,1.0,mixed,0.6666666666666667,0.6666666666666667,"ALL,BEN,BX,CBOE,FISV,ICE,KEY,MA,MET,PGR,COP,HAL,OKE,ALGN,BDX,CAH,COO,DVA,HCA,HSIC,MDT,RMD,RVTY,ADP,AXON,BA,BLDR,CAT,PH,PNR,ROK,URI,DRI,LVS,MCD,NKE,PHM,SBUX,CLX,EL,HRL,PEP,PM,AWK,CF,CRH,PKG","CDNS,GDDY,KLAC,LRCX,NTAP,NXPI"
2024-10-25,9,2,45,5,45,5,0.5,0.5,1.0,mixed,0.46808510638297873,1.0,"ALL,BEN,BX,FISV,ICE,KEY,MET,PGR,APA,COP,HAL,OKE,ALGN,BDX,CAH,COO,DVA,IDXX,MDT,PODD,RMD,RVTY,ADP,BA,BLDR,DE,FIX,PH,ROK,URI,APTV,DRI,LVS,MCD,NCLH,NKE,SBUX,CLX,EL,KO,PEP,PM,ETR,CF,CRH","KLAC,MCHP,NTAP,NXPI,SWKS"
2024-11-01,9,2,41,5,41,5,0.5,0.5,1.0,mixed,0.5777777777777778,0.0,"AMP,BEN,BX,ICE,MET,APA,COP,HAL,OKE,ALGN,BDX,BMY,COO,DVA,IDXX,MDT,PODD,ADP,BA,BLDR,DE,EME,FIX,HUBB,PWR,ROK,TDG,UAL,URI,APTV,DRI,LVS,NCLH,NKE,ADM,CLX,EL,PEP,STZ,ETR,CRH","KLAC,MCHP,NTAP,NXPI,SWKS"
2024-11-08,9,2,43,6,43,6,0.5,0.5,1.0,mixed,0.5116279069767442,0.33333333333333337,"AMP,ARES,BX,IBKR,KKR,MET,V,BKR,HAL,OKE,ABT,ALGN,BDX,BMY,BSX,COO,DVA,MDT,PODD,ZBH,ADP,BA,DE,EME,FIX,HUBB,PWR,ROK,TDG,TT,UAL,WAB,LVS,NCLH,NKE,WYNN,ADM,CLX,EL,PEP,STZ,ETR,CRH","GLW,KLAC,MCHP,NTAP,NXPI,SWKS"
2024-11-15,8,3,35,15,35,15,0.5,0.5,1.0,mixed,0.8372093023255813,1.3333333333333333,"AMP,APO,ARES,BX,EG,IBKR,KKR,MET,NDAQ,PFG,RJF,V,BKR,HAL,OKE,ADP,BA,DAL,EME,FIX,HUBB,PWR,ROK,TDG,TT,UAL,WAB,BKNG,LVS,NCLH,RCL,WYNN,ETR,NI,CF","GLW,KLAC,NTAP,NXPI,SWKS,TYL,BIIB,ELV,HUM,REGN,HSY,KO,MO,PM,SJM"
2024-11-22,8,3,41,20,41,20,0.5,0.5,1.0,mixed,0.5365853658536585,0.6000000000000001,"AMP,APO,ARES,BX,COF,EG,IBKR,KKR,MET,MS,MTB,PFG,RF,RJF,V,BKR,EQT,ADP,CAT,DAL,EME,FIX,GWW,HUBB,PWR,ROK,TT,UAL,WAB,BKNG,CCL,LVS,NCLH,RCL,WYNN,ETR,EXC,NI,NRG,CF,SHW","ADI,GLW,KLAC,NTAP,NXPI,ON,SWKS,TEL,TXN,TYL,BIIB,ELV,HUM,MRK,REGN,DG,HSY,MO,PM,SJM"
2024-11-29,7,4,46,29,46,29,0.5,0.5,1.0,mixed,0.3913043478260869,0.7586206896551723,"AMP,APO,ARES,BX,CINF,COF,EG,IBKR,KKR,MS,MTB,NTRS,RF,RJF,SYF,TROW,BKR,EQT,SLB,ADP,CAT,DAL,EME,FIX,GWW,HUBB,PWR,ROK,TT,UAL,UPS,WAB,BKNG,CCL,LVS,NCLH,RCL,TPR,WYNN,ETR,EXC,NI,NRG,PEG,CF,SW","ADI,GLW,KLAC,MPWR,MSI,NTAP,NVDA,NXPI,ON,ROP,STX,SWKS,TEL,TXN,TYL,ZBRA,AMGN,ELV,HCA,HUM,IQV,MRK,REGN,ADM,CL,DG,HSY,PM,SJM"
2024-12-06,6,5,48,31,48,31,0.5,0.5,1.0,mixed,0.5833333333333331,1.2258064516129032,"CSCO,FFIV,FLEX,MRVL,NOW,SNPS,TDY,AMP,APO,ARES,CINF,COF,FISV,HBAN,IBKR,KKR,MS,MTB,NTRS,RJF,SYF,TROW,BKR,EQT,SLB,ADP,DAL,EME,FIX,GWW,HUBB,J,PH,PNR,PWR,SNA,TT,UAL,UPS,URI,WAB,BKNG,CCL,LVS,NCLH,RCL,TPR,WYNN","AMGN,BIIB,CNC,DHR,ELV,HCA,HUM,IQV,MRK,REGN,STE,TMO,ADM,CL,GIS,HSY,PM,SJM,AEP,AES,AWK,D,DUK,ED,ES,FE,NEE,AMCR,BALL,IFF,LYB"
2024-12-13,6,5,55,31,55,31,0.5,0.5,1.0,mixed,0.4363636363636363,0.25806451612903225,"CDNS,CIEN,CSCO,FFIV,FLEX,FTNT,MRVL,NOW,ORCL,SNPS,TDY,TRMB,AIG,AMP,APO,CINF,CME,COF,FISV,HBAN,IBKR,KKR,MS,MTB,NTRS,RJF,SYF,TROW,BKR,EQT,SLB,ADP,DAL,EME,EMR,FIX,GWW,J,PCAR,PH,PNR,PWR,SNA,TT,UAL,UPS,WAB,BKNG,CCL,MAR,MGM,NCLH,RCL,TPR,TSLA","AMGN,BAX,BIIB,CNC,DHR,HCA,IQV,MRK,MTD,REGN,STE,TMO,ADM,CL,GIS,KDP,KO,PM,SJM,AEP,AWK,D,DUK,ED,ES,FE,NEE,AMCR,BALL,IFF,LYB"
2024-12-20,6,5,47,30,47,30,0.5,0.5,1.0,mixed,0.29090909090909095,0.32258064516129037,"CIEN,CSCO,FFIV,FLEX,FTNT,MRVL,NOW,SNPS,TRMB,AIG,AMP,APO,CINF,CME,COF,FISV,HBAN,IBKR,KKR,MS,MTB,NTRS,SYF,TROW,BKR,EQT,SLB,ADP,DAL,EME,EMR,FIX,GWW,J,PCAR,PH,PNR,PWR,SNA,UPS,WAB,BKNG,CCL,MGM,RCL,TPR,TSLA","AMGN,BAX,BIIB,CNC,DHR,HCA,IQV,LLY,MTD,REGN,STE,TMO,ADM,CL,GIS,KDP,KO,MDLZ,SJM,TGT,AWK,D,ED,ES,NEE,AMCR,BALL,IFF,IP,LYB"
2024-12-27,6,5,41,27,41,27,0.5,0.5,1.0,mixed,0.46808510638297873,0.4666666666666667,"ADBE,CIEN,CSCO,FFIV,FLEX,FTNT,MRVL,NOW,SNPS,TRMB,AIG,BEN,CME,COF,FISV,HBAN,IBKR,JPM,MS,NTRS,SYF,TROW,BKR,EQT,SLB,ADP,BR,CPRT,DAL,EMR,GWW,PCAR,PH,PNR,PWR,SNA,UPS,WAB,MGM,TPR,TSLA","AMGN,BAX,BIIB,CI,DHR,HCA,IQV,LLY,MTD,RVTY,STE,TMO,ADM,CL,GIS,KDP,KO,MDLZ,PEP,SJM,TGT,D,ED,NEE,BALL,IFF,NEM"
2025-01-03,5,6,29,35,29,35,0.5,0.5,1.0,mixed,0.7804878048780488,0.6285714285714287,"ADBE,CIEN,CSCO,FFIV,FLEX,FTNT,MRVL,MSFT,NOW,SNPS,TRMB,AIG,AIZ,BEN,CME,COF,HBAN,IBKR,JPM,L,NTRS,SYF,TROW,BKR,CVX,EQT,SLB,TPR,TSLA","AMGN,BAX,BIIB,CI,COO,DHR,HCA,IQV,LLY,MTD,RVTY,TMO,EFX,GE,LHX,LMT,NDSN,NOC,SWK,TDG,XYL,ADM,BF-B,CL,GIS,KDP,MDLZ,PEP,SJM,TGT,D,ED,NEE,BALL,NEM"
2025-01-10,5,6,29,31,29,31,0.5,0.5,1.0,mixed,0.27586206896551724,0.4000000000000001,"ADBE,CIEN,CSCO,FFIV,FLEX,FTNT,GDDY,MSFT,NOW,SNPS,TRMB,AIZ,BEN,CME,COF,GS,HBAN,JPM,L,SYF,TROW,BKR,CVX,EOG,EQT,SLB,GRMN,TPR,TSLA","AMGN,BAX,CI,COO,HCA,LLY,MTD,GE,LDOS,LHX,LMT,NDSN,NOC,RTX,SWK,TDG,ADM,BF-B,CL,GIS,KDP,MDLZ,PEP,SJM,TGT,D,ED,NEE,BALL,ECL,NEM"
2025-01-17,5,6,25,34,25,34,0.5,0.5,1.0,mixed,0.5517241379310345,0.47058823529411775,"ADBE,CIEN,CSCO,FFIV,FLEX,FTNT,GDDY,MSFT,TRMB,AIZ,BX,CME,FDS,GS,JPM,L,SYF,CVX,EQT,SLB,DECK,GRMN,TPR,TSLA,WSM","AMGN,BAX,CI,COO,ELV,HCA,LLY,MDT,REGN,CTAS,GE,LDOS,LHX,LMT,NDSN,NOC,PNR,SWK,TDG,URI,ADM,BF-B,CL,GIS,HSY,KDP,MDLZ,PEP,SJM,TGT,D,ED,NEE,SO"
2025-01-24,5,6,20,33,20,33,0.5,0.5,1.0,mixed,0.7200000000000002,0.47058823529411775,"ADBE,AKAM,CIEN,CSCO,FFIV,FLEX,GDDY,MSFT,AXP,FDS,GS,JPM,L,WTW,EOG,EQT,SLB,DECK,TPR,WSM","AMGN,BAX,CI,COO,HCA,LLY,MDT,REGN,UHS,ALLE,AXON,CTAS,LDOS,LHX,NDSN,NOC,PNR,ROL,SWK,TDG,TT,URI,XYL,ADM,BF-B,HSY,MDLZ,SJM,AEP,D,ED,NEE,SO"
2025-01-31,3,8,12,45,12,45,0.5,0.5,1.0,mixed,1.0,0.8888888888888891,"ADBE,CIEN,CSCO,FFIV,FLEX,GDDY,MSFT,SWKS,CCL,DECK,TPR,WSM","AJG,ALL,BX,CBOE,CFG,EG,FIS,FISV,MTB,PGR,TRV,KMI,MPC,WMB,XOM,AMGN,CI,COO,MDT,PODD,REGN,UHS,ALLE,AXON,CTAS,LDOS,LHX,NDSN,PH,PNR,ROL,TT,UAL,URI,XYL,ADM,BF-B,HSY,MDLZ,SJM,AEP,DUK,EIX,NEE,SO"
2025-02-07,3,8,13,47,13,47,0.5,0.5,1.0,mixed,0.4615384615384614,0.5957446808510639,"ADBE,AVGO,CIEN,CSCO,FFIV,GDDY,JBL,MSFT,SWKS,VRSN,CCL,TPR,WSM","ALL,BX,CINF,FIS,FISV,KEY,MTB,PGR,TRV,WRB,KMI,OKE,TPL,WMB,XOM,CI,INCY,MDT,PODD,REGN,UHS,ALLE,AXON,CTAS,EFX,GD,HUBB,LDOS,LHX,NDSN,NSC,PNR,ROL,TT,UAL,URI,XYL,ADM,BF-B,MDLZ,SJM,WMT,AWK,EIX,ES,NEE,PEG"
2025-02-14,4,7,17,49,17,49,0.5,0.5,1.0,mixed,0.9411764705882355,0.5306122448979593,"ADBE,AVGO,CIEN,CSCO,JBL,MRVL,MSFT,SWKS,TRMB,VRSN,BDX,BSX,IDXX,IQV,SYK,RL,WSM","ALL,BRK-B,BX,CB,CINF,FIS,FISV,FITB,KEY,MS,MTB,PGR,PNC,RF,TRV,USB,WRB,KMI,OKE,TPL,WMB,XOM,ALLE,AXON,CTAS,EFX,EME,GNRC,LDOS,LHX,NDSN,ODFL,PNR,TT,UAL,URI,ADM,BF-B,MDLZ,SJM,WMT,AWK,EIX,ES,NEE,PCG,PEG,ALB,BALL"
2025-02-21,4,7,14,46,14,46,0.5,0.5,1.0,mixed,0.5882352941176469,0.36734693877551033,"CSCO,JBL,MRVL,MSFT,SWKS,TRMB,VRSN,ABT,BDX,IDXX,IQV,DRI,RL,WSM","ALL,BX,CB,CINF,ERIE,FIS,FISV,FITB,HBAN,KEY,MS,MTB,RF,TRV,USB,WRB,KMI,TPL,WMB,XOM,AXON,CAT,CTAS,EME,GNRC,LDOS,NDSN,ODFL,PH,PNR,TT,UAL,URI,ADM,BF-B,SJM,STZ,WMT,AWK,EIX,NEE,PCG,PEG,ALB,BALL,SHW"
2025-02-28,4,7,10,51,10,51,0.5,0.5,1.0,mixed,0.8571428571428572,0.4313725490196078,"CSCO,JBL,LRCX,VRSN,ABT,CAH,IDXX,IQV,DRI,RL","ALL,BX,CB,CINF,ERIE,FDS,FIS,FITB,HBAN,KEY,KKR,MS,PNC,RF,SYF,TROW,TRV,USB,WRB,BKR,TPL,WMB,AXON,CAT,CTAS,EME,GNRC,GWW,IEX,LDOS,NDSN,ODFL,PH,PNR,TT,UAL,URI,ADM,BF-B,GIS,KDP,PG,SJM,STZ,WMT,EIX,NEE,PCG,PEG,ALB,BALL"
2025-03-07,7,4,29,42,29,42,0.5,0.5,1.0,mixed,1.3793103448275865,0.7450980392156864,"ADBE,AMD,IBM,JBL,LRCX,VRSN,APA,COP,HAL,PSX,VLO,ABT,CAH,IDXX,IQV,LH,MCK,TMO,DRI,RL,COST,KDP,MDLZ,TGT,AVY,ECL,LIN,MOS,PPG","ACGL,AMP,APO,BX,CINF,ERIE,FDS,FIS,FITB,HBAN,KEY,KKR,MS,PNC,RF,TROW,USB,AXON,CAT,EME,FIX,GNRC,GWW,HUBB,IEX,J,LDOS,NDSN,ODFL,PH,PNR,PWR,TT,UAL,URI,EIX,ETR,NEE,NI,PCG,PEG,SRE"
2025-03-14,5,6,24,52,24,52,0.5,0.5,1.0,mixed,0.6896551724137931,0.5384615384615383,"ADBE,AMD,IBM,JBL,LRCX,VRSN,COP,CVX,EQT,HAL,PSX,VLO,ABT,COR,LH,REGN,COST,KDP,MDLZ,PEP,TGT,ECL,LIN,PPG","ACGL,AMP,APO,ARES,BX,CINF,FDS,FIS,FITB,HBAN,KEY,KKR,MS,NTRS,PNC,RF,TROW,USB,ALLE,AXON,CAT,EME,ETN,FDX,FIX,GNRC,GWW,HUBB,IEX,J,JBHT,LDOS,LII,NOC,ODFL,PH,PNR,PWR,TT,URI,WAB,CCL,HD,LOW,PHM,TSLA,ETR,NEE,NI,PCG,PEG,SRE"
2025-03-21,5,6,28,51,28,51,0.5,0.5,1.0,mixed,0.5714285714285714,0.30769230769230765,"ADBE,AMD,IBM,LRCX,ROP,TDY,VRSN,COP,EQT,HAL,MPC,PSX,VLO,ABBV,ABT,AMGN,BIIB,COR,LH,REGN,GIS,KDP,MDLZ,PEP,BALL,ECL,LIN,PPG","ACGL,AIZ,AMP,APO,ARES,BX,FDS,FITB,HBAN,KEY,KKR,MS,MSCI,NTRS,PNC,RF,TROW,USB,ALLE,AXON,CAT,EME,ETN,FDX,FIX,GNRC,GWW,HUBB,IEX,J,JBHT,LII,ODFL,PH,PNR,PWR,TT,UAL,WAB,CCL,DECK,LOW,NCLH,NVR,D,ETR,NEE,NI,PCG,PEG,SRE"
2025-03-28,5,6,17,59,17,59,0.5,0.5,1.0,mixed,0.8571428571428571,0.5423728813559321,"COP,CVX,HAL,MPC,PSX,VLO,ABBV,ABT,AMGN,BIIB,COR,GIS,KDP,PEP,BALL,ECL,LIN","ANET,CIEN,COHR,FSLR,FTNT,GLW,MRVL,NOW,NVDA,PTC,ZBRA,AIZ,APO,ARES,CFG,FDS,HBAN,KEY,KKR,MS,MSCI,NTRS,PNC,RF,TFC,TROW,USB,ALLE,AXON,CAT,DAL,EME,ETN,FDX,FIX,GNRC,GWW,HUBB,IEX,J,JBHT,LHX,LII,ODFL,PH,PNR,PWR,TT,UAL,UPS,WAB,CCL,DECK,NCLH,ETR,NEE,NI,PEG,SRE"
2025-04-04,6,5,35,39,35,39,0.5,0.5,1.0,mixed,1.1999999999999993,1.0169491525423726,"COP,CVX,HAL,MPC,VLO,ABBV,AMGN,BAX,BIIB,JNJ,STE,VRTX,ALLE,BLDR,BR,CSX,EFX,GE,MAS,MMM,NDSN,RSG,RTX,SWK,TDG,VRSK,WM,XYL,GIS,KDP,PEP,PM,BALL,ECL,LIN","ANET,AVGO,CIEN,COHR,FSLR,GLW,HPQ,MRVL,NTAP,NVDA,ON,PTC,ZBRA,APO,ARES,AXP,BAC,CFG,COF,FDS,GPN,HBAN,KEY,KKR,MSCI,PNC,RF,STT,TFC,TROW,USB,CCL,DECK,TPR,ETR,NEE,NI,PEG,SRE"
2025-04-11,8,3,54,17,54,17,0.5,0.5,1.0,mixed,1.0,1.2307692307692308,"AJG,AON,BRK-B,BRO,CB,CBOE,CME,EG,HIG,MRSH,PGR,SPGI,TRV,V,WRB,COP,HAL,ABBV,AMGN,BAX,JNJ,STE,VRTX,ALLE,BLDR,BR,CSX,DE,EXPD,GE,MMM,NDSN,RSG,RTX,TDG,VRSK,WM,XYL,GIS,PEP,PM,AEP,ATO,CMS,DTE,DUK,ED,EVRG,EXC,PPL,WEC,BALL,ECL,LIN","ANET,AVGO,CIEN,COHR,FFIV,FSLR,HPQ,MRVL,NTAP,NVDA,ON,PTC,TRMB,ZBRA,CCL,DECK,TPR"
2025-04-18,8,3,57,18,57,18,0.5,0.5,1.0,mixed,0.4912280701754387,0.2222222222222222,"AJG,ALL,AON,BRK-B,BRO,CBOE,CME,EG,HIG,MRSH,PGR,TRV,V,WRB,WTW,COP,ABBV,ABT,AMGN,BIIB,CI,CVS,IDXX,JNJ,STE,VRTX,ALLE,BLDR,CSX,DE,FAST,GE,NDSN,NOC,ROL,RSG,RTX,TDG,VRSK,WM,PEP,PM,AEP,ATO,AWK,CMS,DTE,DUK,ED,EVRG,EXC,PNW,WEC,BALL,LIN,MOS,NEM","ANET,AVGO,CIEN,COHR,FFIV,GEN,HPQ,MRVL,NTAP,NVDA,ON,PTC,TER,TRMB,ZBRA,CCL,DECK,TPR"
2025-04-25,8,3,54,17,54,17,0.5,0.5,1.0,mixed,0.24561403508771928,0.4444444444444444,"AJG,ALL,AON,BRK-B,BRO,CBOE,CME,EG,HIG,PGR,TRV,V,WRB,WTW,COP,HAL,ABT,AMGN,BIIB,CI,CVS,IDXX,JNJ,STE,VRTX,ALLE,CSX,CTAS,DE,FAST,NDSN,NOC,NSC,ROL,RSG,RTX,TDG,VRSK,WM,MDLZ,PM,AEP,ATO,AWK,CMS,DTE,DUK,ED,EVRG,PNW,BALL,LIN,MOS,NEM","AKAM,ANET,AVGO,CIEN,COHR,FFIV,FICO,HPQ,MRVL,NTAP,NVDA,TER,TRMB,ZBRA,CCL,DECK,RCL"
2025-05-02,8,3,48,15,48,15,0.5,0.5,1.0,mixed,0.37037037037037035,0.3529411764705882,"AJG,ALL,AON,BRK-B,BRO,CBOE,CME,EG,HIG,L,PGR,TRV,WRB,COP,HAL,BIIB,CI,COR,CVS,JNJ,STE,VRTX,BLDR,CSX,CTAS,FAST,NDSN,NOC,NSC,ROL,RTX,TDG,VRSK,WM,BG,MDLZ,AEP,ATO,AWK,CMS,DTE,DUK,ED,EVRG,PNW,BALL,MOS,NEM","ANET,AVGO,CIEN,COHR,FFIV,HPQ,MRVL,NTAP,NVDA,TER,TRMB,ZBRA,CCL,NCLH,RCL"
2025-05-09,8,3,45,13,45,13,0.5,0.5,1.0,mixed,0.4583333333333334,0.2666666666666668,"ALL,BRK-B,BRO,CBOE,CME,EG,HIG,L,PGR,TRV,WRB,COP,HAL,CI,COR,CVS,MCK,STE,VRTX,ALLE,BLDR,BR,CTAS,FAST,NDSN,NOC,ROL,RTX,TDG,VRSK,WM,BG,CL,KR,SJM,STZ,AWK,DTE,DUK,ED,EVRG,BALL,MOS,NEM,NUE","ANET,AVGO,CIEN,COHR,FFIV,HPQ,NTAP,NVDA,TER,TRMB,CCL,NCLH,RCL"
2025-05-16,8,3,39,12,39,12,0.5,0.5,1.0,mixed,0.5333333333333333,0.6153846153846153,"ALL,BRK-B,CBOE,HIG,L,TRV,WRB,COP,FANG,HAL,CI,COR,CRL,CVS,MCK,MRK,STE,VRTX,ALLE,BLDR,BR,CTAS,FAST,NOC,ROL,BF-B,BG,CL,KR,MNST,SJM,STZ,AWK,ED,BALL,LYB,MOS,NEM,NUE","AVGO,FFIV,HPQ,IT,NVDA,TER,TRMB,AMZN,CCL,NCLH,RCL,RL"
2025-05-23,7,4,29,17,29,17,0.5,0.5,1.0,mixed,0.871794871794872,1.0588235294117647,"COP,FANG,CI,COR,CRL,HCA,MCK,MRK,STE,ALLE,BLDR,CTAS,BF-B,BG,CASY,CL,KR,MNST,SJM,STZ,EXC,NEE,PCG,BALL,FCX,MOS,NEM,NUE,SHW","FFIV,IT,TER,TRMB,C,CFG,FITB,GPN,GS,KEY,NTRS,RF,USB,AMZN,CCL,NCLH,RCL"
2025-05-30,8,3,32,10,32,10,0.5,0.5,1.0,mixed,0.5,1.0588235294117647,"APH,CDW,INTU,MSFT,PTC,VRSN,COP,FANG,CAH,CI,CRL,HCA,MCK,MRK,STE,ALLE,BLDR,CTAS,TXT,BF-B,BG,CASY,MNST,STZ,NEE,PCG,BALL,FCX,MOS,NEM,NUE,SHW","C,FITB,GPN,KEY,RF,SPGI,USB,AMZN,LULU,NCLH"
2025-06-06,7,4,37,15,37,15,0.5,0.5,1.0,mixed,0.7027027027027026,1.0666666666666669,"APH,CDW,INTU,MSFT,PTC,CAH,COO,CRL,HCA,HUM,MCK,MRK,RMD,STE,VEEV,ALLE,BLDR,GE,JCI,RSG,TXT,ADM,CASY,MNST,STZ,EIX,PCG,SRE,BALL,FCX,LIN,MLM,MOS,NEM,NUE,SHW,VMC","FITB,GPN,KEY,PFG,PNC,RF,SPGI,HAL,OKE,SLB,TRGP,AMZN,LULU,NKE,TPR"
2025-06-13,6,5,26,18,26,18,0.5,0.5,1.0,mixed,1.027027027027027,0.7777777777777777,"APH,CDW,INTU,MSFT,PTC,WDC,AXON,BLDR,GE,GWW,JCI,TT,TXT,ADM,CASY,DLTR,MNST,EXC,NRG,SRE,FCX,MLM,MOS,NEM,STLD,VMC","GPN,KEY,PFG,PNC,RF,SPGI,CVX,OKE,SLB,TRGP,JNJ,PODD,TECH,UNH,DRI,GRMN,LULU,NKE"
2025-06-20,5,6,24,25,24,25,0.5,0.5,1.0,mixed,0.5384615384615383,0.8,"APH,CDW,MSFT,NTAP,PTC,WDC,AOS,AXON,BLDR,CSX,EME,GE,HUBB,JCI,TT,TXT,ADM,CASY,DLTR,MNST,NRG,SRE,FCX,MLM","AJG,AON,CPAY,FISV,GPN,IVZ,MSCI,PFG,PNC,SPGI,WTW,CVX,OKE,SLB,TRGP,BDX,JNJ,PFE,RVTY,TECH,UNH,DRI,GRMN,LULU,NKE"
2025-06-27,4,7,28,33,28,33,0.5,0.5,1.0,mixed,0.7142857142857142,0.8484848484848484,"AVGO,CDW,FLEX,FSLR,MSFT,MU,NTAP,PTC,WDC,AOS,AXON,BA,BLDR,EME,FIX,GE,HUBB,JCI,PWR,ROK,TT,URI,ADM,CASY,DLTR,HRL,FCX,MLM","AJG,AON,CME,CPAY,FISV,MRSH,MSCI,PFG,PGR,SPGI,WTW,CVX,SLB,TRGP,BDX,JNJ,RVTY,UNH,VRTX,DRI,GRMN,LULU,NKE,ATO,D,DTE,ETR,EXC,LNT,NI,PEG,PPL,WEC"
2025-07-04,2,9,24,40,24,40,0.5,0.5,1.0,mixed,0.5714285714285714,0.75,"AVGO,CDW,FLEX,FSLR,MU,NTAP,NVDA,PTC,QCOM,STX,WDC,AOS,AXON,BA,CAT,EME,FIX,GE,HUBB,JCI,PWR,ROK,TT,URI","AFL,AJG,AON,CME,CPAY,FISV,MRSH,MSCI,PFG,PGR,WTW,CVX,SLB,TRGP,BDX,JNJ,VRTX,DRI,GRMN,HD,LOW,LULU,CHD,CLX,PEP,PG,SJM,TAP,TSN,CMS,DTE,ETR,EXC,LNT,NI,PPL,ALB,AMCR,CRH,LIN"
2025-07-11,2,9,27,43,27,43,0.5,0.5,1.0,mixed,0.2962962962962964,0.46511627906976744,"AMD,AVGO,CDW,FLEX,FSLR,MU,NTAP,NVDA,ORCL,PTC,QCOM,STX,WDC,AOS,AXON,BA,CAT,EME,ETN,FDX,FIX,HUBB,JCI,PWR,ROK,TT,URI","AFL,AIZ,AJG,AON,CME,CPAY,EG,FISV,JKHY,MRSH,MSCI,WTW,OKE,TRGP,COR,JNJ,VRTX,ZBH,DRI,GRMN,HD,LOW,LULU,BF-B,CHD,CLX,KR,SJM,TAP,TSN,CMS,DTE,ETR,EXC,LNT,NI,PNW,PPL,ALB,AMCR,CRH,DD,LIN"
2025-07-18,2,9,22,42,22,42,0.5,0.5,1.0,mixed,0.44444444444444453,0.3720930232558139,"AMD,AVGO,CDW,FLEX,FSLR,MU,NTAP,NVDA,ORCL,STX,WDC,AOS,AXON,BA,CAT,EME,FDX,FIX,JBHT,PWR,ROK,URI","AFL,AIZ,AJG,AON,CME,CPAY,EG,FISV,JKHY,MRSH,MSCI,TRV,WRB,WTW,OKE,TRGP,BDX,COR,JNJ,MCK,ZBH,AZO,GRMN,HD,LOW,LULU,TPR,BF-B,CLX,KR,SJM,TAP,TSN,CMS,ED,ETR,EXC,PNW,PPL,AMCR,DD,LIN"
2025-07-25,2,9,22,46,22,46,0.5,0.5,1.0,mixed,0.2727272727272727,0.39130434782608686,"AMD,AVGO,FLEX,FSLR,INTU,JBL,MU,NTAP,NVDA,ORCL,STX,TEL,WDC,AOS,CAT,EME,FDX,FIX,JBHT,PWR,ROK,URI","AFL,AIZ,AJG,CBOE,CME,CPAY,EG,JKHY,MRSH,MSCI,TRV,WRB,WTW,OKE,TRGP,ABT,BDX,CNC,COR,GILD,JNJ,MCK,ZBH,AZO,BKNG,HD,LOW,LULU,TPR,BF-B,CLX,KMB,SJM,TAP,TSN,CMS,ED,ETR,EXC,FE,PCG,PNW,PPL,AMCR,LIN,SHW"
2025-08-01,2,9,20,46,20,46,0.5,0.5,1.0,mixed,0.5454545454545454,0.2608695652173913,"AMD,APH,AVGO,FLEX,FSLR,JBL,MU,NVDA,ORCL,SMCI,STX,WDC,BLDR,CAT,EME,FDX,FIX,JBHT,ROK,SWK","AFL,AIZ,AJG,CBOE,CME,CPAY,EG,FDS,JKHY,MA,MRSH,MSCI,TRV,WRB,OKE,TRGP,ABT,BDX,CNC,COR,DGX,GILD,MCK,STE,ZBH,BKNG,HD,LOW,LULU,TPR,BF-B,KMB,MNST,SJM,TAP,AEE,CMS,ED,ETR,EXC,FE,PCG,PNW,PPL,LIN,SHW"
2025-08-08,1,10,11,50,11,50,0.5,0.5,1.0,mixed,1.0000000000000002,0.6799999999999998,"AMD,AVGO,FLEX,FSLR,MU,NVDA,NXPI,ORCL,SMCI,STX,WDC","ACGL,AFL,BRO,CBOE,CME,CPAY,EG,FDS,JKHY,MA,MRSH,MSCI,TRV,WRB,KMI,OKE,TPL,TRGP,WMB,CAH,CNC,COR,DGX,ELV,GILD,MCK,STE,ADP,AOS,CPRT,GWW,IEX,LMT,MMM,PAYX,VRSK,BKNG,HD,LULU,TPR,BF-B,KMB,SJM,TAP,CMS,FE,PCG,LIN,MOS,SHW"
2025-08-15,1,10,8,43,8,43,0.5,0.5,1.0,mixed,0.7272727272727272,0.48000000000000004,"AMAT,AMD,AVGO,MU,NXPI,ORCL,SMCI,WDC","ACGL,BRO,CPAY,EG,FDS,JKHY,MA,MRSH,MSCI,WRB,KMI,OKE,SLB,TPL,WMB,CAH,CNC,COR,DGX,ELV,MCK,STE,ADP,CPRT,EFX,GWW,IEX,ITW,LMT,MMM,PAYX,VRSK,BKNG,LULU,MKC,SJM,TAP,FE,PCG,XEL,LIN,MOS,SHW"
2025-08-22,1,10,7,38,7,38,0.5,0.5,1.0,mixed,0.24999999999999994,0.6046511627906976,"AMAT,AMD,MU,NXPI,ORCL,SMCI,WDC","ACGL,BRO,CPAY,EG,JKHY,MA,MRSH,PGR,WRB,OKE,TPL,WMB,CNC,COR,DGX,ELV,MCK,STE,UNH,ADP,CTAS,EFX,GWW,LMT,MMM,PAYX,VRSK,BKNG,CMG,LULU,SBUX,CLX,KO,MKC,FE,NRG,MOS,SHW"
2025-08-29,1,10,6,36,6,36,0.5,0.5,1.0,mixed,0.8571428571428571,0.631578947368421,"AMAT,AMD,GLW,NXPI,SNPS,WDC","ACGL,AON,CB,JKHY,MA,MRSH,PGR,OKE,TPL,BAX,BSX,CAH,CNC,COR,ELV,MCK,STE,ZTS,ADP,CTAS,EFX,GWW,LMT,PAYX,UNP,VRSK,WAB,BKNG,CMG,CLX,HRL,KO,MKC,NRG,ECL,MOS"
2025-09-05,1,10,6,38,6,38,0.5,0.5,1.0,mixed,0.3333333333333333,0.47368421052631565,"AMAT,AMD,GLW,NXPI,PTC,SNPS","AON,CB,FISV,JKHY,MRSH,PGR,V,WTW,OKE,TPL,BAX,BSX,CAH,CNC,COR,ELV,IDXX,MCK,STE,WAT,ZTS,ADP,AXON,CTAS,EFX,HON,JCI,PAYX,VRSK,WAB,BKNG,CMG,COST,HRL,MKC,NRG,ECL,MOS"
2025-09-12,1,10,9,37,9,37,0.5,0.5,1.0,mixed,0.888888888888889,0.3157894736842105,"AKAM,AMAT,AMD,FLEX,GLW,LRCX,NXPI,PTC,QCOM","AON,BRO,CB,FISV,GL,JKHY,PGR,V,TPL,BAX,BSX,COR,ELV,IDXX,MCK,STE,WAT,ZTS,ADP,AXON,CTAS,EFX,HON,PAYX,VRSK,WAB,BKNG,CMG,MAR,COST,HRL,MKC,NRG,AVY,ECL,MOS,PPG"
2025-09-19,1,10,14,43,14,43,0.5,0.5,1.0,mixed,0.7142857142857141,0.46511627906976755,"AKAM,AMAT,AMD,ANET,AVGO,CIEN,FLEX,GLW,LRCX,NXPI,PTC,QCOM,STX,TEL","AON,BRO,CB,JKHY,V,TPL,ALGN,BAX,BSX,DXCM,ELV,IDXX,MCK,STE,VRTX,WAT,ZTS,ADP,AME,AXON,CTAS,EFX,HON,LUV,PAYX,ROK,VRSK,WAB,BKNG,CMG,MAR,COST,HRL,MKC,TAP,NRG,PNW,AMCR,AVY,BALL,ECL,MOS,PPG"
2025-09-26,2,9,19,37,19,37,0.5,0.5,1.0,mixed,0.8421052631578947,0.6976744186046513,"AKAM,ANET,AVGO,CIEN,GLW,LRCX,NVDA,NXPI,PTC,QCOM,STX,TEL,WDC,ABBV,HUM,INCY,IQV,JNJ,UNH","AJG,BRO,CB,FIS,JKHY,V,TPL,AME,AXON,BA,CPRT,CTAS,EFX,HON,LUV,ROK,TDG,VRSK,WAB,WM,BKNG,CMG,DPZ,MAR,ULTA,HRL,MDLZ,MKC,TAP,NRG,PNW,AMCR,AVY,BALL,ECL,MOS,PPG"
2025-10-03,2,9,16,30,16,30,0.5,0.5,1.0,mixed,0.4210526315789474,0.6486486486486487,"AKAM,ANET,CIEN,GLW,IT,LRCX,NVDA,NXPI,QCOM,STX,WDC,ABBV,HUM,INCY,IQV,UNH","BRO,FIS,JKHY,MRSH,NDAQ,AXON,BA,EFX,HON,LUV,ROK,TDG,WAB,WM,BKNG,CMG,DPZ,MAR,SBUX,ULTA,CL,DLTR,MDLZ,MKC,NRG,PNW,AMCR,AVY,BALL,PPG"
2025-10-10,2,9,23,30,23,30,0.5,0.5,1.0,mixed,0.6956521739130435,0.4,"ACN,ADBE,AKAM,ANET,CIEN,FSLR,GLW,INTC,IT,LRCX,MSI,NVDA,NXPI,QCOM,TYL,WDC,ABBV,HUM,INCY,IQV,MRK,PFE,UNH","BRO,CPAY,FDS,FIS,JKHY,MRSH,NDAQ,EOG,MPC,TRGP,AXON,BA,ROK,TDG,WM,BKNG,CMG,DPZ,LULU,MAR,SBUX,ULTA,CL,DLTR,MDLZ,NRG,PNW,AVY,BALL,PPG"
2025-10-17,3,8,8,42,8,42,0.5,0.5,1.0,mixed,1.826086956521739,1.0476190476190474,"APA,BKR,FANG,SLB,VLO,CNC,IQV,MRK","ADSK,CRM,CTSH,GEN,INTU,MCHP,NVDA,NXPI,ON,PANW,ROP,TRMB,TXN,AJG,BEN,BRO,CPAY,FDS,FIS,MRSH,NDAQ,PGR,CTAS,ROK,TDG,WM,AMZN,BKNG,DPZ,LULU,MGM,SBUX,ULTA,CL,DLTR,MDLZ,MNST,PM,PNW,AVY,BALL,LYB"
2025-10-24,3,8,10,46,10,46,0.5,0.5,1.0,mixed,1.0,0.4347826086956521,"APA,BKR,FANG,PSX,VLO,BIIB,CNC,COO,REGN,UHS","ADSK,CDW,CTSH,GDDY,GEN,INTU,KEYS,MCHP,NVDA,NXPI,ON,PANW,ROP,TRMB,TXN,AJG,BEN,C,CPAY,FDS,FIS,JPM,MCO,NDAQ,PGR,SPGI,CTAS,ROK,TDG,VRSK,WM,AMZN,BKNG,DPZ,MGM,SBUX,ULTA,CL,DLTR,KDP,MNST,PM,PNW,APD,BALL,LYB"
2025-10-31,4,7,7,50,7,50,0.5,0.5,1.0,mixed,0.5999999999999999,0.48000000000000004,"APA,FANG,BIIB,CNC,COO,REGN,UHS","ADI,ADSK,CDW,GEN,INTU,KEYS,MCHP,NOW,NVDA,NXPI,ON,ROP,SNPS,TRMB,TXN,AJG,BEN,C,FDS,FIS,ICE,JPM,MCO,NDAQ,SPGI,ADP,CSX,CTAS,ROK,VRSK,WM,AMZN,BKNG,DPZ,MGM,NKE,RCL,ULTA,CASY,DLTR,KDP,KR,MNST,PM,STZ,PNW,SO,APD,BALL,LYB"
2025-11-07,4,7,10,45,10,45,0.5,0.5,1.0,mixed,0.7999999999999998,0.52,"APA,FANG,OKE,BIIB,CNC,COO,ELV,UHS,FE,XEL","ADI,APH,CDW,FFIV,INTU,KEYS,MCHP,NVDA,NXPI,ON,ROP,SNPS,TRMB,TXN,AJG,AMP,BEN,C,FDS,FIS,ICE,MCO,NDAQ,SPGI,ADP,CTAS,VRSK,WM,DPZ,EBAY,MGM,NKE,RCL,TSCO,WYNN,CASY,DLTR,EL,KDP,MNST,STZ,APD,BALL,LYB,NUE"
2025-11-14,4,7,10,44,10,44,0.5,0.5,1.0,mixed,0.4,0.3555555555555556,"FANG,HAL,OKE,BIIB,CNC,COO,ELV,UHS,ES,XEL","ADI,APH,CDW,FFIV,INTU,MCHP,MSFT,NXPI,ON,PTC,ROP,SNPS,TDY,TRMB,TXN,BEN,C,FIS,ICE,MCO,NDAQ,SPGI,ADP,CTAS,VRSK,WM,DPZ,EBAY,MGM,NKE,RCL,TSCO,WYNN,DLTR,EL,HRL,PM,STZ,SYY,APD,BALL,IP,LYB,NUE"
2025-11-21,4,7,11,51,11,51,0.5,0.5,1.0,mixed,0.36363636363636365,0.5098039215686274,"HAL,OKE,XOM,BIIB,CNC,COO,ELV,LLY,UHS,ES,XEL","ADI,APH,AVGO,CDNS,CDW,FFIV,MCHP,MSFT,NXPI,ON,ORCL,PTC,ROP,SNPS,SWKS,TDY,TEL,TRMB,TXN,WDC,BEN,C,ICE,JKHY,MCO,NDAQ,SPGI,ADP,AOS,BA,BR,CTAS,EFX,FIX,GE,VRSK,DPZ,EBAY,MGM,NKE,RCL,TSCO,EL,HRL,PM,STZ,SYY,APD,IP,LYB,NUE"
2025-11-28,4,7,12,51,12,51,0.5,0.5,1.0,mixed,0.16666666666666669,0.4705882352941176,"HAL,OKE,XOM,BIIB,CNC,COO,ELV,LLY,UHS,ES,NEE,XEL","APH,CDNS,CDW,FFIV,MCHP,MSFT,NXPI,ORCL,PTC,ROP,SMCI,SWKS,TDY,TRMB,WDC,BEN,C,ICE,MCO,NDAQ,ADP,ALLE,AOS,AXON,BA,BLDR,BR,CTAS,EFX,EME,FAST,FIX,HON,ITW,EBAY,HD,MGM,NKE,NVR,RCL,TSCO,ADM,EL,HRL,MO,PM,SYY,APD,IP,LYB,NUE"
2025-12-05,4,7,11,49,11,49,0.5,0.5,1.0,mixed,0.3333333333333333,0.5098039215686273,"BKR,HAL,OKE,XOM,BIIB,CNC,COO,LLY,UHS,NEE,XEL","APH,CDNS,FFIV,GLW,INTU,MSFT,NVDA,NXPI,ORCL,PTC,ROP,SMCI,STX,SWKS,TDY,WDC,C,GS,ICE,NDAQ,ALLE,AOS,AXON,BA,BLDR,BR,CTAS,EME,FAST,FIX,ITW,MAS,CCL,EBAY,HD,LOW,NKE,NVR,RCL,TSCO,ADM,EL,KMB,MO,PM,SYY,IP,NEM,PPG"
2025-12-12,5,6,15,43,15,43,0.5,0.5,1.0,mixed,0.9333333333333333,0.5714285714285714,"BKR,HAL,OKE,XOM,ALGN,BIIB,CAH,COO,LLY,WAT,CL,KO,MNST,WMT,NEE","CDNS,FFIV,GLW,INTU,MSFT,MSI,NVDA,ORCL,PTC,SMCI,STX,SWKS,TDY,WDC,C,GL,GPN,GS,ICE,MA,ALLE,AOS,AXON,BLDR,EME,FAST,FIX,ITW,MAS,SWK,CCL,EBAY,GRMN,HD,LOW,NKE,NVR,RCL,TSCO,LIN,MLM,NEM,PPG"
2025-12-19,5,6,13,38,13,38,0.5,0.5,1.0,mixed,0.2666666666666668,0.4651162790697674,"HAL,OKE,XOM,ALGN,BIIB,CAH,COO,LLY,WAT,CL,KO,WMT,NEE","CDNS,FFIV,MSFT,MSI,ORCL,PTC,SMCI,STX,SWKS,TDY,WDC,BLK,GL,GPN,MA,WTW,ALLE,AOS,AXON,BLDR,EME,FAST,FIX,ITW,MAS,NSC,CCL,EBAY,GPC,GRMN,HD,LOW,NVR,RCL,TSCO,LIN,LYB,MLM"
2025-12-26,5,6,19,42,19,42,0.5,0.5,1.0,mixed,0.736842105263158,0.23809523809523808,"APA,HAL,OKE,TPL,XOM,ALGN,BIIB,CAH,COO,LLY,REGN,VRTX,WAT,KDP,KO,WMT,AEP,ETR,NEE","CDNS,FFIV,INTU,MSFT,MSI,NTAP,ORCL,PTC,SMCI,STX,SWKS,TDY,WDC,EG,GL,GPN,MA,WTW,ALLE,AOS,AXON,BLDR,EME,FAST,FIX,ITW,MAS,NSC,CCL,EBAY,GPC,GRMN,HD,LEN,LOW,NVR,RCL,TSCO,LIN,LYB,MLM,SHW"
2026-01-02,5,6,17,37,17,37,0.5,0.5,1.0,mixed,0.21052631578947373,0.4285714285714287,"APA,HAL,OKE,TPL,XOM,BIIB,CAH,COO,LLY,REGN,VRTX,WAT,KO,WMT,AEP,ETR,NEE","INTU,MSFT,MSI,NTAP,ORCL,SMCI,STX,SWKS,WDC,EG,GL,GPN,IBKR,MA,WTW,AOS,AXON,BLDR,EME,FAST,FIX,MAS,DPZ,EBAY,GPC,GRMN,HD,LEN,LOW,NVR,TSCO,ECL,LIN,LYB,MLM,SHW,VMC"
2026-01-09,5,6,24,32,24,32,0.5,0.5,1.0,mixed,1.1666666666666663,0.6486486486486487,"AMP,APO,BAC,CPAY,ERIE,FIS,PFG,PRU,SPGI,HAL,SLB,XOM,BIIB,BMY,CAH,COO,MRK,REGN,VRTX,WAT,KDP,KO,TSN,WMT","MSFT,MSI,MU,NTAP,ORCL,SMCI,SNPS,STX,SWKS,TRMB,WDC,AXON,BLDR,EME,ETN,FIX,MAS,XYL,EBAY,GPC,GRMN,LEN,NVR,TSCO,DUK,NRG,ECL,LIN,LYB,MLM,SHW,VMC"
2026-01-16,6,5,36,25,36,25,0.5,0.5,1.0,mixed,0.9444444444444444,0.8750000000000002,"ACGL,AMP,APO,CPAY,FIS,ICE,KEY,MCO,MET,MTB,NDAQ,PFG,PRU,SPGI,STT,SYF,USB,DVN,SLB,XOM,BMY,CAH,COO,MRK,REGN,VRTX,WAT,CL,DG,DLTR,KDP,TSN,WMT,BALL,FCX,NUE","INTC,MSFT,MU,NTAP,NVDA,ORCL,PANW,SMCI,STX,SWKS,WDC,ALLE,EME,ETN,FIX,J,PNR,XYL,GPC,LEN,NVR,TSCO,ULTA,DUK,NRG"
2026-01-23,8,3,56,14,56,14,0.5,0.5,1.0,mixed,0.8571428571428569,1.04,"ACGL,AMP,APO,COF,CPAY,FIS,ICE,JKHY,KEY,MCO,MTB,NDAQ,PFG,PRU,SPGI,STT,SYF,USB,DVN,HAL,SLB,XOM,BMY,COO,MRK,REGN,VRTX,AME,CHRW,CMI,FDX,JBHT,LII,LUV,PCAR,TDG,TXT,UAL,DPZ,HAS,MAR,RL,ROST,TPR,TSLA,CHD,CL,DG,DLTR,KDP,TSN,WMT,BALL,FCX,LYB,STLD","INTC,LRCX,MSFT,MU,NTAP,NVDA,ORCL,PANW,SMCI,STX,SWKS,WDC,AWK,NRG"
2026-01-30,8,3,62,13,62,13,0.5,0.5,1.0,mixed,0.4193548387096774,0.5714285714285715,"ACGL,AMP,APO,CINF,COF,CPAY,FIS,FITB,ICE,JKHY,KEY,MCO,MTB,NDAQ,PFG,PNC,PRU,SPGI,STT,SYF,USB,DVN,HAL,SLB,XOM,BMY,COO,MRK,REGN,VTRS,AME,BR,CTAS,FDX,JBHT,LII,LUV,ODFL,PCAR,TXT,UAL,WM,BKNG,DPZ,HAS,MAR,TPR,TSLA,CHD,CL,CLX,DG,DLTR,KDP,TGT,TSN,WMT,BALL,FCX,IP,LYB,SW","CDNS,FFIV,INTC,LRCX,MSFT,MU,NTAP,NVDA,ORCL,PTC,STX,WDC,NRG"
2026-02-06,8,3,62,8,62,8,0.5,0.5,1.0,mixed,0.4193548387096774,1.0769230769230769,"ACGL,AMP,APO,ARES,CFG,COF,CPAY,FIS,FITB,HBAN,ICE,JKHY,KEY,MTB,NTRS,PFG,PNC,RF,SPGI,STT,TFC,USB,DVN,HAL,SLB,XOM,BIIB,BMY,CRL,LLY,MRK,VTRS,AME,BR,CTAS,EFX,FDX,JBHT,LII,LUV,PCAR,TXT,UAL,WM,BKNG,DPZ,HAS,HLT,TPR,TSLA,ULTA,CHD,CL,DG,DLTR,TGT,TSN,WMT,DD,FCX,IP,SW","AVGO,CDNS,FSLR,INTC,MSFT,MU,NTAP,PTC"
2026-02-13,8,3,61,8,61,8,0.5,0.5,1.0,mixed,0.41935483870967755,0.25,"AMP,CFG,ERIE,FIS,FITB,GS,HBAN,ICE,KEY,MTB,NTRS,PFG,PNC,RF,TFC,USB,EOG,HAL,SLB,XOM,BIIB,BMY,CRL,DVA,LLY,SYK,UNH,VTRS,AME,BR,EFX,FDX,LII,LUV,PCAR,SWK,TXT,UAL,WM,BKNG,CMG,DECK,DPZ,HAS,HLT,LOW,TPR,TSLA,ULTA,CHD,CL,DG,DLTR,TGT,TSN,WMT,ALB,APD,FCX,IP,SW","AVGO,CDNS,FSLR,MSFT,MU,NTAP,PANW,PTC"
2026-02-20,9,2,60,5,60,5,0.5,0.5,1.0,mixed,0.39344262295081966,1.0,"AMP,BEN,BX,CFG,ERIE,FIS,FITB,GS,HBAN,ICE,KEY,MTB,NTRS,PFG,PNC,RF,RJF,SCHW,TFC,USB,EOG,HAL,SLB,BIIB,BMY,DVA,LLY,SYK,UNH,VTRS,ZBH,AME,CPRT,EFX,EMR,FDX,LMT,PCAR,SWK,TXT,UAL,CCL,DECK,HAS,HLT,LOW,TPR,ULTA,WSM,CHD,CL,DG,TGT,WMT,ALB,APD,FCX,IFF,IP,SW","AVGO,HPQ,MSFT,NTAP,PANW"
2026-02-27,9,2,49,6,49,6,0.5,0.5,1.0,mixed,0.7999999999999999,0.33333333333333337,"ACGL,BEN,ERIE,FITB,GL,HBAN,ICE,KKR,MTB,NTRS,PNC,RF,RJF,SCHW,COP,EOG,OXY,SLB,AMGN,DVA,SYK,UNH,VTRS,ZBH,CPRT,EFX,FDX,LMT,MAS,SWK,HAS,HLT,LOW,NCLH,NKE,NVR,TPR,ULTA,WSM,CHD,CL,MKC,PM,TGT,APD,BALL,IFF,IP,SW","AVGO,HPQ,MSFT,NTAP,PANW,DUK"
2026-03-06,9,2,50,8,50,8,0.5,0.5,1.0,mixed,0.3199999999999999,1.0,"ACGL,BEN,CB,CBOE,ERIE,FITB,GL,HBAN,KKR,MTB,NTRS,PNC,RF,RJF,SCHW,OXY,AMGN,DVA,JNJ,SYK,UNH,VTRS,CPRT,FDX,LMT,MAS,NOC,ODFL,SWK,HAS,HLT,LOW,NCLH,NKE,NVR,PHM,TPR,ULTA,WSM,CHD,CL,COST,KMB,MKC,PM,TGT,APD,BALL,IP,SW","AVGO,HPQ,LRCX,MSFT,NTAP,QCOM,SMCI,SWKS"
2026-03-13,10,1,53,11,53,11,0.5,0.5,1.0,mixed,0.5283018867924529,0.5454545454545454,"ACGL,APO,BEN,CB,CBOE,CME,CPAY,ERIE,GL,IBKR,NTRS,RJF,SCHW,AMGN,DVA,GILD,JNJ,SYK,UNH,VTRS,AOS,CPRT,FDX,LMT,NOC,ODFL,HAS,HD,HLT,LOW,MAR,NCLH,NKE,NVR,PHM,TPR,ULTA,WSM,CHD,CL,CLX,COST,KMB,PM,TGT,DUK,EIX,ETR,EVRG,PEG,APD,IP,SW","ADBE,AVGO,COHR,HPQ,LRCX,MSFT,NTAP,QCOM,SMCI,SWKS,WDAY"
2026-03-20,9,2,46,21,46,21,0.5,0.5,1.0,mixed,0.5660377358490566,1.0476190476190477,"ACGL,BEN,CB,CBOE,CME,CPAY,ERIE,GL,HIG,IBKR,MSCI,NTRS,RJF,SCHW,TPL,CPRT,FDX,LII,LMT,NOC,ODFL,EBAY,GRMN,HAS,HD,HLT,LOW,MAR,NKE,NVR,PHM,TPR,WSM,CHD,CLX,COST,KMB,TGT,AEE,AEP,DUK,EIX,ETR,EVRG,PEG,IP","ADBE,AMAT,AVGO,COHR,HPQ,INTU,LRCX,MSFT,NTAP,QCOM,SWKS,WDAY,BIIB,BSX,DHR,INCY,IQV,ISRG,LLY,REGN,WAT"
2026-03-27,8,3,38,24,38,24,0.5,0.5,1.0,mixed,0.7391304347826085,0.6666666666666665,"ACGL,AIZ,BEN,BNY,CB,CBOE,CME,CPAY,ERIE,GL,HIG,IBKR,MSCI,PFG,SCHW,TRV,TPL,DE,FDX,HON,LII,LMT,LUV,NOC,ODFL,CHD,CLX,COST,KMB,TGT,AEE,AEP,EIX,ETR,EVRG,PEG,CF,LYB","ADBE,AMAT,AVGO,COHR,MSFT,ORCL,QCOM,SWKS,WDAY,WDC,BIIB,DHR,HUM,INCY,IQV,ISRG,LLY,PODD,REGN,WAT,AMZN,EXPE,ROST,WYNN"
2026-04-03,8,3,37,27,37,27,0.5,0.5,1.0,mixed,0.42105263157894735,0.44444444444444453,"ACGL,AFL,ALL,BNY,CB,CME,ERIE,GL,HIG,MSCI,PFG,SCHW,TRV,TPL,AXON,DE,FDX,HON,LII,LUV,NOC,ODFL,CASY,CHD,CLX,COST,KMB,PG,TGT,AEE,ETR,EVRG,NI,PEG,CF,LYB,PKG","ADBE,AMAT,AVGO,CIEN,COHR,FSLR,KLAC,MSFT,ORCL,QCOM,WDAY,WDC,A,BIIB,COO,DHR,HUM,INCY,IQV,ISRG,LLY,PODD,REGN,WAT,EXPE,ROST,TSLA"
2026-04-10,8,3,38,31,38,31,0.5,0.5,1.0,mixed,0.4736842105263158,0.4516129032258064,"ACGL,AFL,ALL,AMP,BNY,CB,CME,GL,HIG,L,PFG,TRV,OKE,TPL,AXON,DE,FDX,HON,JCI,LII,NDSN,ODFL,PWR,WAB,CASY,CHD,COST,PG,TGT,AEE,CNP,ETR,EVRG,NI,PEG,CF,LIN,LYB","ADBE,AMAT,COHR,FICO,FSLR,IBM,KLAC,MSFT,ORCL,QCOM,TER,WDAY,WDC,A,BIIB,COO,CRL,DHR,INCY,IQV,ISRG,LLY,PODD,REGN,RVTY,TECH,WAT,EXPE,GM,ROST,TSLA"
2026-04-17,8,3,45,27,45,27,0.5,0.5,1.0,mixed,0.5777777777777777,0.5806451612903224,"ACGL,AFL,AIG,ALL,AMP,BNY,CME,EG,FISV,GL,L,MTB,PFG,PNC,OKE,TPL,TRGP,CSX,DE,EME,FDX,FIX,HON,JCI,LII,ODFL,PWR,WAB,CASY,CHD,COST,KO,MO,PG,TGT,CNP,DUK,ETR,EVRG,NI,PEG,CF,LIN,LYB,SHW","ACN,ADBE,AMAT,COHR,FICO,IBM,KLAC,MSFT,NXPI,TER,A,COO,CRL,DHR,INCY,IQV,ISRG,LLY,MDT,REGN,RVTY,TECH,WAT,GPC,LEN,ROST,TSLA"
2026-04-24,8,3,50,27,50,27,0.5,0.5,1.0,mixed,0.48000000000000004,0.37037037037037035,"AFL,AIG,ALL,AMP,BNY,CME,EG,FISV,GL,L,MTB,PFG,APA,OKE,OXY,TPL,TRGP,AME,CSX,DE,EME,FDX,FIX,J,JCI,LII,ODFL,PWR,RSG,WAB,CASY,CLX,COST,KO,KR,MO,PG,TGT,ATO,CNP,DUK,LNT,NI,AMCR,APD,CF,LIN,LYB,SHW,SW","ACN,ADBE,AMAT,COHR,FICO,IBM,KLAC,NXPI,SNPS,TER,A,COO,CRL,DHR,INCY,LLY,MDT,MRK,PODD,REGN,RVTY,TECH,WAT,APTV,GPC,TSLA,ULTA"
2026-05-01,8,3,47,23,47,23,0.5,0.5,1.0,mixed,0.32000000000000006,0.5925925925925926,"AFL,AIG,ALL,BNY,EG,FISV,L,APA,OKE,OXY,TRGP,AME,CPRT,CSX,EME,FDX,FIX,J,JCI,LII,ODFL,PWR,RSG,CASY,CLX,COST,KO,KR,MO,PG,TGT,AEE,AEP,ATO,CNP,DUK,EVRG,LNT,NI,AMCR,APD,CF,IP,LIN,LYB,SHW,SW","ACN,ADI,AMAT,COHR,CTSH,FICO,FSLR,IBM,KLAC,NXPI,SNPS,A,COO,CRL,INCY,LLY,MDT,MRK,REGN,RVTY,TECH,UHS,APTV"
2026-05-08,8,3,43,28,43,28,0.5,0.5,1.0,mixed,0.34042553191489355,0.7857142857142856,"AIG,ALL,BNY,BRO,EG,FISV,V,APA,OKE,OXY,TRGP,AME,CPRT,CSX,EME,J,LII,ODFL,PWR,RSG,TT,UNP,CASY,KO,KR,MO,PG,TGT,AEE,AEP,ATO,CNP,EVRG,LNT,NI,AMCR,APD,CF,IP,LIN,LYB,SHW,SW","ACN,ADI,AMAT,AMD,APH,COHR,CTSH,FICO,IBM,KLAC,LRCX,NXPI,SNPS,TEL,ZBRA,COO,MDT,MRK,REGN,TECH,UHS,APTV,F,MAR,NCLH,NKE,NVR,ULTA"
2026-05-15,8,3,42,31,42,31,0.5,0.5,1.0,mixed,0.8837209302325582,1.2903225806451613,"AVGO,CRM,FLEX,GDDY,GEN,HPQ,IT,KEYS,MRVL,NOW,ON,ROP,SWKS,TYL,VRSN,WDAY,AIG,ALL,AON,BNY,BRO,EG,FISV,V,APA,FANG,OKE,OXY,TRGP,CASY,KO,MO,AEE,AEP,ATO,CNP,EVRG,LNT,NI,APD,LIN,SHW","COO,COR,MDT,MRK,TECH,UHS,AOS,EMR,GE,ITW,LUV,MAS,MMM,NDSN,PH,RTX,SWK,TXT,UAL,XYL,APTV,DECK,HD,LOW,LULU,MAR,NCLH,NKE,NVR,PHM,ULTA"
2026-05-22,5,6,37,48,37,48,0.5,0.5,1.0,mixed,0.6190476190476192,0.8750000000000001,"AMD,AVGO,CRM,FLEX,GDDY,GEN,HPQ,IT,KEYS,MSI,ON,QCOM,ROP,TYL,VRSN,WDAY,AON,BNY,BRO,EG,FISV,JPM,MET,STT,V,APA,DVN,FANG,OXY,TRGP,VLO,AEE,ATO,CNP,EVRG,LNT,NI","COO,COR,GILD,MDT,MRK,MTD,TECH,UHS,EMR,GE,ITW,LDOS,LMT,LUV,MMM,NDSN,PH,RTX,SWK,TXT,APTV,CMG,DECK,DHI,HAS,HD,LOW,LULU,MAR,NCLH,NKE,NVR,PHM,ULTA,WSM,CLX,DG,EL,GIS,MKC,TAP,AMCR,ECL,IP,MLM,PPG,STLD,SW"
2026-05-29,5,6,35,47,35,47,0.5,0.5,1.0,mixed,0.3783783783783783,0.33333333333333326,"AMD,CRM,FLEX,GDDY,GEN,HPQ,INTC,INTU,IT,ON,ROP,TYL,VRSN,WDAY,AJG,AON,BNY,BRO,EG,FISV,MET,MRSH,STT,V,APA,DVN,FANG,TRGP,VLO,AEE,AWK,CNP,EVRG,LNT,NI","AMGN,COO,COR,GILD,JNJ,MDT,MTD,REGN,TECH,UHS,EMR,GE,ITW,LDOS,LMT,LUV,NDSN,NOC,PH,RTX,TXT,APTV,CMG,DECK,DHI,HAS,HD,LOW,LULU,MAR,NCLH,NVR,PHM,ROST,TSCO,ULTA,WSM,CLX,DG,GIS,MKC,TAP,AMCR,ECL,IP,SW,VMC"
2026-06-05,3,8,23,50,23,50,0.5,0.5,1.0,mixed,0.9714285714285715,0.43999999999999995,"AMD,CRM,GDDY,GEN,INTC,INTU,IT,JBL,ON,ROP,TYL,WDAY,AJG,BNY,BRO,FISV,IBKR,KKR,MET,MS,STT,TROW,V","CVX,XOM,CAH,COO,COR,DHR,GILD,JNJ,MCK,MDT,MTD,REGN,TECH,UHS,HII,ITW,LDOS,LHX,LMT,LUV,NDSN,NOC,PH,RTX,APTV,CMG,DECK,DHI,HAS,HD,LOW,LULU,MAR,MCD,NCLH,NVR,PHM,ROST,TSCO,ULTA,WSM,BG,CLX,DG,GIS,HSY,SYY,TAP,AMCR,VMC"
2026-06-12,4,7,27,37,27,37,0.5,0.5,1.0,mixed,0.5185185185185186,0.9200000000000002,"ADSK,AMD,GDDY,GEN,INTC,INTU,IT,JBL,ROP,TYL,WDAY,AFL,AJG,BNY,BRO,BX,FISV,GL,IBKR,KKR,MET,MS,PGR,STT,TROW,AMZN,BKNG","CVX,XOM,CAH,COR,DHR,GILD,HCA,INCY,JNJ,MCK,MRK,MTD,REGN,UHS,ZTS,CMI,HII,ITW,LDOS,LHX,LMT,NOC,PH,RTX,TXT,BG,CLX,DG,GIS,HSY,TAP,TGT,EXC,NRG,AMCR,NEM,VMC"
2026-06-19,3,8,31,40,31,40,0.5,0.5,1.0,mixed,0.3870967741935484,0.4,"ADSK,AMD,GDDY,GEN,INTC,INTU,IT,QCOM,ROP,TYL,WDAY,AFL,AJG,ARES,BEN,BNY,BRO,BX,GL,GS,IBKR,KKR,MA,MET,MS,PGR,SPGI,STT,TROW,AMZN,BKNG","CVX,XOM,CAH,COR,DHR,GILD,HCA,INCY,JNJ,MCK,MRK,MTD,REGN,UHS,ZTS,ALLE,BLDR,CMI,HII,HUBB,ITW,LDOS,LHX,LMT,NOC,PCAR,RTX,TXT,WAB,WM,CLX,HSY,PEP,TAP,TGT,EXC,NRG,AMCR,AVY,NEM"
2026-06-26,3,8,29,45,29,45,0.5,0.5,1.0,mixed,0.1935483870967742,0.4000000000000001,"ADSK,AMD,GDDY,GEN,INTC,INTU,NOW,QCOM,ROP,TYL,WDAY,AJG,ARES,BEN,BNY,BRO,BX,GL,GS,IBKR,KKR,MA,MET,MS,PGR,SPGI,STT,TROW,BKNG","CVX,XOM,BDX,CAH,COR,GILD,HCA,INCY,JNJ,MCK,MRK,MTD,REGN,TMO,UHS,ZTS,ALLE,CMI,HII,HUBB,ITW,LDOS,LHX,LMT,NOC,PCAR,RTX,TXT,WAB,WM,HSY,KR,PEP,TAP,TGT,ETR,EXC,FE,NRG,AVY,BALL,CF,LYB,MLM,NEM"
2026-07-03,3,8,35,38,35,38,0.5,0.5,1.0,mixed,0.5714285714285711,0.5333333333333332,"ADSK,AMD,FICO,FTNT,GDDY,GEN,IBM,INTU,MRVL,NOW,NTAP,PANW,QCOM,ROP,TYL,WDAY,AIZ,AJG,APO,ARES,BEN,BNY,BRO,BX,FIS,GL,GS,KKR,MA,MS,SPGI,STT,TROW,BKNG,SBUX","CVX,XOM,BDX,GILD,HCA,MCK,MDT,MTD,REGN,TMO,ZBH,ZTS,CMI,CSX,HII,HUBB,ITW,JCI,LDOS,LHX,LMT,NOC,PCAR,RTX,TXT,WM,HSY,KR,PEP,TGT,ETR,NRG,PPL,AVY,CF,LYB,MLM,NEM"
2026-07-10,3,8,31,40,31,40,0.5,0.5,1.0,mixed,0.45714285714285724,0.39999999999999997,"ADSK,AMD,FICO,FTNT,GDDY,GEN,IBM,INTU,MRVL,NOW,NTAP,NXPI,PANW,QCOM,ROP,TYL,VRSN,WDAY,AIZ,AJG,ARES,BRO,BX,FIS,GS,MA,MS,PRU,TROW,F,SBUX","APA,COP,XOM,BDX,BIIB,GILD,HCA,ISRG,MCK,MDT,MTD,REGN,TMO,ZBH,ZTS,AOS,CSX,EMR,HII,HUBB,ITW,JCI,LDOS,LHX,NOC,PCAR,TXT,WM,HSY,KR,PEP,STZ,TGT,WMT,ETR,NRG,PPL,CF,LYB,NEM"
2026-07-17,3,8,28,41,28,41,0.5,0.5,1.0,mixed,0.5161290322580645,0.3902439024390244,"ADSK,FLEX,FTNT,GDDY,GEN,IBM,INTU,MU,NOW,NTAP,PANW,QCOM,ROP,TYL,VRSN,WDAY,AIZ,AJG,ARES,BRO,GS,MA,MS,PRU,BBY,EBAY,F,WSM","APA,COP,DVN,XOM,BDX,COO,HCA,ISRG,JNJ,MCK,REGN,TMO,ZBH,ZTS,AOS,CSX,DOV,EMR,HII,HUBB,JCI,LDOS,LHX,ODFL,PCAR,PWR,TXT,WM,COST,HSY,KR,PEP,STZ,TGT,WMT,ATO,ETR,PPL,CF,LYB,NEM"
2026-07-24,3,8,24,38,24,38,0.5,0.5,1.0,mixed,0.5714285714285714,0.39024390243902435,"ADSK,FLEX,FTNT,GDDY,GEN,IBM,INTU,MU,NOW,NTAP,PANW,ROP,TYL,AJG,BAC,GS,JPM,PRU,BBY,EBAY,F,MGM,NVR,WSM","APA,COP,DVN,BDX,COO,HCA,ISRG,REGN,ZBH,ZTS,CPRT,CSX,DOV,EME,HII,HUBB,JCI,LDOS,LHX,PWR,TXT,WM,COST,HSY,KR,PEP,STZ,TGT,TSN,WMT,ATO,EIX,ETR,NI,PPL,CF,LYB,NEM"
